100000
100000
99999
99999
99998
99998
99998
99997
99996
99996
99994
99993
99992
99992
99992
99991
99990
99990
99988
99988
99986
99981
99980
99979
99978
99978
99978
99977
99977
99973
99973
99972
99972
99971
99965
99964
99963
99963
99963
99962
99961
99959
99958
99958
99958
99957
99957
99957
99956
99955
99954
99951
99950
99950
99950
99949
99949
99949
99947
99945
99944
99944
99943
99943
99942
99938
99936
99933
99932
99932
99932
99930
99929
99927
99925
99924
99924
99923
99923
99923
99922
99922
99922
99919
99919
99919
99917
99916
99915
99912
99911
99910
99910
99908
99907
99907
99906
99906
99904
99904
99903
99903
99903
99903
99902
99902
99901
99900
99899
99898
99894
99890
99889
99887
99884
99879
99879
99878
99878
99876
99876
99875
99874
99874
99871
99871
99870
99868
99867
99867
99865
99863
99863
99863
99860
99860
99860
99858
99855
99855
99854
99854
99854
99853
99852
99851
99851
99849
99844
99843
99841
99839
99837
99836
99835
99835
99835
99834
99833
99833
99832
99832
99832
99829
99827
99827
99825
99823
99823
99822
99821
99820
99820
99817
99816
99814
99812
99811
99811
99810
99809
99809
99809
99809
99808
99808
99807
99807
99802
99801
99801
99800
99800
99798
99797
99797
99796
99794
99794
99793
99793
99792
99792
99789
99789
99787
99786
99784
99783
99783
99782
99781
99781
99781
99780
99780
99777
99776
99776
99773
99772
99771
99770
99770
99769
99768
99766
99766
99765
99764
99763
99762
99761
99757
99757
99757
99757
99757
99754
99751
99748
99748
99747
99744
99743
99742
99741
99741
99741
99740
99736
99735
99732
99731
99729
99728
99726
99726
99726
99722
99721
99720
99719
99717
99717
99716
99715
99715
99712
99711
99711
99711
99710
99709
99708
99707
99706
99706
99706
99706
99704
99703
99703
99701
99701
99701
99700
99700
99698
99698
99698
99698
99697
99696
99695
99694
99693
99691
99690
99690
99689
99689
99688
99687
99686
99686
99684
99684
99683
99679
99678
99677
99675
99674
99673
99673
99673
99672
99672
99671
99671
99666
99666
99666
99664
99663
99663
99662
99662
99661
99660
99659
99658
99658
99658
99655
99655
99654
99654
99653
99652
99649
99646
99646
99644
99642
99641
99640
99639
99637
99637
99636
99636
99636
99635
99633
99633
99632
99632
99630
99629
99621
99621
99621
99621
99619
99616
99615
99614
99613
99612
99612
99610
99610
99610
99610
99609
99609
99605
99603
99602
99601
99600
99600
99597
99596
99595
99595
99594
99592
99592
99591
99590
99590
99589
99589
99589
99586
99585
99585
99582
99582
99581
99581
99581
99580
99580
99580
99579
99578
99578
99578
99578
99578
99577
99577
99576
99576
99575
99575
99574
99573
99573
99572
99572
99571
99571
99570
99568
99567
99566
99562
99562
99561
99561
99561
99560
99556
99556
99555
99554
99553
99552
99549
99548
99548
99546
99543
99543
99543
99542
99539
99539
99539
99538
99538
99538
99537
99537
99536
99535
99535
99533
99532
99529
99528
99527
99526
99526
99525
99525
99523
99523
99522
99521
99520
99520
99520
99519
99518
99518
99518
99518
99517
99516
99516
99516
99516
99514
99513
99512
99512
99511
99511
99509
99506
99503
99501
99501
99499
99499
99497
99497
99497
99496
99496
99495
99493
99493
99492
99492
99490
99489
99488
99486
99486
99484
99483
99483
99482
99482
99481
99481
99481
99479
99478
99477
99477
99476
99476
99474
99471
99470
99469
99469
99468
99468
99468
99467
99466
99465
99464
99461
99460
99458
99457
99456
99455
99454
99454
99452
99452
99450
99450
99449
99448
99446
99445
99443
99443
99442
99441
99441
99441
99440
99440
99440
99438
99438
99434
99434
99433
99431
99431
99430
99429
99428
99427
99426
99426
99426
99426
99424
99422
99422
99422
99420
99419
99417
99417
99417
99417
99415
99411
99411
99410
99409
99409
99409
99407
99407
99405
99405
99404
99401
99400
99398
99397
99396
99394
99393
99393
99386
99385
99385
99380
99379
99378
99377
99375
99374
99373
99370
99368
99367
99366
99364
99364
99362
99361
99361
99360
99360
99359
99359
99358
99358
99357
99353
99348
99346
99345
99345
99345
99341
99341
99340
99339
99339
99338
99338
99337
99337
99336
99336
99335
99335
99334
99334
99333
99332
99331
99330
99329
99328
99328
99325
99325
99324
99324
99321
99321
99320
99319
99318
99318
99317
99316
99313
99309
99308
99307
99305
99304
99303
99303
99302
99302
99300
99298
99296
99295
99288
99286
99284
99283
99282
99282
99281
99280
99278
99277
99276
99276
99275
99274
99271
99270
99266
99265
99263
99262
99261
99261
99260
99259
99257
99256
99256
99255
99253
99253
99252
99251
99249
99249
99249
99248
99244
99243
99241
99239
99236
99235
99235
99235
99232
99232
99232
99231
99228
99228
99227
99227
99227
99225
99225
99224
99223
99222
99222
99221
99220
99219
99217
99213
99208
99203
99202
99202
99202
99202
99200
99200
99196
99196
99195
99194
99193
99192
99191
99191
99190
99190
99189
99189
99188
99187
99185
99184
99184
99183
99183
99181
99181
99177
99174
99174
99174
99172
99170
99170
99168
99167
99166
99165
99162
99162
99161
99160
99159
99158
99158
99157
99156
99154
99154
99153
99153
99152
99150
99150
99149
99149
99148
99147
99146
99146
99145
99144
99143
99143
99143
99143
99142
99142
99139
99136
99135
99135
99134
99132
99131
99131
99131
99131
99130
99130
99129
99128
99126
99124
99124
99124
99124
99123
99123
99123
99121
99121
99119
99119
99116
99115
99114
99114
99113
99112
99112
99111
99111
99108
99108
99107
99105
99104
99104
99101
99101
99099
99099
99098
99094
99094
99094
99094
99093
99093
99091
99089
99089
99087
99087
99082
99081
99081
99079
99078
99078
99077
99074
99073
99070
99069
99069
99068
99068
99068
99067
99067
99067
99066
99063
99063
99062
99059
99058
99057
99057
99055
99055
99055
99055
99054
99051
99051
99050
99049
99048
99047
99046
99043
99043
99042
99041
99041
99040
99038
99037
99036
99036
99036
99036
99034
99032
99030
99029
99028
99027
99026
99026
99025
99024
99023
99022
99021
99019
99018
99017
99017
99017
99016
99016
99015
99014
99014
99013
99012
99011
99010
99010
99006
99006
99005
99003
99002
99001
99000
98999
98999
98998
98998
98997
98996
98995
98994
98994
98990
98989
98989
98988
98987
98987
98987
98985
98984
98983
98982
98981
98980
98980
98977
98976
98972
98972
98971
98969
98968
98966
98965
98965
98963
98963
98962
98962
98959
98957
98957
98954
98954
98953
98952
98949
98947
98947
98943
98942
98941
98940
98939
98938
98938
98938
98937
98937
98934
98933
98928
98927
98926
98925
98925
98924
98923
98921
98921
98920
98920
98918
98918
98917
98917
98915
98912
98911
98910
98909
98909
98906
98905
98905
98903
98902
98902
98902
98901
98899
98897
98897
98894
98894
98889
98888
98888
98886
98884
98884
98884
98883
98883
98881
98880
98879
98879
98878
98877
98876
98876
98875
98874
98872
98872
98871
98867
98867
98866
98865
98865
98865
98861
98860
98858
98858
98856
98856
98856
98856
98856
98855
98855
98855
98852
98851
98850
98849
98849
98847
98846
98846
98846
98844
98844
98844
98843
98843
98841
98841
98841
98839
98838
98837
98836
98836
98835
98835
98835
98835
98835
98835
98835
98833
98831
98829
98826
98826
98826
98825
98824
98823
98823
98822
98820
98819
98817
98817
98816
98815
98814
98814
98812
98812
98812
98811
98810
98809
98808
98808
98807
98805
98803
98801
98799
98799
98798
98797
98796
98795
98794
98792
98791
98789
98788
98786
98785
98784
98783
98781
98781
98781
98779
98779
98777
98777
98776
98775
98774
98774
98774
98772
98772
98772
98771
98766
98766
98765
98761
98760
98759
98757
98757
98755
98754
98753
98753
98753
98752
98749
98749
98747
98746
98746
98745
98741
98739
98739
98738
98736
98732
98728
98727
98725
98723
98723
98721
98721
98720
98718
98717
98717
98717
98716
98716
98715
98715
98714
98713
98713
98711
98711
98711
98711
98709
98709
98706
98704
98704
98704
98704
98703
98703
98702
98702
98701
98701
98700
98700
98700
98699
98698
98698
98697
98697
98697
98696
98695
98695
98695
98694
98694
98694
98694
98694
98693
98692
98692
98692
98692
98691
98690
98687
98687
98687
98685
98684
98681
98681
98679
98675
98674
98673
98672
98672
98670
98669
98668
98668
98666
98666
98666
98664
98662
98661
98661
98661
98660
98660
98659
98659
98658
98657
98654
98654
98648
98644
98643
98642
98640
98637
98637
98636
98636
98634
98631
98629
98628
98626
98625
98624
98622
98622
98621
98621
98620
98618
98616
98614
98612
98611
98610
98610
98610
98608
98608
98607
98606
98605
98605
98605
98604
98602
98601
98601
98601
98601
98599
98598
98598
98594
98594
98593
98592
98591
98591
98590
98590
98589
98589
98588
98588
98587
98587
98584
98584
98584
98584
98584
98583
98582
98582
98581
98581
98581
98580
98580
98580
98578
98576
98574
98574
98569
98568
98567
98563
98562
98562
98561
98561
98561
98559
98559
98557
98555
98555
98553
98551
98551
98550
98550
98548
98547
98546
98545
98542
98542
98542
98541
98539
98538
98538
98538
98538
98536
98535
98533
98532
98532
98532
98531
98530
98527
98526
98526
98526
98526
98525
98524
98523
98522
98521
98521
98519
98519
98519
98518
98518
98517
98516
98516
98515
98510
98510
98508
98506
98506
98505
98503
98503
98503
98502
98501
98501
98501
98498
98497
98496
98496
98495
98494
98493
98490
98490
98488
98487
98487
98486
98486
98486
98486
98486
98482
98481
98480
98479
98478
98475
98470
98470
98468
98465
98464
98464
98464
98464
98464
98464
98462
98462
98461
98460
98460
98458
98458
98458
98457
98455
98453
98452
98452
98451
98449
98449
98446
98446
98444
98442
98441
98439
98439
98436
98435
98434
98430
98430
98429
98429
98428
98428
98428
98427
98426
98426
98425
98424
98423
98422
98420
98417
98416
98416
98416
98416
98412
98411
98408
98407
98407
98407
98406
98406
98404
98404
98403
98403
98403
98403
98401
98398
98397
98396
98396
98394
98394
98392
98392
98392
98390
98390
98390
98389
98388
98386
98385
98385
98384
98384
98384
98381
98380
98379
98377
98376
98376
98372
98371
98370
98367
98367
98366
98365
98364
98364
98363
98363
98360
98358
98355
98354
98353
98351
98351
98350
98349
98349
98347
98347
98346
98346
98345
98345
98344
98343
98342
98342
98338
98337
98336
98335
98335
98334
98334
98333
98333
98332
98331
98329
98329
98329
98328
98327
98324
98323
98321
98321
98320
98320
98320
98319
98319
98319
98319
98316
98314
98314
98313
98313
98312
98311
98307
98307
98307
98307
98307
98307
98305
98304
98304
98303
98303
98302
98302
98301
98299
98298
98298
98298
98297
98296
98295
98294
98293
98291
98291
98290
98290
98288
98286
98283
98280
98280
98279
98279
98279
98277
98277
98276
98276
98275
98274
98272
98271
98270
98266
98262
98262
98262
98260
98259
98258
98256
98256
98255
98255
98253
98252
98252
98251
98250
98249
98249
98249
98249
98248
98246
98245
98245
98245
98245
98243
98242
98242
98242
98241
98235
98234
98233
98231
98229
98228
98228
98228
98227
98226
98225
98225
98224
98223
98223
98221
98220
98217
98217
98217
98216
98216
98216
98214
98213
98213
98211
98209
98209
98209
98208
98206
98205
98205
98205
98204
98203
98202
98201
98200
98199
98199
98198
98198
98196
98196
98195
98193
98193
98193
98193
98190
98189
98189
98188
98187
98186
98185
98184
98184
98184
98183
98182
98182
98181
98180
98178
98178
98177
98177
98176
98175
98175
98175
98174
98174
98173
98173
98171
98170
98170
98170
98169
98168
98167
98167
98166
98165
98163
98163
98163
98161
98161
98160
98160
98159
98157
98156
98155
98155
98155
98152
98152
98151
98151
98150
98149
98145
98143
98142
98141
98141
98140
98137
98137
98136
98135
98131
98130
98128
98127
98127
98126
98126
98126
98126
98125
98125
98124
98124
98123
98123
98122
98118
98117
98117
98116
98116
98115
98112
98111
98110
98109
98109
98106
98106
98105
98104
98102
98101
98101
98100
98099
98098
98098
98098
98098
98098
98095
98093
98091
98091
98091
98089
98087
98087
98087
98087
98087
98085
98083
98083
98083
98082
98080
98079
98079
98077
98076
98076
98075
98074
98074
98073
98073
98072
98072
98072
98071
98070
98070
98070
98068
98066
98064
98064
98064
98062
98059
98059
98057
98055
98055
98055
98054
98053
98052
98052
98052
98049
98049
98049
98048
98048
98046
98044
98044
98044
98043
98042
98042
98042
98042
98040
98040
98038
98036
98035
98035
98035
98033
98033
98032
98032
98032
98031
98031
98029
98028
98027
98026
98026
98025
98023
98023
98022
98021
98020
98019
98019
98018
98017
98017
98017
98015
98014
98013
98012
98011
98010
98008
98008
98008
98006
98005
98004
98004
98004
98003
98002
98002
98002
98002
97997
97997
97995
97994
97993
97993
97992
97989
97988
97988
97987
97987
97986
97986
97983
97983
97982
97979
97979
97979
97978
97978
97977
97977
97976
97976
97973
97973
97973
97971
97971
97970
97970
97969
97967
97965
97964
97963
97959
97959
97959
97958
97958
97955
97955
97955
97954
97954
97953
97950
97950
97949
97948
97948
97947
97946
97946
97945
97945
97943
97943
97942
97941
97940
97940
97939
97938
97935
97935
97935
97934
97933
97932
97932
97932
97932
97931
97931
97931
97930
97928
97928
97928
97928
97928
97927
97926
97923
97923
97923
97922
97922
97921
97921
97920
97919
97919
97916
97915
97915
97913
97912
97912
97910
97907
97906
97904
97903
97903
97902
97902
97901
97900
97899
97899
97898
97897
97897
97896
97895
97891
97891
97891
97890
97890
97888
97888
97886
97882
97881
97881
97878
97873
97873
97873
97871
97869
97869
97868
97866
97866
97864
97864
97863
97863
97861
97858
97858
97858
97857
97857
97856
97855
97854
97854
97853
97852
97850
97848
97848
97847
97846
97845
97844
97844
97842
97841
97839
97839
97838
97837
97837
97836
97836
97836
97835
97834
97834
97833
97833
97830
97828
97828
97828
97827
97827
97826
97824
97824
97824
97823
97823
97821
97820
97819
97818
97818
97817
97817
97817
97817
97814
97813
97813
97811
97811
97809
97809
97808
97807
97807
97806
97805
97803
97802
97802
97798
97797
97797
97797
97795
97795
97795
97794
97793
97793
97792
97792
97790
97787
97787
97787
97785
97785
97784
97783
97781
97777
97777
97775
97774
97774
97774
97772
97771
97770
97769
97767
97767
97766
97765
97764
97764
97763
97762
97761
97760
97760
97759
97757
97757
97754
97754
97750
97750
97748
97747
97746
97745
97745
97744
97744
97744
97741
97741
97738
97737
97736
97733
97733
97732
97730
97730
97730
97729
97729
97729
97727
97727
97727
97724
97724
97722
97722
97721
97720
97717
97715
97714
97714
97713
97712
97712
97711
97710
97709
97709
97709
97707
97707
97706
97705
97702
97701
97701
97701
97699
97698
97698
97698
97697
97696
97693
97693
97692
97692
97691
97690
97690
97689
97688
97687
97687
97687
97685
97684
97682
97681
97681
97680
97679
97679
97679
97678
97678
97676
97676
97676
97674
97674
97673
97673
97672
97671
97671
97670
97668
97667
97667
97666
97666
97665
97665
97664
97663
97663
97661
97661
97661
97660
97660
97660
97659
97658
97656
97656
97656
97655
97655
97654
97652
97652
97649
97649
97647
97646
97644
97643
97643
97642
97642
97642
97641
97640
97637
97637
97637
97635
97634
97632
97632
97632
97631
97630
97629
97627
97624
97623
97623
97621
97620
97620
97620
97618
97618
97618
97615
97614
97612
97609
97609
97608
97605
97604
97604
97604
97602
97602
97601
97600
97600
97600
97598
97598
97597
97596
97595
97594
97593
97592
97592
97592
97592
97591
97591
97590
97590
97589
97589
97587
97581
97581
97581
97580
97579
97579
97578
97578
97578
97578
97574
97571
97570
97570
97568
97567
97566
97564
97563
97561
97560
97560
97560
97557
97556
97554
97551
97548
97548
97548
97547
97547
97547
97547
97545
97544
97544
97543
97543
97543
97542
97542
97541
97541
97540
97537
97537
97535
97535
97534
97533
97531
97531
97531
97531
97530
97528
97527
97527
97525
97520
97520
97519
97518
97518
97518
97517
97517
97515
97515
97514
97514
97513
97513
97512
97511
97509
97509
97507
97506
97505
97505
97504
97504
97502
97501
97501
97501
97500
97500
97500
97499
97499
97499
97498
97498
97495
97492
97492
97491
97490
97490
97490
97488
97488
97488
97487
97487
97487
97486
97479
97479
97477
97476
97476
97476
97476
97475
97474
97473
97473
97473
97472
97472
97472
97471
97471
97471
97470
97469
97468
97466
97465
97458
97456
97456
97455
97455
97454
97452
97452
97452
97451
97450
97447
97446
97443
97443
97439
97438
97438
97437
97437
97436
97436
97434
97433
97433
97433
97431
97430
97429
97428
97426
97425
97424
97424
97424
97424
97423
97423
97423
97422
97422
97421
97420
97418
97417
97414
97414
97414
97412
97411
97410
97410
97409
97409
97409
97408
97408
97406
97405
97405
97402
97401
97401
97400
97398
97395
97394
97391
97390
97388
97387
97386
97385
97385
97384
97384
97384
97383
97380
97380
97379
97379
97378
97378
97378
97377
97371
97371
97371
97371
97369
97369
97368
97366
97365
97365
97365
97364
97364
97364
97363
97361
97361
97360
97359
97357
97356
97355
97354
97352
97352
97351
97348
97348
97347
97346
97346
97345
97344
97344
97344
97344
97343
97343
97340
97340
97339
97338
97337
97337
97335
97334
97334
97333
97332
97332
97331
97331
97330
97328
97328
97328
97328
97327
97326
97325
97324
97324
97324
97323
97323
97323
97322
97320
97318
97314
97311
97310
97306
97305
97304
97303
97302
97301
97301
97297
97297
97297
97297
97296
97295
97295
97294
97291
97291
97290
97290
97289
97288
97286
97286
97283
97282
97282
97279
97278
97278
97278
97274
97273
97272
97269
97269
97265
97262
97261
97260
97260
97260
97259
97255
97255
97254
97254
97254
97253
97251
97250
97249
97248
97248
97247
97246
97246
97244
97243
97240
97240
97240
97238
97234
97233
97232
97230
97228
97227
97226
97224
97223
97223
97223
97223
97222
97221
97221
97221
97220
97220
97219
97218
97218
97217
97217
97216
97216
97213
97209
97208
97207
97205
97205
97205
97203
97202
97202
97201
97201
97201
97200
97199
97197
97197
97195
97195
97195
97192
97191
97190
97188
97188
97182
97182
97181
97179
97178
97176
97175
97173
97173
97170
97170
97169
97169
97169
97167
97167
97166
97164
97164
97164
97164
97163
97161
97161
97161
97161
97161
97161
97160
97159
97158
97157
97157
97156
97154
97154
97152
97152
97151
97151
97149
97148
97148
97148
97148
97148
97147
97146
97146
97145
97145
97145
97145
97143
97142
97138
97137
97136
97135
97134
97134
97133
97132
97132
97132
97130
97130
97128
97127
97127
97127
97127
97126
97126
97126
97125
97122
97122
97121
97121
97120
97120
97120
97117
97114
97112
97110
97110
97108
97104
97102
97102
97100
97100
97099
97099
97097
97097
97096
97096
97096
97095
97093
97092
97091
97090
97088
97085
97081
97081
97081
97081
97081
97079
97078
97076
97076
97074
97073
97072
97070
97069
97068
97067
97067
97067
97067
97067
97066
97065
97064
97064
97064
97063
97062
97061
97060
97058
97058
97057
97057
97057
97056
97054
97054
97053
97053
97053
97052
97050
97049
97049
97048
97047
97046
97046
97042
97041
97040
97038
97036
97035
97034
97032
97032
97032
97031
97030
97029
97029
97026
97024
97019
97018
97017
97016
97016
97016
97016
97015
97015
97014
97010
97010
97010
97009
97007
97006
97006
97005
97004
97002
97001
97001
97000
97000
96999
96998
96998
96996
96994
96994
96993
96992
96991
96990
96990
96990
96989
96987
96986
96986
96985
96985
96984
96982
96982
96981
96981
96980
96978
96975
96975
96974
96974
96971
96969
96969
96967
96965
96963
96963
96962
96959
96959
96958
96958
96958
96956
96955
96955
96953
96951
96950
96950
96949
96946
96943
96939
96937
96936
96935
96934
96934
96933
96932
96931
96930
96930
96929
96927
96927
96927
96926
96926
96926
96926
96924
96924
96924
96922
96922
96921
96920
96920
96919
96918
96918
96917
96916
96914
96914
96914
96913
96912
96912
96910
96909
96907
96906
96905
96905
96903
96903
96902
96901
96901
96901
96899
96899
96898
96897
96896
96893
96892
96890
96890
96888
96888
96888
96887
96886
96885
96884
96883
96882
96880
96880
96879
96878
96876
96874
96873
96873
96869
96868
96867
96867
96866
96866
96866
96864
96862
96862
96861
96861
96861
96860
96860
96860
96859
96856
96856
96855
96850
96850
96849
96847
96845
96845
96844
96843
96843
96842
96840
96838
96837
96835
96834
96831
96830
96829
96828
96827
96825
96824
96820
96820
96819
96817
96815
96815
96814
96813
96811
96811
96810
96810
96807
96805
96805
96805
96803
96802
96802
96802
96801
96797
96796
96796
96795
96795
96794
96794
96794
96794
96791
96791
96790
96790
96790
96790
96789
96789
96789
96789
96788
96787
96787
96786
96785
96783
96781
96778
96778
96777
96777
96776
96774
96773
96772
96770
96768
96768
96764
96762
96761
96759
96759
96758
96757
96756
96755
96754
96751
96749
96748
96748
96748
96746
96744
96742
96740
96740
96739
96738
96735
96733
96733
96730
96728
96727
96727
96726
96724
96723
96723
96721
96720
96719
96718
96716
96714
96711
96711
96710
96709
96708
96708
96707
96705
96705
96705
96704
96704
96703
96702
96701
96701
96700
96700
96700
96700
96699
96699
96698
96696
96695
96694
96693
96693
96692
96691
96690
96689
96688
96687
96687
96685
96685
96684
96683
96682
96680
96677
96673
96672
96672
96671
96668
96668
96663
96661
96661
96659
96659
96658
96657
96656
96656
96655
96655
96654
96652
96651
96650
96649
96647
96644
96644
96644
96643
96642
96642
96642
96642
96641
96641
96639
96639
96639
96639
96638
96638
96637
96636
96636
96634
96634
96633
96632
96631
96628
96627
96626
96625
96625
96624
96623
96623
96623
96622
96621
96621
96621
96620
96620
96619
96618
96617
96616
96614
96613
96611
96611
96608
96607
96605
96605
96604
96603
96603
96601
96600
96600
96599
96599
96599
96599
96599
96599
96598
96595
96594
96593
96592
96592
96591
96591
96590
96590
96589
96588
96588
96587
96587
96586
96586
96585
96585
96583
96582
96582
96582
96581
96581
96580
96579
96579
96578
96577
96576
96573
96572
96572
96571
96571
96569
96569
96568
96568
96568
96567
96567
96566
96564
96564
96564
96563
96563
96561
96559
96559
96557
96557
96557
96557
96556
96556
96554
96553
96552
96551
96550
96548
96546
96544
96543
96543
96540
96539
96539
96537
96536
96535
96534
96533
96533
96532
96530
96530
96529
96527
96527
96527
96525
96524
96522
96522
96520
96520
96520
96519
96517
96517
96516
96516
96515
96513
96512
96511
96509
96507
96507
96505
96505
96503
96502
96500
96499
96497
96497
96496
96496
96495
96494
96493
96493
96491
96490
96488
96488
96487
96486
96486
96483
96480
96480
96478
96478
96477
96474
96474
96474
96474
96474
96474
96473
96473
96473
96472
96471
96471
96471
96467
96465
96465
96463
96461
96460
96459
96458
96456
96455
96455
96453
96452
96450
96449
96448
96447
96446
96446
96444
96443
96443
96440
96440
96439
96439
96439
96437
96437
96437
96437
96435
96435
96431
96430
96427
96426
96424
96422
96421
96420
96418
96418
96417
96417
96415
96413
96412
96411
96411
96410
96409
96409
96409
96409
96408
96408
96407
96407
96403
96403
96402
96399
96398
96398
96397
96397
96396
96394
96394
96393
96393
96392
96391
96391
96390
96390
96389
96387
96387
96387
96386
96383
96382
96382
96381
96380
96379
96378
96378
96377
96377
96377
96375
96375
96375
96375
96372
96367
96365
96364
96364
96364
96363
96360
96359
96359
96358
96356
96355
96354
96354
96354
96354
96353
96352
96352
96352
96351
96350
96348
96348
96347
96346
96344
96344
96341
96341
96341
96339
96339
96339
96336
96335
96334
96332
96332
96330
96328
96326
96326
96325
96323
96322
96322
96322
96321
96320
96319
96315
96315
96311
96310
96310
96309
96309
96308
96305
96305
96304
96304
96301
96301
96300
96300
96298
96295
96294
96294
96292
96291
96291
96285
96285
96284
96280
96279
96279
96278
96277
96277
96277
96276
96274
96274
96271
96271
96270
96269
96269
96268
96267
96267
96266
96266
96265
96264
96264
96264
96261
96261
96260
96259
96258
96257
96256
96255
96255
96254
96254
96253
96252
96251
96249
96249
96249
96246
96245
96244
96242
96241
96240
96240
96239
96236
96235
96235
96234
96234
96234
96233
96233
96233
96231
96231
96230
96230
96227
96227
96226
96226
96225
96225
96225
96223
96223
96221
96221
96220
96220
96218
96218
96218
96218
96217
96216
96215
96214
96212
96211
96211
96210
96208
96208
96206
96206
96205
96205
96203
96203
96202
96202
96199
96199
96197
96194
96193
96193
96193
96192
96191
96189
96188
96187
96187
96186
96186
96185
96185
96185
96182
96182
96180
96179
96177
96177
96175
96173
96170
96170
96169
96168
96168
96165
96164
96164
96163
96163
96162
96161
96160
96160
96159
96159
96158
96158
96156
96155
96154
96152
96151
96150
96148
96147
96146
96146
96145
96144
96142
96142
96142
96141
96140
96137
96136
96134
96134
96134
96133
96133
96133
96132
96132
96132
96132
96130
96130
96129
96129
96126
96126
96125
96125
96124
96123
96122
96122
96122
96122
96120
96120
96117
96115
96114
96113
96113
96113
96107
96104
96104
96104
96104
96103
96102
96102
96100
96098
96098
96097
96096
96096
96095
96095
96092
96092
96092
96090
96090
96089
96088
96087
96086
96084
96083
96082
96082
96082
96080
96080
96079
96078
96075
96075
96075
96074
96074
96074
96072
96070
96069
96067
96066
96066
96065
96062
96060
96059
96057
96057
96056
96054
96054
96053
96052
96051
96051
96048
96047
96046
96045
96045
96045
96044
96043
96041
96041
96041
96040
96040
96036
96036
96035
96035
96034
96033
96031
96030
96029
96029
96028
96028
96027
96027
96027
96026
96025
96024
96021
96020
96020
96019
96018
96017
96015
96014
96013
96013
96012
96012
96012
96010
96009
96009
96008
96005
96005
96004
96001
96001
96000
96000
95999
95998
95998
95997
95996
95995
95994
95992
95991
95990
95990
95988
95986
95986
95985
95984
95981
95981
95980
95980
95980
95979
95975
95975
95975
95975
95975
95973
95972
95971
95970
95969
95968
95968
95966
95966
95966
95965
95965
95964
95964
95963
95962
95962
95959
95959
95956
95955
95954
95953
95952
95950
95949
95948
95946
95946
95945
95944
95943
95943
95941
95941
95941
95940
95938
95937
95935
95933
95933
95932
95930
95929
95928
95927
95927
95927
95926
95926
95925
95924
95924
95923
95923
95922
95921
95920
95918
95917
95917
95917
95915
95914
95913
95913
95912
95912
95911
95911
95910
95910
95908
95907
95906
95903
95903
95902
95901
95900
95900
95898
95897
95896
95895
95895
95894
95892
95888
95884
95884
95881
95880
95880
95880
95880
95877
95874
95873
95873
95872
95872
95872
95872
95872
95871
95870
95870
95870
95870
95869
95867
95867
95866
95865
95862
95862
95861
95860
95860
95859
95859
95858
95858
95858
95857
95853
95853
95852
95851
95849
95848
95847
95846
95845
95845
95845
95845
95845
95844
95841
95839
95838
95838
95836
95836
95835
95835
95834
95834
95834
95834
95833
95830
95828
95828
95828
95822
95819
95818
95817
95816
95816
95815
95814
95814
95814
95812
95812
95812
95811
95810
95810
95808
95807
95805
95804
95804
95804
95803
95802
95802
95802
95802
95799
95799
95798
95798
95798
95797
95796
95795
95794
95793
95793
95793
95792
95791
95790
95788
95780
95779
95777
95772
95772
95771
95770
95768
95767
95767
95766
95765
95764
95763
95760
95757
95757
95757
95757
95754
95752
95752
95752
95752
95750
95750
95749
95749
95746
95745
95744
95743
95743
95742
95741
95741
95740
95740
95739
95738
95735
95734
95734
95733
95733
95733
95733
95730
95729
95726
95723
95723
95723
95722
95721
95721
95720
95720
95719
95719
95719
95716
95715
95715
95715
95714
95714
95714
95712
95711
95711
95706
95706
95706
95705
95704
95704
95704
95702
95700
95699
95699
95698
95697
95697
95695
95694
95694
95692
95692
95692
95692
95691
95691
95690
95689
95689
95689
95689
95687
95685
95684
95684
95683
95681
95680
95679
95678
95678
95677
95676
95676
95675
95674
95674
95673
95672
95672
95672
95669
95669
95667
95665
95664
95664
95663
95663
95661
95656
95656
95655
95654
95654
95653
95649
95649
95648
95645
95644
95641
95641
95641
95640
95639
95638
95638
95638
95637
95635
95634
95634
95633
95632
95630
95629
95629
95628
95625
95625
95624
95623
95621
95621
95619
95617
95615
95613
95613
95611
95610
95609
95608
95608
95607
95607
95606
95605
95604
95604
95603
95601
95599
95597
95592
95591
95591
95589
95588
95588
95588
95587
95580
95574
95573
95572
95572
95572
95571
95570
95569
95568
95568
95565
95565
95564
95564
95562
95562
95560
95558
95555
95552
95552
95550
95549
95549
95548
95545
95544
95543
95543
95543
95542
95541
95541
95541
95540
95540
95540
95539
95536
95533
95533
95532
95531
95530
95529
95528
95527
95527
95526
95526
95525
95524
95520
95517
95517
95515
95512
95511
95510
95509
95509
95508
95508
95507
95506
95505
95504
95503
95503
95501
95499
95498
95498
95496
95495
95495
95494
95493
95490
95490
95489
95489
95487
95487
95486
95486
95485
95483
95479
95477
95476
95476
95475
95475
95475
95473
95472
95472
95472
95472
95468
95467
95465
95462
95462
95461
95461
95460
95457
95455
95454
95453
95452
95449
95446
95446
95445
95444
95443
95440
95440
95440
95439
95437
95434
95434
95434
95433
95432
95430
95429
95428
95428
95427
95427
95427
95426
95426
95425
95424
95422
95421
95420
95418
95417
95414
95413
95412
95412
95412
95411
95411
95410
95410
95408
95407
95407
95406
95406
95404
95404
95403
95403
95402
95402
95401
95400
95399
95399
95399
95397
95396
95390
95389
95388
95387
95386
95384
95382
95382
95381
95378
95378
95376
95376
95376
95373
95372
95371
95370
95370
95367
95367
95363
95362
95360
95360
95360
95360
95358
95357
95356
95355
95353
95351
95348
95347
95346
95346
95345
95345
95344
95342
95340
95340
95339
95337
95337
95336
95335
95333
95333
95332
95332
95332
95331
95331
95326
95326
95325
95324
95324
95323
95323
95321
95321
95319
95318
95317
95316
95314
95313
95312
95312
95311
95310
95310
95309
95309
95308
95308
95308
95307
95304
95303
95303
95303
95301
95300
95300
95298
95297
95296
95295
95294
95294
95294
95292
95292
95291
95287
95285
95283
95278
95277
95276
95272
95272
95272
95270
95270
95269
95269
95268
95266
95266
95266
95265
95263
95262
95260
95259
95258
95255
95255
95254
95254
95252
95251
95248
95248
95247
95247
95243
95241
95241
95240
95240
95238
95237
95237
95237
95237
95234
95233
95230
95230
95229
95227
95226
95226
95224
95223
95222
95222
95220
95219
95218
95218
95218
95216
95216
95216
95215
95215
95214
95210
95209
95208
95208
95207
95207
95206
95203
95202
95201
95201
95199
95199
95196
95196
95195
95194
95193
95193
95191
95191
95191
95191
95190
95190
95189
95184
95184
95181
95180
95178
95178
95178
95177
95177
95176
95176
95174
95171
95170
95170
95169
95169
95168
95168
95167
95165
95164
95163
95163
95162
95161
95160
95159
95159
95158
95158
95158
95157
95157
95155
95154
95154
95153
95153
95151
95151
95151
95150
95150
95150
95148
95146
95146
95146
95144
95142
95139
95136
95136
95135
95134
95130
95129
95129
95128
95128
95128
95127
95125
95125
95123
95121
95120
95120
95120
95118
95117
95116
95115
95113
95113
95113
95112
95105
95105
95104
95103
95102
95102
95102
95102
95101
95100
95098
95097
95097
95097
95096
95096
95094
95093
95090
95090
95089
95089
95088
95088
95087
95084
95083
95083
95083
95082
95082
95082
95080
95079
95076
95076
95072
95072
95072
95069
95069
95069
95068
95066
95065
95065
95065
95064
95063
95062
95061
95061
95060
95060
95059
95059
95058
95058
95058
95057
95055
95054
95054
95053
95053
95052
95052
95051
95050
95050
95050
95050
95050
95049
95049
95048
95048
95047
95046
95045
95044
95043
95042
95042
95042
95042
95041
95039
95039
95036
95036
95036
95034
95034
95033
95031
95030
95027
95026
95025
95025
95025
95025
95025
95025
95025
95024
95022
95022
95022
95021
95021
95020
95020
95020
95015
95015
95013
95012
95012
95011
95011
95010
95006
95006
95005
95003
95002
95002
95002
95002
95001
95000
94997
94996
94994
94994
94993
94993
94993
94992
94992
94988
94987
94986
94984
94981
94981
94981
94981
94979
94979
94976
94975
94973
94972
94971
94965
94964
94964
94963
94962
94962
94961
94961
94961
94960
94960
94959
94958
94955
94955
94952
94952
94951
94949
94948
94947
94946
94945
94945
94944
94942
94942
94942
94941
94940
94940
94939
94938
94937
94935
94935
94934
94934
94932
94932
94931
94930
94928
94927
94927
94926
94925
94924
94924
94923
94921
94919
94916
94916
94915
94915
94915
94915
94914
94914
94913
94912
94910
94910
94910
94909
94909
94909
94907
94907
94901
94900
94900
94900
94897
94894
94891
94891
94890
94890
94890
94888
94887
94886
94885
94884
94883
94882
94881
94880
94880
94879
94878
94875
94874
94874
94871
94870
94870
94867
94867
94867
94866
94862
94861
94861
94861
94860
94859
94859
94859
94859
94858
94857
94856
94856
94856
94855
94855
94854
94854
94854
94854
94851
94848
94848
94847
94845
94843
94843
94842
94840
94840
94839
94839
94837
94836
94832
94832
94829
94829
94828
94827
94826
94825
94822
94821
94820
94817
94816
94814
94814
94812
94812
94811
94811
94810
94809
94809
94808
94807
94805
94805
94804
94804
94804
94804
94803
94803
94801
94798
94798
94795
94795
94794
94793
94793
94793
94793
94792
94792
94791
94791
94791
94789
94789
94787
94785
94785
94784
94783
94782
94782
94781
94780
94779
94779
94779
94774
94774
94773
94772
94771
94771
94770
94768
94768
94767
94764
94764
94763
94763
94761
94758
94758
94758
94758
94756
94755
94753
94753
94752
94752
94752
94751
94750
94748
94748
94746
94745
94745
94745
94744
94744
94744
94743
94743
94742
94742
94740
94740
94739
94739
94738
94738
94738
94737
94737
94736
94735
94733
94733
94733
94733
94732
94730
94730
94729
94729
94727
94727
94727
94727
94727
94726
94725
94725
94724
94722
94720
94720
94719
94718
94715
94715
94713
94711
94711
94710
94703
94703
94703
94701
94701
94700
94699
94698
94698
94695
94695
94694
94694
94694
94693
94692
94692
94691
94689
94686
94683
94682
94682
94681
94681
94680
94680
94680
94680
94679
94679
94678
94676
94675
94675
94675
94674
94673
94673
94672
94669
94669
94669
94668
94667
94667
94665
94663
94663
94663
94662
94661
94660
94659
94658
94657
94657
94655
94653
94649
94648
94648
94646
94645
94644
94644
94643
94642
94642
94642
94641
94640
94640
94635
94634
94632
94632
94631
94628
94627
94627
94626
94624
94623
94622
94620
94620
94620
94620
94619
94619
94617
94616
94615
94614
94614
94614
94612
94611
94611
94610
94609
94609
94608
94606
94602
94602
94602
94600
94600
94599
94599
94599
94599
94597
94597
94597
94596
94594
94592
94591
94590
94589
94588
94586
94586
94585
94584
94582
94581
94580
94578
94578
94576
94576
94572
94571
94570
94570
94570
94567
94567
94567
94566
94566
94566
94566
94565
94563
94563
94562
94562
94561
94559
94559
94557
94556
94556
94551
94550
94545
94544
94543
94542
94540
94539
94538
94538
94537
94537
94536
94536
94534
94534
94532
94530
94530
94530
94528
94527
94526
94525
94522
94521
94520
94519
94519
94518
94518
94516
94515
94515
94514
94513
94511
94510
94507
94504
94503
94502
94501
94498
94497
94497
94497
94496
94495
94494
94493
94492
94492
94491
94490
94490
94489
94487
94486
94485
94484
94482
94481
94480
94480
94479
94478
94477
94477
94477
94476
94476
94476
94475
94472
94471
94470
94465
94465
94464
94463
94463
94463
94462
94461
94459
94459
94459
94457
94457
94456
94456
94454
94454
94454
94453
94453
94452
94450
94448
94445
94444
94444
94440
94439
94439
94438
94436
94436
94436
94435
94435
94434
94434
94433
94433
94432
94432
94432
94431
94430
94430
94430
94429
94429
94428
94426
94424
94424
94423
94422
94422
94419
94418
94417
94417
94416
94414
94413
94413
94411
94411
94409
94409
94408
94405
94404
94402
94402
94401
94398
94397
94394
94394
94394
94391
94391
94390
94387
94386
94384
94383
94381
94380
94376
94376
94376
94375
94374
94373
94370
94370
94369
94369
94369
94368
94365
94364
94364
94360
94360
94359
94358
94356
94355
94354
94353
94353
94351
94350
94350
94349
94349
94349
94348
94347
94347
94346
94345
94345
94345
94343
94340
94339
94336
94335
94334
94334
94332
94331
94331
94331
94330
94328
94327
94323
94319
94315
94313
94311
94310
94310
94309
94307
94307
94307
94307
94306
94306
94305
94303
94303
94303
94302
94302
94302
94301
94300
94300
94300
94300
94299
94299
94299
94298
94297
94296
94292
94291
94291
94290
94290
94289
94289
94289
94288
94288
94288
94287
94285
94284
94284
94283
94283
94281
94278
94277
94277
94276
94275
94273
94272
94272
94271
94271
94269
94269
94269
94267
94266
94265
94264
94264
94263
94262
94260
94259
94259
94259
94258
94258
94258
94258
94257
94255
94254
94254
94254
94251
94249
94248
94248
94247
94247
94247
94246
94246
94245
94243
94241
94237
94237
94236
94236
94228
94227
94226
94223
94222
94221
94221
94219
94219
94218
94216
94216
94216
94216
94215
94214
94211
94210
94210
94210
94209
94208
94207
94207
94207
94206
94204
94204
94202
94201
94199
94198
94198
94197
94193
94193
94191
94189
94188
94188
94188
94188
94185
94185
94184
94183
94183
94182
94181
94177
94177
94174
94174
94173
94171
94169
94166
94166
94166
94164
94164
94161
94161
94161
94160
94159
94158
94158
94157
94157
94157
94156
94156
94155
94153
94153
94152
94151
94146
94145
94143
94142
94141
94140
94140
94140
94135
94135
94135
94134
94134
94132
94130
94129
94126
94125
94125
94125
94125
94125
94125
94124
94124
94123
94123
94122
94120
94119
94118
94117
94117
94117
94116
94115
94114
94112
94112
94111
94110
94109
94108
94107
94106
94105
94104
94104
94104
94102
94101
94101
94100
94099
94098
94097
94097
94096
94096
94094
94094
94093
94089
94089
94089
94089
94089
94086
94086
94085
94081
94081
94081
94080
94080
94078
94077
94075
94073
94072
94072
94071
94069
94068
94068
94068
94067
94066
94064
94061
94060
94059
94055
94054
94054
94053
94053
94052
94052
94052
94051
94049
94049
94049
94048
94047
94047
94046
94044
94042
94041
94040
94040
94036
94035
94035
94035
94033
94032
94031
94030
94030
94029
94029
94028
94028
94027
94026
94026
94024
94024
94024
94023
94023
94022
94022
94021
94019
94018
94018
94017
94016
94015
94015
94015
94014
94013
94011
94011
94010
94009
94009
94009
94007
94006
94005
94002
94000
93996
93994
93993
93991
93990
93989
93988
93988
93987
93986
93984
93981
93981
93980
93977
93975
93973
93973
93973
93972
93972
93970
93969
93966
93963
93962
93961
93960
93960
93959
93959
93959
93958
93958
93958
93958
93956
93955
93955
93955
93955
93955
93955
93953
93952
93951
93951
93951
93949
93947
93946
93946
93946
93941
93940
93940
93940
93939
93939
93939
93938
93937
93937
93935
93934
93930
93929
93928
93926
93925
93923
93922
93922
93922
93920
93920
93918
93918
93917
93916
93914
93914
93914
93914
93914
93912
93911
93909
93909
93907
93907
93904
93902
93901
93900
93900
93900
93900
93899
93898
93896
93895
93895
93893
93893
93892
93892
93890
93890
93890
93889
93889
93887
93887
93887
93886
93884
93884
93884
93884
93883
93883
93881
93880
93879
93877
93877
93877
93877
93876
93873
93873
93873
93868
93866
93866
93866
93865
93865
93864
93863
93862
93862
93861
93861
93861
93860
93858
93858
93858
93857
93857
93857
93857
93856
93856
93854
93854
93853
93853
93852
93850
93849
93848
93847
93846
93844
93843
93841
93840
93840
93839
93838
93836
93836
93835
93835
93833
93832
93830
93829
93828
93828
93827
93825
93822
93821
93821
93821
93820
93820
93820
93818
93817
93816
93816
93814
93813
93813
93812
93812
93811
93811
93808
93808
93808
93807
93806
93806
93805
93805
93804
93804
93804
93801
93801
93800
93800
93799
93798
93798
93797
93797
93795
93795
93795
93794
93793
93792
93790
93786
93786
93786
93786
93786
93785
93784
93783
93782
93781
93781
93781
93778
93778
93777
93777
93776
93776
93768
93767
93766
93766
93764
93762
93762
93761
93757
93754
93753
93752
93752
93752
93752
93751
93751
93751
93751
93749
93747
93746
93746
93746
93745
93744
93741
93738
93736
93735
93735
93733
93733
93733
93732
93732
93731
93731
93731
93730
93730
93727
93725
93725
93723
93720
93718
93717
93716
93716
93716
93715
93714
93713
93713
93712
93711
93711
93710
93710
93709
93709
93708
93707
93707
93705
93702
93700
93700
93699
93697
93697
93697
93696
93696
93695
93692
93692
93692
93692
93691
93689
93689
93688
93688
93686
93685
93683
93682
93682
93682
93679
93678
93678
93676
93674
93672
93672
93671
93670
93670
93668
93666
93665
93665
93664
93661
93658
93657
93656
93656
93655
93655
93653
93653
93652
93651
93650
93649
93649
93647
93647
93644
93643
93642
93641
93641
93640
93637
93637
93633
93632
93631
93630
93629
93628
93626
93625
93625
93624
93623
93622
93621
93619
93616
93615
93615
93614
93614
93614
93613
93613
93612
93612
93611
93611
93611
93610
93610
93606
93606
93602
93598
93598
93597
93597
93595
93594
93594
93593
93593
93593
93592
93592
93591
93591
93590
93589
93588
93588
93587
93586
93584
93584
93583
93581
93581
93581
93580
93579
93578
93578
93577
93576
93576
93574
93574
93574
93573
93573
93572
93571
93570
93567
93566
93566
93564
93562
93560
93560
93560
93556
93552
93552
93552
93551
93550
93548
93548
93547
93547
93545
93544
93544
93544
93541
93540
93538
93538
93537
93536
93533
93532
93530
93530
93529
93528
93528
93527
93525
93524
93523
93523
93522
93521
93520
93520
93517
93515
93513
93513
93512
93511
93510
93508
93508
93504
93504
93503
93503
93502
93501
93500
93497
93497
93497
93495
93495
93495
93494
93494
93490
93490
93489
93489
93487
93485
93484
93484
93484
93483
93482
93478
93477
93477
93476
93476
93475
93475
93474
93472
93472
93472
93472
93470
93470
93469
93468
93467
93467
93466
93466
93466
93465
93465
93463
93460
93459
93458
93456
93455
93454
93453
93452
93452
93450
93448
93448
93446
93446
93445
93444
93443
93443
93443
93443
93443
93443
93442
93441
93441
93439
93438
93437
93435
93435
93434
93434
93433
93433
93432
93432
93431
93430
93429
93428
93427
93426
93425
93424
93423
93420
93419
93418
93416
93416
93415
93414
93413
93413
93413
93411
93408
93407
93407
93405
93403
93400
93399
93399
93398
93395
93393
93393
93392
93392
93392
93390
93388
93387
93386
93382
93381
93381
93380
93380
93379
93379
93377
93377
93375
93375
93373
93372
93371
93370
93370
93369
93367
93364
93362
93360
93358
93357
93357
93357
93357
93357
93356
93356
93355
93354
93352
93352
93352
93352
93352
93350
93347
93346
93346
93344
93343
93342
93340
93338
93336
93335
93335
93333
93332
93330
93330
93328
93328
93327
93326
93326
93326
93324
93324
93324
93323
93319
93318
93317
93316
93315
93315
93315
93314
93314
93312
93311
93311
93311
93306
93305
93304
93303
93302
93302
93300
93298
93298
93298
93297
93296
93295
93294
93289
93288
93287
93287
93287
93285
93285
93285
93284
93284
93283
93283
93283
93282
93282
93280
93278
93278
93277
93277
93276
93276
93274
93273
93273
93272
93270
93270
93269
93269
93268
93266
93265
93265
93265
93263
93263
93260
93258
93258
93256
93256
93255
93254
93254
93253
93252
93252
93252
93252
93251
93251
93250
93249
93248
93248
93248
93248
93247
93246
93242
93241
93241
93240
93239
93239
93237
93237
93236
93236
93234
93232
93231
93230
93229
93229
93229
93226
93225
93224
93219
93219
93218
93218
93218
93216
93216
93216
93216
93215
93215
93214
93213
93212
93210
93210
93210
93208
93208
93208
93207
93206
93205
93202
93202
93202
93202
93201
93200
93199
93199
93198
93198
93197
93196
93196
93196
93194
93192
93192
93191
93191
93191
93188
93188
93188
93187
93186
93185
93184
93184
93181
93180
93178
93177
93176
93175
93175
93175
93175
93174
93174
93173
93172
93172
93171
93171
93170
93170
93168
93167
93167
93167
93167
93167
93167
93166
93166
93166
93165
93165
93164
93164
93162
93162
93162
93161
93155
93154
93152
93152
93150
93149
93148
93147
93146
93146
93146
93146
93145
93143
93142
93140
93140
93140
93140
93137
93133
93132
93130
93127
93127
93123
93122
93121
93119
93117
93114
93113
93113
93113
93112
93111
93109
93108
93105
93104
93103
93102
93101
93098
93097
93095
93094
93093
93093
93092
93091
93089
93089
93089
93088
93087
93086
93085
93085
93084
93084
93084
93083
93082
93081
93081
93080
93079
93078
93078
93078
93078
93077
93076
93076
93075
93073
93072
93072
93072
93070
93070
93070
93069
93069
93067
93067
93066
93066
93066
93064
93064
93064
93063
93063
93062
93058
93057
93056
93056
93056
93056
93055
93053
93052
93051
93049
93048
93047
93047
93046
93045
93045
93043
93042
93041
93037
93037
93037
93036
93035
93035
93034
93032
93032
93030
93029
93029
93028
93027
93021
93021
93020
93020
93018
93016
93016
93016
93015
93015
93012
93011
93010
93010
93006
93006
93004
93003
93003
93003
93002
93001
93001
93000
92998
92997
92997
92997
92996
92996
92994
92993
92991
92990
92990
92989
92988
92986
92985
92985
92985
92983
92983
92982
92982
92980
92978
92975
92975
92973
92973
92972
92971
92971
92969
92969
92968
92967
92964
92964
92963
92961
92961
92961
92960
92960
92959
92959
92959
92957
92957
92956
92955
92955
92955
92954
92954
92952
92949
92949
92947
92946
92945
92945
92945
92944
92941
92941
92941
92940
92939
92938
92938
92936
92934
92934
92931
92928
92927
92926
92924
92923
92923
92923
92922
92919
92919
92919
92917
92917
92917
92914
92912
92910
92909
92908
92908
92907
92905
92903
92903
92903
92898
92897
92895
92892
92892
92891
92891
92889
92888
92888
92887
92885
92882
92882
92881
92880
92878
92878
92878
92878
92877
92876
92875
92875
92874
92870
92870
92870
92870
92870
92869
92868
92868
92867
92866
92864
92864
92864
92862
92861
92860
92859
92859
92857
92856
92856
92855
92855
92854
92854
92853
92849
92848
92847
92847
92846
92846
92846
92845
92845
92844
92844
92844
92842
92840
92840
92840
92840
92839
92839
92839
92838
92838
92836
92835
92834
92832
92832
92832
92831
92831
92830
92827
92826
92824
92820
92819
92817
92817
92815
92815
92815
92814
92814
92813
92812
92810
92810
92809
92809
92808
92804
92802
92802
92801
92797
92796
92794
92792
92789
92788
92788
92786
92786
92785
92783
92781
92781
92779
92778
92775
92775
92774
92770
92769
92768
92768
92765
92764
92764
92762
92760
92759
92758
92758
92757
92756
92756
92756
92753
92751
92751
92748
92747
92746
92746
92744
92743
92742
92742
92738
92738
92738
92738
92738
92737
92736
92735
92735
92732
92727
92727
92726
92724
92723
92723
92722
92722
92721
92721
92721
92719
92719
92718
92718
92718
92716
92716
92712
92712
92710
92710
92708
92707
92706
92705
92702
92700
92700
92699
92698
92696
92693
92693
92691
92690
92690
92688
92685
92685
92685
92685
92684
92683
92682
92682
92682
92682
92682
92681
92680
92680
92676
92674
92674
92673
92673
92672
92670
92669
92668
92668
92666
92665
92664
92664
92662
92661
92660
92659
92658
92658
92656
92655
92652
92651
92651
92649
92649
92649
92649
92649
92648
92648
92648
92647
92647
92646
92645
92645
92645
92643
92642
92642
92641
92640
92640
92639
92639
92638
92633
92632
92631
92631
92629
92629
92628
92627
92626
92624
92624
92623
92619
92619
92619
92616
92615
92614
92613
92612
92611
92611
92609
92609
92606
92605
92603
92603
92602
92602
92602
92601
92600
92597
92597
92597
92595
92594
92594
92593
92592
92589
92587
92587
92586
92585
92585
92582
92580
92579
92578
92577
92577
92575
92574
92572
92570
92569
92569
92569
92568
92567
92566
92566
92565
92554
92554
92554
92551
92551
92549
92548
92546
92545
92544
92543
92542
92541
92540
92539
92538
92538
92537
92536
92535
92535
92535
92532
92531
92531
92531
92531
92531
92530
92528
92527
92524
92524
92521
92520
92520
92520
92520
92518
92518
92516
92514
92513
92513
92512
92511
92511
92510
92510
92510
92509
92508
92508
92508
92507
92507
92504
92503
92500
92499
92499
92498
92490
92489
92489
92489
92489
92489
92486
92483
92483
92480
92480
92479
92478
92475
92474
92473
92472
92470
92468
92468
92466
92465
92464
92456
92454
92451
92451
92449
92449
92448
92445
92444
92442
92441
92435
92435
92434
92434
92434
92431
92430
92429
92428
92427
92426
92423
92423
92421
92420
92420
92418
92417
92414
92412
92412
92411
92410
92410
92409
92408
92405
92402
92401
92399
92399
92399
92398
92396
92396
92395
92393
92393
92393
92393
92392
92392
92391
92390
92390
92382
92381
92378
92377
92374
92373
92373
92373
92373
92370
92369
92367
92366
92364
92364
92361
92361
92360
92360
92358
92356
92356
92353
92352
92352
92347
92347
92345
92344
92344
92342
92341
92340
92340
92338
92338
92334
92333
92332
92332
92331
92331
92330
92327
92326
92325
92324
92324
92323
92323
92322
92321
92320
92318
92318
92317
92317
92317
92316
92315
92313
92313
92312
92311
92310
92304
92300
92299
92299
92298
92295
92294
92293
92293
92293
92292
92290
92289
92287
92286
92285
92284
92283
92283
92283
92283
92282
92282
92279
92279
92278
92278
92277
92277
92274
92274
92271
92270
92269
92268
92267
92267
92266
92266
92265
92265
92261
92261
92260
92260
92254
92251
92250
92250
92249
92249
92248
92247
92246
92246
92244
92243
92242
92241
92241
92241
92240
92238
92238
92238
92238
92237
92235
92235
92235
92235
92232
92232
92231
92228
92226
92225
92224
92224
92224
92223
92221
92221
92220
92219
92218
92218
92217
92217
92217
92215
92213
92213
92213
92213
92210
92207
92206
92205
92205
92202
92202
92201
92198
92195
92193
92192
92190
92189
92189
92188
92187
92186
92186
92185
92185
92182
92182
92181
92179
92179
92178
92178
92175
92175
92174
92174
92173
92173
92173
92172
92170
92170
92169
92167
92163
92162
92162
92161
92159
92156
92154
92153
92153
92153
92150
92150
92149
92149
92149
92149
92148
92148
92146
92145
92145
92145
92144
92141
92140
92139
92138
92138
92136
92135
92135
92132
92132
92131
92130
92127
92127
92124
92124
92123
92123
92122
92121
92121
92119
92118
92118
92118
92116
92116
92116
92115
92113
92113
92113
92113
92112
92110
92107
92106
92105
92105
92103
92103
92103
92102
92102
92102
92099
92098
92098
92097
92097
92097
92094
92093
92091
92091
92090
92090
92089
92089
92088
92087
92087
92083
92082
92082
92081
92079
92076
92073
92073
92072
92071
92070
92070
92068
92066
92066
92066
92064
92064
92064
92064
92064
92063
92062
92061
92061
92061
92061
92060
92059
92059
92059
92057
92054
92053
92053
92053
92051
92051
92049
92049
92048
92047
92047
92046
92046
92046
92046
92046
92044
92044
92044
92043
92041
92041
92040
92038
92037
92037
92036
92035
92034
92034
92031
92031
92030
92029
92028
92027
92027
92027
92027
92026
92026
92025
92025
92023
92021
92020
92018
92018
92017
92017
92017
92016
92016
92014
92013
92012
92012
92011
92010
92009
92009
92005
92003
91996
91995
91994
91994
91994
91993
91993
91993
91991
91991
91991
91987
91987
91985
91983
91981
91981
91980
91980
91975
91974
91971
91971
91970
91970
91969
91969
91968
91967
91967
91965
91964
91963
91962
91960
91959
91958
91957
91956
91955
91954
91954
91954
91953
91949
91949
91948
91948
91945
91944
91940
91940
91940
91939
91939
91939
91939
91936
91935
91934
91933
91932
91929
91928
91926
91926
91925
91923
91923
91923
91922
91921
91919
91918
91918
91918
91917
91917
91910
91908
91907
91907
91906
91905
91905
91904
91903
91902
91901
91901
91901
91900
91899
91897
91897
91897
91895
91893
91893
91890
91890
91890
91890
91887
91886
91886
91885
91884
91883
91883
91883
91883
91881
91880
91880
91880
91879
91877
91877
91876
91875
91875
91874
91874
91874
91873
91872
91871
91870
91870
91869
91869
91869
91868
91867
91864
91864
91860
91860
91859
91855
91854
91851
91849
91849
91849
91849
91848
91848
91847
91846
91844
91844
91844
91844
91844
91842
91841
91838
91837
91836
91836
91834
91833
91833
91829
91828
91828
91828
91826
91826
91826
91826
91825
91825
91824
91824
91822
91821
91821
91820
91820
91819
91816
91815
91814
91813
91811
91811
91810
91807
91806
91805
91804
91804
91803
91801
91798
91797
91795
91793
91791
91790
91788
91788
91784
91784
91784
91780
91778
91775
91774
91774
91771
91770
91770
91770
91770
91770
91769
91769
91767
91766
91765
91765
91764
91764
91764
91761
91761
91760
91759
91759
91758
91757
91757
91756
91756
91756
91754
91752
91752
91752
91751
91751
91751
91750
91750
91749
91748
91745
91744
91744
91743
91743
91742
91737
91737
91735
91735
91735
91733
91733
91732
91729
91727
91727
91726
91725
91725
91725
91724
91723
91723
91721
91720
91720
91720
91719
91719
91718
91718
91717
91713
91713
91713
91711
91710
91709
91709
91708
91707
91706
91705
91705
91704
91703
91703
91702
91701
91701
91698
91695
91694
91693
91691
91690
91690
91689
91689
91685
91684
91683
91683
91681
91680
91679
91679
91677
91676
91673
91672
91672
91669
91668
91666
91666
91665
91665
91664
91663
91662
91660
91659
91658
91655
91654
91652
91651
91650
91649
91649
91648
91645
91644
91643
91643
91642
91641
91641
91638
91637
91636
91635
91635
91634
91632
91632
91631
91631
91629
91628
91627
91626
91626
91624
91623
91622
91620
91620
91618
91618
91616
91616
91612
91612
91611
91608
91606
91604
91603
91602
91600
91600
91600
91600
91598
91597
91596
91596
91594
91594
91593
91592
91592
91588
91585
91584
91583
91583
91581
91580
91580
91580
91579
91579
91572
91571
91571
91571
91570
91567
91565
91564
91559
91558
91558
91557
91555
91555
91554
91553
91551
91551
91551
91549
91549
91546
91544
91544
91543
91540
91539
91539
91536
91536
91535
91535
91534
91534
91533
91532
91531
91530
91530
91528
91522
91522
91521
91520
91520
91517
91517
91516
91514
91514
91513
91512
91512
91512
91511
91510
91509
91509
91508
91508
91506
91506
91505
91503
91503
91503
91500
91500
91498
91498
91497
91497
91496
91496
91496
91496
91494
91494
91494
91493
91492
91491
91487
91487
91486
91485
91484
91483
91481
91481
91481
91481
91480
91480
91480
91479
91478
91475
91472
91469
91469
91467
91463
91463
91460
91460
91458
91457
91457
91456
91454
91454
91452
91452
91451
91450
91448
91446
91446
91446
91445
91445
91445
91443
91439
91437
91437
91436
91436
91435
91434
91434
91433
91432
91432
91432
91432
91431
91430
91429
91426
91423
91422
91420
91419
91418
91418
91418
91418
91417
91416
91414
91414
91412
91408
91406
91405
91404
91403
91403
91402
91401
91400
91399
91399
91399
91398
91398
91397
91397
91397
91395
91395
91395
91392
91392
91391
91390
91389
91388
91387
91386
91386
91384
91382
91381
91381
91381
91379
91379
91379
91378
91378
91378
91377
91375
91375
91371
91368
91362
91362
91360
91359
91357
91356
91354
91353
91353
91353
91352
91351
91350
91348
91347
91345
91343
91342
91340
91340
91337
91334
91334
91333
91333
91333
91332
91331
91329
91329
91329
91328
91327
91327
91326
91325
91325
91325
91324
91324
91324
91322
91322
91321
91321
91321
91318
91317
91317
91316
91316
91315
91312
91312
91311
91310
91309
91308
91308
91306
91306
91301
91301
91298
91296
91296
91296
91293
91291
91291
91289
91286
91284
91284
91283
91283
91282
91279
91277
91275
91273
91273
91271
91271
91271
91270
91268
91267
91267
91267
91266
91264
91263
91263
91260
91258
91257
91257
91256
91256
91254
91254
91253
91253
91253
91253
91251
91251
91249
91249
91247
91247
91245
91243
91242
91242
91241
91239
91238
91237
91234
91233
91233
91232
91230
91229
91227
91226
91226
91225
91224
91222
91220
91220
91220
91220
91220
91219
91218
91218
91215
91214
91214
91213
91212
91212
91210
91210
91208
91207
91206
91206
91206
91198
91197
91196
91194
91192
91191
91190
91189
91188
91187
91187
91185
91184
91183
91183
91182
91179
91179
91177
91177
91175
91172
91172
91172
91172
91170
91169
91169
91168
91167
91167
91166
91164
91163
91163
91162
91160
91158
91158
91154
91152
91150
91150
91148
91147
91147
91145
91143
91142
91139
91139
91138
91137
91137
91137
91136
91136
91135
91134
91133
91132
91132
91131
91131
91130
91129
91127
91124
91124
91124
91122
91121
91120
91119
91117
91116
91115
91115
91115
91113
91112
91112
91112
91112
91111
91111
91109
91108
91108
91107
91106
91106
91105
91104
91104
91103
91102
91102
91101
91100
91100
91099
91098
91098
91097
91096
91095
91095
91093
91093
91092
91092
91092
91089
91089
91087
91087
91085
91085
91083
91083
91082
91080
91078
91077
91077
91076
91076
91076
91074
91074
91074
91071
91070
91070
91070
91068
91067
91066
91066
91065
91065
91064
91063
91061
91058
91056
91055
91054
91054
91054
91054
91053
91053
91052
91051
91051
91047
91046
91046
91044
91044
91043
91043
91042
91040
91039
91038
91037
91037
91032
91032
91032
91032
91029
91027
91026
91026
91026
91024
91021
91021
91021
91019
91019
91015
91013
91013
91011
91010
91009
91008
91008
91007
91005
91005
91004
91003
91003
91003
91003
91002
91001
91000
91000
90997
90997
90997
90997
90996
90994
90991
90989
90988
90988
90987
90985
90984
90983
90983
90982
90982
90982
90980
90980
90976
90973
90972
90970
90969
90968
90967
90966
90963
90963
90959
90958
90958
90957
90956
90956
90954
90950
90949
90949
90948
90946
90946
90945
90942
90941
90941
90940
90940
90938
90937
90936
90934
90934
90931
90931
90930
90929
90928
90928
90926
90923
90919
90916
90916
90914
90912
90912
90911
90909
90908
90908
90907
90907
90907
90906
90906
90904
90903
90899
90899
90899
90898
90898
90895
90895
90895
90895
90893
90893
90891
90891
90891
90890
90889
90886
90885
90883
90883
90876
90876
90875
90875
90873
90871
90870
90870
90868
90868
90866
90863
90863
90862
90862
90861
90860
90858
90857
90856
90856
90855
90855
90854
90854
90853
90853
90852
90852
90851
90851
90850
90849
90848
90848
90844
90841
90840
90839
90838
90836
90836
90835
90835
90833
90832
90832
90830
90828
90828
90828
90825
90824
90823
90819
90817
90817
90815
90814
90813
90811
90811
90804
90803
90800
90799
90799
90798
90797
90797
90795
90794
90794
90793
90791
90790
90789
90787
90785
90784
90783
90783
90782
90782
90782
90781
90781
90780
90777
90775
90774
90774
90773
90773
90771
90770
90770
90770
90770
90768
90768
90767
90767
90766
90766
90765
90765
90764
90762
90762
90762
90760
90759
90756
90756
90756
90755
90753
90752
90751
90750
90750
90749
90746
90745
90745
90744
90742
90742
90741
90739
90739
90738
90738
90738
90737
90736
90736
90735
90735
90734
90733
90733
90732
90728
90727
90726
90725
90725
90725
90723
90721
90719
90718
90718
90718
90717
90714
90714
90713
90712
90712
90708
90707
90702
90700
90699
90698
90697
90695
90692
90692
90691
90691
90691
90688
90688
90686
90686
90686
90685
90684
90682
90682
90682
90681
90680
90678
90677
90677
90675
90675
90672
90671
90668
90667
90667
90666
90666
90665
90664
90664
90664
90663
90663
90662
90661
90655
90655
90655
90653
90653
90650
90649
90648
90648
90647
90647
90647
90647
90646
90646
90645
90644
90644
90644
90644
90644
90643
90643
90642
90641
90641
90640
90637
90636
90636
90635
90633
90632
90631
90629
90629
90629
90628
90628
90627
90624
90618
90618
90617
90617
90617
90616
90614
90612
90607
90606
90605
90604
90603
90603
90602
90601
90600
90599
90599
90597
90597
90595
90595
90593
90591
90591
90589
90588
90587
90587
90586
90586
90586
90585
90585
90585
90584
90584
90582
90581
90580
90578
90573
90573
90573
90573
90572
90572
90569
90568
90568
90567
90565
90564
90561
90561
90561
90559
90558
90557
90556
90551
90549
90547
90547
90546
90545
90545
90541
90541
90541
90541
90540
90539
90539
90538
90538
90535
90535
90534
90534
90533
90533
90532
90530
90530
90529
90529
90529
90529
90528
90527
90526
90525
90523
90522
90521
90521
90521
90518
90518
90517
90517
90516
90515
90515
90513
90512
90511
90510
90510
90510
90507
90507
90506
90504
90503
90503
90500
90499
90497
90496
90496
90495
90490
90489
90489
90489
90487
90487
90486
90484
90483
90481
90481
90480
90480
90480
90478
90476
90475
90474
90474
90473
90473
90473
90471
90470
90470
90468
90468
90467
90466
90465
90464
90463
90462
90460
90459
90457
90454
90453
90453
90453
90452
90450
90446
90445
90444
90444
90442
90442
90440
90440
90439
90438
90437
90435
90435
90434
90434
90434
90434
90433
90433
90432
90432
90431
90430
90430
90429
90428
90427
90426
90426
90425
90425
90424
90423
90423
90423
90422
90422
90420
90420
90419
90419
90412
90411
90409
90408
90406
90406
90406
90405
90403
90402
90401
90401
90401
90401
90399
90399
90398
90397
90397
90396
90396
90396
90394
90393
90393
90392
90392
90391
90391
90391
90391
90390
90389
90389
90388
90388
90387
90386
90384
90384
90383
90383
90382
90382
90381
90381
90378
90378
90377
90377
90374
90372
90370
90369
90369
90368
90367
90365
90364
90362
90361
90360
90360
90359
90359
90358
90358
90356
90355
90355
90354
90353
90352
90351
90350
90350
90345
90342
90341
90340
90340
90339
90337
90336
90336
90336
90336
90335
90335
90334
90333
90333
90332
90332
90331
90331
90329
90329
90326
90326
90326
90323
90322
90318
90317
90317
90316
90313
90313
90313
90312
90308
90308
90308
90307
90306
90305
90303
90302
90302
90300
90297
90294
90294
90293
90292
90290
90287
90286
90285
90282
90281
90281
90278
90277
90276
90274
90274
90274
90270
90268
90266
90265
90263
90263
90261
90259
90259
90258
90257
90257
90255
90254
90254
90254
90252
90251
90249
90248
90248
90248
90247
90246
90244
90242
90235
90235
90234
90232
90231
90229
90229
90229
90227
90227
90227
90227
90227
90225
90224
90224
90223
90223
90223
90222
90222
90219
90218
90217
90217
90214
90214
90214
90212
90212
90211
90211
90209
90208
90208
90204
90202
90201
90200
90200
90198
90198
90196
90196
90196
90196
90195
90195
90195
90193
90192
90191
90191
90191
90190
90187
90187
90187
90187
90186
90186
90183
90181
90180
90180
90179
90179
90177
90177
90176
90174
90173
90173
90172
90170
90170
90169
90168
90168
90168
90166
90166
90165
90165
90164
90164
90162
90162
90160
90160
90159
90157
90156
90153
90152
90151
90150
90149
90145
90144
90144
90141
90141
90139
90137
90137
90136
90136
90135
90135
90132
90132
90131
90130
90129
90129
90127
90127
90126
90124
90124
90124
90121
90120
90118
90116
90116
90116
90115
90114
90114
90113
90111
90110
90110
90110
90110
90109
90109
90109
90108
90108
90108
90107
90106
90106
90106
90105
90105
90103
90103
90102
90101
90100
90100
90100
90099
90098
90097
90096
90095
90095
90094
90094
90093
90092
90090
90088
90087
90087
90087
90086
90086
90086
90082
90081
90081
90080
90080
90078
90076
90075
90072
90071
90071
90069
90068
90068
90067
90066
90066
90065
90065
90065
90062
90061
90059
90058
90058
90057
90057
90055
90054
90054
90053
90051
90050
90050
90050
90049
90049
90048
90047
90046
90045
90045
90045
90044
90044
90043
90043
90042
90042
90039
90038
90038
90037
90037
90036
90036
90035
90034
90034
90033
90032
90031
90024
90023
90021
90021
90019
90019
90019
90019
90016
90016
90013
90013
90010
90010
90009
90009
90009
90007
90007
90007
90005
90005
90004
90004
90003
90003
90001
90001
90001
90000
90000
89999
89999
89998
89998
89992
89991
89990
89989
89989
89987
89985
89983
89982
89981
89981
89980
89979
89978
89977
89977
89977
89977
89975
89974
89972
89972
89972
89971
89970
89970
89966
89965
89965
89963
89962
89961
89961
89959
89958
89957
89956
89954
89950
89947
89946
89944
89944
89943
89943
89941
89941
89939
89939
89938
89938
89937
89937
89936
89935
89931
89929
89929
89928
89928
89927
89926
89924
89924
89924
89923
89922
89922
89922
89919
89918
89918
89918
89917
89916
89916
89915
89915
89913
89913
89911
89909
89909
89908
89907
89907
89905
89905
89905
89904
89903
89902
89898
89897
89897
89897
89895
89894
89894
89892
89891
89890
89890
89886
89886
89884
89884
89884
89884
89883
89883
89883
89882
89882
89880
89880
89879
89879
89877
89876
89875
89874
89872
89872
89872
89871
89870
89869
89868
89867
89867
89867
89867
89866
89865
89863
89862
89862
89861
89860
89859
89858
89857
89857
89856
89855
89853
89853
89852
89851
89850
89850
89850
89850
89848
89847
89847
89845
89843
89842
89842
89840
89840
89840
89836
89835
89835
89834
89833
89832
89831
89831
89824
89824
89824
89824
89822
89820
89820
89820
89819
89818
89817
89814
89814
89813
89812
89811
89811
89811
89810
89809
89809
89804
89803
89801
89799
89798
89795
89795
89793
89790
89790
89789
89788
89788
89788
89788
89786
89785
89785
89782
89782
89781
89781
89781
89780
89780
89779
89776
89776
89776
89774
89773
89773
89770
89767
89767
89767
89767
89767
89767
89765
89764
89764
89761
89757
89755
89755
89754
89754
89753
89750
89749
89747
89746
89745
89743
89742
89736
89735
89735
89734
89734
89732
89731
89728
89727
89727
89725
89725
89724
89724
89722
89721
89721
89716
89716
89715
89715
89712
89712
89711
89709
89707
89707
89707
89705
89704
89703
89699
89699
89698
89698
89695
89695
89694
89693
89693
89693
89690
89688
89687
89685
89684
89683
89682
89681
89680
89680
89679
89678
89678
89678
89677
89676
89676
89675
89673
89672
89672
89671
89669
89669
89668
89667
89667
89663
89661
89660
89658
89658
89657
89657
89657
89657
89656
89655
89655
89652
89652
89652
89652
89651
89649
89648
89648
89648
89646
89643
89643
89643
89643
89639
89637
89636
89635
89635
89634
89633
89633
89631
89631
89629
89628
89628
89624
89624
89623
89623
89622
89622
89622
89622
89621
89621
89621
89620
89619
89618
89618
89618
89617
89616
89615
89615
89610
89608
89608
89608
89607
89606
89606
89606
89606
89605
89605
89603
89602
89601
89601
89597
89594
89594
89593
89592
89592
89592
89591
89589
89589
89588
89586
89586
89586
89585
89582
89582
89581
89581
89581
89581
89580
89579
89575
89575
89572
89571
89570
89570
89569
89566
89564
89564
89563
89562
89561
89559
89558
89556
89556
89555
89554
89554
89552
89551
89551
89549
89549
89548
89548
89545
89545
89544
89544
89543
89543
89542
89542
89541
89539
89539
89537
89537
89536
89534
89533
89533
89533
89532
89532
89530
89530
89524
89521
89521
89518
89516
89516
89514
89514
89514
89513
89511
89510
89508
89507
89507
89506
89505
89505
89501
89501
89500
89498
89497
89497
89495
89492
89491
89490
89488
89486
89486
89486
89483
89483
89481
89481
89481
89478
89477
89476
89475
89474
89474
89474
89473
89472
89472
89471
89467
89467
89466
89465
89464
89463
89460
89459
89458
89455
89454
89454
89453
89451
89449
89447
89445
89445
89444
89443
89442
89442
89441
89441
89440
89438
89438
89437
89435
89435
89435
89432
89431
89431
89430
89428
89428
89426
89426
89420
89420
89419
89418
89417
89417
89417
89414
89414
89412
89412
89411
89410
89410
89410
89409
89407
89406
89406
89404
89401
89397
89397
89397
89396
89396
89394
89394
89393
89391
89391
89391
89390
89389
89387
89387
89386
89386
89384
89384
89382
89380
89378
89375
89374
89373
89372
89372
89372
89370
89369
89368
89367
89363
89363
89362
89361
89359
89358
89357
89356
89355
89354
89353
89352
89351
89350
89348
89347
89347
89346
89346
89345
89344
89343
89342
89341
89339
89335
89334
89333
89333
89330
89330
89328
89327
89323
89321
89321
89318
89317
89317
89316
89316
89315
89315
89313
89313
89313
89313
89312
89312
89309
89308
89306
89306
89306
89305
89304
89303
89302
89302
89299
89298
89296
89296
89296
89293
89293
89292
89292
89289
89288
89288
89285
89285
89284
89284
89284
89283
89281
89278
89274
89273
89273
89269
89266
89266
89265
89264
89264
89262
89259
89259
89257
89254
89254
89254
89254
89253
89251
89251
89250
89250
89249
89248
89245
89245
89244
89244
89243
89242
89239
89237
89236
89235
89234
89234
89233
89231
89228
89228
89228
89227
89227
89227
89223
89222
89222
89217
89216
89215
89213
89212
89212
89212
89212
89212
89212
89212
89207
89207
89205
89204
89203
89203
89201
89201
89200
89199
89199
89198
89198
89196
89196
89195
89195
89195
89194
89193
89193
89193
89191
89191
89190
89189
89189
89188
89187
89186
89186
89186
89185
89185
89185
89184
89182
89181
89180
89179
89179
89177
89175
89175
89174
89173
89173
89173
89171
89170
89169
89169
89168
89166
89165
89165
89163
89161
89160
89159
89157
89157
89156
89155
89154
89154
89151
89150
89150
89149
89149
89149
89148
89147
89147
89143
89143
89143
89142
89140
89139
89139
89138
89137
89137
89137
89132
89132
89131
89131
89130
89130
89129
89126
89126
89125
89124
89123
89122
89120
89114
89114
89114
89113
89112
89111
89109
89105
89103
89102
89101
89101
89099
89098
89097
89096
89095
89095
89094
89094
89090
89090
89090
89089
89088
89086
89086
89085
89083
89083
89083
89081
89081
89080
89078
89076
89076
89074
89073
89072
89072
89072
89070
89069
89069
89067
89066
89064
89063
89062
89061
89059
89059
89059
89058
89058
89057
89056
89056
89054
89053
89052
89051
89051
89050
89050
89049
89049
89048
89047
89047
89047
89046
89046
89046
89044
89043
89042
89042
89041
89039
89038
89037
89035
89034
89033
89033
89033
89031
89028
89024
89022
89022
89022
89021
89020
89020
89017
89016
89015
89015
89014
89014
89014
89013
89011
89011
89010
89010
89006
89005
89005
89004
89004
89002
89001
89001
89000
89000
89000
89000
89000
89000
88999
88999
88998
88998
88996
88996
88995
88994
88989
88989
88988
88987
88987
88984
88984
88982
88980
88980
88979
88978
88978
88977
88976
88976
88975
88974
88974
88973
88971
88971
88970
88968
88968
88963
88962
88960
88960
88959
88959
88958
88958
88957
88953
88952
88952
88951
88951
88948
88948
88948
88947
88947
88946
88946
88946
88943
88940
88939
88939
88936
88935
88934
88931
88930
88928
88927
88927
88927
88925
88922
88922
88921
88921
88916
88916
88915
88914
88914
88912
88911
88910
88910
88910
88909
88909
88909
88907
88906
88903
88901
88900
88900
88900
88900
88899
88897
88897
88894
88893
88892
88890
88890
88889
88889
88889
88887
88886
88885
88885
88884
88884
88883
88883
88882
88882
88881
88881
88875
88874
88873
88873
88873
88873
88872
88871
88871
88869
88869
88867
88865
88864
88864
88862
88862
88862
88861
88858
88857
88853
88852
88852
88851
88850
88850
88849
88849
88848
88848
88847
88847
88847
88847
88846
88845
88842
88841
88840
88839
88839
88838
88837
88836
88835
88834
88834
88834
88833
88831
88830
88830
88829
88829
88825
88824
88823
88823
88823
88822
88821
88821
88819
88819
88819
88819
88817
88814
88814
88813
88813
88813
88812
88811
88810
88809
88808
88807
88806
88806
88805
88802
88801
88796
88795
88792
88792
88792
88792
88791
88789
88789
88788
88788
88787
88786
88784
88783
88781
88779
88779
88778
88778
88777
88777
88776
88775
88774
88773
88773
88771
88771
88771
88770
88769
88768
88767
88764
88764
88762
88762
88761
88760
88760
88758
88756
88753
88752
88752
88751
88750
88750
88750
88749
88749
88748
88747
88746
88744
88744
88742
88742
88742
88741
88738
88737
88737
88736
88735
88733
88733
88733
88732
88732
88731
88728
88727
88726
88725
88724
88723
88722
88722
88722
88720
88719
88719
88716
88714
88713
88712
88711
88711
88710
88709
88709
88709
88709
88708
88708
88707
88706
88705
88704
88703
88703
88702
88702
88702
88700
88698
88697
88695
88695
88694
88693
88692
88692
88691
88690
88690
88690
88689
88688
88686
88686
88686
88684
88684
88683
88683
88682
88682
88678
88678
88677
88677
88677
88676
88676
88674
88674
88674
88672
88672
88670
88670
88669
88669
88669
88668
88668
88665
88665
88665
88664
88664
88660
88659
88657
88656
88654
88652
88651
88648
88648
88648
88647
88647
88646
88646
88646
88645
88644
88644
88643
88639
88638
88637
88637
88635
88635
88635
88635
88633
88633
88632
88632
88631
88631
88631
88627
88627
88627
88625
88625
88624
88624
88624
88624
88622
88619
88618
88617
88616
88615
88614
88614
88613
88609
88607
88607
88607
88605
88604
88603
88602
88600
88594
88594
88593
88592
88592
88591
88591
88588
88588
88588
88586
88586
88585
88584
88583
88581
88580
88580
88576
88575
88574
88572
88571
88571
88571
88570
88566
88566
88566
88565
88564
88563
88562
88562
88560
88560
88559
88558
88558
88558
88554
88553
88552
88552
88552
88550
88550
88549
88549
88548
88547
88546
88544
88544
88542
88541
88541
88539
88539
88538
88537
88535
88535
88535
88535
88533
88532
88531
88531
88529
88529
88521
88521
88521
88519
88517
88517
88516
88515
88511
88511
88511
88511
88508
88508
88506
88505
88504
88503
88503
88501
88500
88500
88499
88499
88499
88498
88497
88496
88493
88493
88492
88491
88491
88490
88487
88487
88486
88482
88481
88479
88479
88479
88479
88479
88478
88477
88477
88476
88476
88475
88475
88474
88470
88467
88467
88466
88465
88463
88463
88460
88460
88460
88459
88456
88456
88455
88455
88453
88451
88451
88451
88445
88444
88442
88442
88441
88437
88437
88436
88435
88435
88435
88434
88432
88430
88428
88427
88426
88426
88425
88423
88422
88422
88421
88421
88417
88413
88413
88412
88412
88411
88409
88408
88407
88403
88402
88401
88398
88398
88398
88397
88394
88393
88391
88391
88391
88390
88390
88388
88388
88388
88385
88383
88383
88381
88381
88380
88379
88378
88378
88377
88376
88374
88372
88372
88371
88370
88368
88367
88366
88365
88364
88362
88362
88361
88359
88358
88358
88358
88357
88357
88353
88352
88351
88351
88350
88349
88348
88348
88348
88347
88345
88345
88344
88344
88343
88343
88342
88340
88340
88338
88335
88334
88332
88331
88331
88330
88329
88327
88327
88327
88327
88326
88326
88324
88323
88322
88322
88322
88322
88321
88321
88321
88318
88318
88316
88316
88316
88315
88313
88313
88310
88310
88309
88309
88308
88308
88305
88305
88304
88303
88300
88299
88298
88298
88298
88297
88295
88295
88294
88293
88291
88290
88290
88289
88289
88287
88287
88287
88287
88286
88284
88284
88284
88279
88279
88278
88278
88277
88277
88276
88275
88274
88274
88272
88272
88272
88271
88270
88269
88269
88268
88266
88266
88265
88263
88263
88262
88262
88261
88260
88260
88259
88257
88256
88255
88253
88253
88249
88248
88247
88246
88246
88245
88245
88245
88244
88244
88241
88240
88239
88239
88238
88235
88235
88235
88234
88234
88233
88232
88232
88231
88230
88229
88229
88229
88229
88228
88227
88226
88224
88222
88222
88222
88216
88215
88215
88215
88214
88214
88212
88211
88210
88210
88208
88208
88207
88207
88206
88204
88204
88204
88204
88201
88200
88200
88200
88197
88197
88196
88196
88194
88192
88191
88189
88189
88187
88186
88185
88184
88178
88176
88176
88175
88175
88174
88172
88172
88170
88170
88168
88168
88166
88165
88165
88164
88164
88163
88162
88160
88159
88159
88158
88157
88156
88153
88152
88148
88147
88146
88145
88144
88144
88144
88143
88141
88140
88140
88140
88140
88139
88139
88139
88138
88137
88135
88134
88133
88133
88132
88132
88132
88130
88130
88130
88128
88128
88127
88127
88126
88125
88123
88121
88121
88120
88118
88116
88115
88113
88111
88111
88108
88106
88105
88104
88100
88098
88097
88096
88093
88091
88089
88089
88088
88087
88087
88086
88085
88082
88082
88081
88080
88079
88078
88077
88077
88077
88076
88072
88072
88070
88070
88067
88066
88065
88063
88062
88062
88061
88060
88060
88057
88057
88057
88056
88053
88053
88052
88051
88051
88047
88045
88045
88045
88045
88044
88043
88041
88040
88040
88040
88039
88039
88039
88038
88037
88035
88035
88033
88031
88031
88030
88030
88030
88029
88028
88027
88027
88026
88026
88026
88026
88026
88025
88023
88022
88022
88021
88019
88018
88018
88018
88016
88015
88014
88014
88014
88013
88013
88012
88011
88008
88008
88007
88006
88005
88002
88002
88001
88000
87997
87997
87997
87995
87995
87994
87993
87990
87990
87989
87988
87987
87986
87984
87984
87983
87983
87983
87981
87979
87979
87977
87977
87977
87976
87975
87974
87973
87972
87970
87967
87967
87967
87964
87964
87963
87962
87962
87962
87962
87961
87961
87961
87960
87959
87959
87957
87957
87957
87956
87956
87954
87950
87950
87949
87947
87947
87945
87945
87944
87944
87942
87940
87939
87938
87937
87935
87933
87928
87928
87924
87924
87923
87923
87922
87922
87921
87917
87917
87916
87913
87911
87911
87911
87908
87908
87907
87907
87905
87904
87903
87903
87902
87902
87900
87900
87899
87899
87898
87897
87896
87895
87892
87891
87890
87890
87889
87886
87886
87886
87885
87885
87884
87883
87882
87881
87880
87878
87876
87876
87875
87874
87874
87874
87873
87871
87870
87868
87864
87863
87860
87860
87859
87859
87858
87857
87855
87855
87854
87854
87853
87853
87852
87852
87851
87850
87847
87846
87846
87845
87844
87842
87842
87841
87841
87840
87839
87839
87839
87838
87838
87838
87837
87837
87834
87831
87831
87831
87831
87831
87830
87830
87829
87828
87828
87827
87826
87826
87825
87825
87825
87822
87821
87820
87818
87817
87815
87815
87814
87814
87813
87811
87810
87810
87808
87808
87806
87806
87805
87804
87803
87802
87802
87800
87800
87800
87799
87799
87797
87793
87793
87793
87791
87791
87790
87789
87787
87787
87786
87784
87784
87783
87781
87781
87781
87779
87779
87778
87778
87777
87775
87774
87773
87772
87771
87769
87768
87768
87768
87767
87767
87767
87765
87764
87763
87762
87760
87758
87757
87757
87755
87754
87754
87753
87752
87751
87749
87749
87748
87748
87748
87747
87742
87742
87742
87741
87741
87740
87739
87739
87738
87737
87736
87734
87734
87733
87732
87732
87732
87731
87730
87728
87727
87727
87725
87725
87724
87723
87722
87721
87721
87721
87720
87720
87720
87720
87718
87718
87718
87717
87716
87715
87714
87711
87710
87709
87708
87707
87707
87706
87705
87705
87701
87701
87700
87697
87696
87696
87696
87694
87694
87693
87691
87690
87690
87690
87689
87689
87688
87687
87686
87686
87685
87685
87684
87684
87683
87681
87681
87680
87677
87676
87676
87674
87673
87672
87672
87671
87669
87668
87668
87668
87668
87666
87663
87661
87660
87660
87659
87658
87657
87657
87656
87656
87655
87654
87654
87652
87651
87650
87650
87649
87649
87648
87645
87643
87643
87642
87641
87641
87640
87637
87637
87637
87636
87636
87635
87631
87631
87629
87628
87627
87627
87625
87623
87623
87622
87620
87620
87619
87619
87618
87618
87618
87618
87617
87616
87616
87616
87616
87615
87615
87612
87611
87610
87608
87607
87606
87600
87600
87597
87597
87597
87591
87589
87589
87581
87580
87577
87576
87576
87575
87575
87574
87574
87573
87572
87570
87570
87567
87566
87565
87564
87564
87564
87564
87562
87562
87561
87561
87561
87560
87559
87558
87558
87558
87557
87557
87556
87555
87554
87554
87553
87553
87550
87550
87550
87549
87549
87548
87547
87546
87544
87544
87543
87543
87543
87541
87541
87540
87538
87538
87537
87535
87534
87532
87527
87526
87525
87525
87523
87521
87520
87519
87515
87513
87511
87511
87509
87508
87506
87506
87504
87504
87502
87501
87501
87500
87500
87499
87499
87498
87498
87497
87497
87495
87494
87490
87489
87483
87482
87482
87482
87481
87479
87478
87476
87476
87476
87476
87476
87474
87474
87473
87471
87470
87467
87466
87463
87462
87461
87461
87460
87457
87457
87455
87455
87455
87454
87452
87450
87447
87442
87442
87441
87440
87438
87437
87433
87431
87431
87430
87430
87429
87429
87427
87426
87424
87421
87420
87419
87415
87414
87413
87413
87413
87412
87412
87410
87409
87408
87407
87404
87404
87404
87404
87403
87400
87397
87396
87393
87392
87392
87391
87389
87387
87386
87385
87383
87383
87382
87380
87378
87378
87377
87377
87377
87376
87375
87374
87373
87372
87371
87369
87367
87366
87366
87364
87362
87362
87360
87358
87358
87357
87357
87356
87356
87355
87355
87349
87348
87348
87347
87346
87346
87346
87345
87343
87340
87340
87339
87338
87338
87336
87336
87336
87336
87335
87334
87333
87332
87332
87332
87332
87328
87328
87324
87324
87323
87323
87322
87322
87322
87320
87319
87319
87318
87317
87317
87316
87316
87314
87313
87311
87310
87310
87309
87308
87306
87306
87303
87303
87302
87300
87299
87297
87297
87296
87292
87290
87290
87288
87288
87287
87286
87285
87285
87284
87283
87281
87280
87280
87279
87279
87276
87275
87274
87274
87273
87273
87273
87271
87269
87268
87267
87261
87260
87259
87257
87257
87256
87253
87253
87251
87249
87249
87248
87248
87247
87246
87243
87242
87239
87238
87238
87236
87234
87234
87233
87233
87233
87230
87230
87229
87228
87228
87227
87226
87226
87223
87223
87223
87222
87222
87221
87219
87219
87219
87218
87218
87217
87217
87216
87216
87215
87215
87212
87212
87212
87210
87209
87209
87209
87208
87208
87208
87206
87206
87206
87206
87205
87205
87204
87202
87202
87200
87200
87199
87198
87198
87198
87194
87193
87193
87193
87193
87193
87192
87190
87188
87187
87186
87185
87183
87183
87183
87182
87182
87181
87180
87180
87180
87179
87179
87179
87178
87178
87177
87177
87175
87173
87172
87170
87169
87168
87167
87165
87165
87164
87164
87163
87163
87161
87160
87159
87158
87158
87156
87155
87155
87153
87153
87153
87152
87151
87149
87149
87149
87148
87146
87142
87142
87141
87141
87140
87140
87140
87139
87138
87137
87136
87135
87134
87133
87133
87132
87131
87131
87130
87130
87129
87128
87126
87124
87121
87120
87119
87119
87119
87117
87115
87113
87113
87112
87112
87111
87109
87108
87108
87108
87106
87105
87105
87102
87102
87102
87099
87098
87098
87097
87097
87097
87097
87096
87096
87096
87095
87094
87093
87093
87093
87092
87090
87090
87089
87088
87087
87087
87086
87086
87085
87085
87083
87081
87079
87079
87074
87074
87071
87071
87070
87069
87065
87062
87062
87061
87060
87060
87059
87057
87056
87056
87055
87054
87054
87053
87053
87049
87049
87048
87046
87045
87045
87044
87042
87040
87039
87038
87037
87037
87036
87036
87035
87034
87031
87030
87027
87027
87026
87026
87025
87023
87022
87021
87021
87021
87021
87020
87020
87017
87017
87017
87014
87013
87010
87009
87009
87009
87009
87009
87008
87007
87006
87005
87005
87005
87004
87003
87002
87001
87001
87001
87001
87000
86998
86997
86997
86997
86997
86996
86994
86990
86989
86989
86988
86987
86985
86985
86985
86984
86982
86979
86978
86978
86978
86976
86975
86974
86974
86972
86968
86967
86967
86966
86964
86964
86964
86962
86960
86958
86957
86957
86955
86953
86953
86952
86952
86951
86951
86949
86948
86946
86946
86944
86944
86943
86943
86940
86940
86938
86935
86935
86934
86932
86930
86928
86927
86927
86927
86926
86926
86923
86923
86921
86919
86918
86918
86917
86916
86913
86912
86910
86910
86910
86909
86908
86908
86907
86905
86904
86903
86903
86903
86901
86900
86899
86898
86897
86896
86893
86891
86890
86889
86886
86885
86884
86884
86884
86883
86883
86881
86879
86879
86878
86878
86877
86874
86873
86872
86872
86870
86869
86868
86867
86867
86866
86866
86864
86864
86864
86864
86863
86863
86862
86859
86859
86856
86856
86856
86855
86855
86854
86854
86853
86853
86852
86851
86851
86848
86848
86847
86847
86847
86846
86844
86843
86841
86841
86839
86839
86839
86838
86837
86835
86835
86832
86832
86831
86831
86827
86827
86827
86826
86823
86822
86822
86820
86820
86819
86817
86815
86814
86814
86814
86814
86813
86812
86812
86810
86809
86809
86806
86804
86804
86804
86803
86801
86800
86800
86799
86798
86797
86796
86794
86793
86792
86792
86792
86791
86790
86787
86786
86786
86785
86785
86784
86784
86781
86778
86776
86775
86774
86773
86771
86769
86769
86767
86767
86767
86766
86764
86764
86764
86762
86761
86761
86759
86758
86758
86756
86755
86754
86753
86753
86753
86752
86752
86751
86749
86749
86749
86748
86748
86748
86744
86742
86739
86738
86737
86737
86737
86736
86735
86734
86734
86733
86733
86730
86726
86726
86726
86725
86724
86723
86723
86722
86722
86722
86721
86720
86719
86719
86718
86716
86716
86716
86715
86714
86713
86712
86712
86710
86709
86707
86704
86704
86702
86702
86700
86699
86698
86698
86697
86697
86695
86694
86694
86694
86692
86689
86688
86687
86687
86686
86686
86686
86684
86684
86683
86683
86682
86680
86678
86678
86676
86676
86676
86676
86674
86673
86672
86671
86670
86670
86669
86668
86665
86664
86662
86660
86659
86659
86658
86657
86656
86654
86653
86652
86649
86649
86647
86645
86640
86638
86637
86636
86636
86636
86634
86634
86632
86632
86630
86629
86629
86627
86626
86625
86624
86624
86624
86623
86622
86622
86621
86621
86620
86619
86619
86615
86615
86613
86613
86612
86611
86611
86610
86607
86607
86607
86606
86602
86602
86601
86600
86600
86596
86596
86595
86595
86595
86594
86592
86591
86590
86589
86589
86586
86585
86584
86584
86583
86581
86581
86578
86577
86576
86575
86575
86575
86575
86574
86571
86570
86569
86567
86563
86562
86561
86559
86559
86558
86557
86556
86556
86555
86555
86553
86553
86553
86550
86550
86547
86546
86541
86540
86539
86538
86537
86537
86536
86535
86534
86533
86533
86532
86532
86531
86531
86531
86530
86529
86529
86527
86527
86525
86524
86520
86520
86520
86519
86519
86519
86516
86513
86513
86513
86512
86512
86511
86510
86507
86506
86506
86505
86505
86504
86504
86503
86502
86502
86502
86501
86501
86498
86498
86496
86495
86492
86492
86491
86491
86489
86486
86485
86484
86482
86481
86481
86479
86479
86477
86477
86476
86474
86474
86473
86471
86469
86468
86467
86467
86466
86466
86464
86462
86461
86461
86461
86458
86456
86455
86452
86452
86452
86451
86451
86450
86449
86448
86448
86447
86447
86446
86446
86446
86444
86444
86443
86443
86442
86442
86441
86441
86440
86437
86437
86436
86436
86436
86436
86435
86434
86433
86432
86432
86431
86431
86430
86428
86428
86428
86426
86426
86425
86424
86422
86422
86421
86421
86421
86421
86421
86420
86419
86418
86417
86417
86416
86415
86414
86414
86411
86410
86410
86407
86406
86405
86404
86403
86402
86401
86398
86398
86396
86395
86394
86392
86392
86390
86390
86389
86388
86387
86387
86386
86384
86381
86381
86380
86379
86379
86378
86374
86373
86373
86370
86369
86368
86368
86365
86363
86361
86358
86354
86354
86353
86352
86351
86350
86350
86349
86348
86347
86345
86344
86342
86342
86341
86341
86341
86339
86338
86336
86334
86334
86333
86332
86332
86331
86329
86329
86327
86326
86326
86325
86324
86322
86321
86320
86318
86318
86318
86315
86313
86312
86312
86312
86311
86311
86311
86311
86309
86308
86308
86306
86306
86305
86303
86302
86299
86296
86296
86295
86294
86294
86292
86291
86291
86290
86289
86288
86286
86286
86286
86285
86285
86282
86281
86281
86280
86278
86275
86273
86273
86271
86270
86270
86269
86268
86266
86265
86265
86263
86263
86263
86263
86263
86263
86263
86263
86262
86261
86260
86258
86258
86258
86257
86256
86256
86256
86254
86254
86254
86254
86253
86252
86250
86250
86250
86249
86247
86247
86246
86246
86246
86243
86242
86242
86241
86241
86239
86239
86237
86237
86236
86236
86234
86233
86230
86228
86227
86227
86226
86226
86226
86225
86224
86223
86223
86220
86220
86220
86218
86218
86217
86215
86214
86214
86214
86212
86208
86208
86207
86207
86201
86200
86200
86199
86197
86196
86196
86193
86193
86186
86186
86186
86185
86184
86184
86183
86181
86178
86177
86176
86175
86174
86173
86171
86170
86167
86167
86166
86163
86162
86162
86161
86160
86160
86159
86159
86158
86157
86156
86154
86152
86150
86150
86150
86150
86147
86146
86146
86145
86145
86145
86144
86143
86142
86140
86139
86139
86139
86138
86138
86136
86136
86135
86133
86131
86125
86125
86122
86122
86122
86122
86121
86118
86118
86118
86117
86117
86116
86116
86115
86115
86115
86114
86114
86112
86112
86112
86108
86105
86104
86103
86103
86102
86100
86099
86099
86099
86099
86098
86097
86096
86094
86091
86091
86091
86089
86089
86085
86085
86083
86082
86081
86080
86079
86079
86079
86078
86077
86076
86074
86073
86072
86071
86071
86071
86070
86068
86064
86062
86061
86058
86057
86057
86056
86056
86054
86054
86052
86051
86050
86049
86049
86048
86047
86047
86045
86045
86045
86044
86044
86042
86041
86041
86040
86039
86038
86037
86037
86035
86033
86033
86031
86029
86028
86028
86027
86026
86023
86023
86023
86019
86019
86018
86016
86015
86013
86013
86012
86011
86011
86011
86010
86009
86009
86007
86006
86006
86006
86003
86002
86002
86002
86001
86001
85998
85996
85995
85986
85984
85983
85983
85983
85982
85980
85979
85976
85975
85975
85974
85971
85970
85969
85966
85965
85965
85965
85961
85961
85958
85958
85957
85957
85956
85955
85955
85953
85952
85952
85950
85947
85945
85944
85942
85942
85941
85940
85940
85940
85937
85936
85934
85934
85932
85931
85929
85929
85926
85926
85924
85923
85920
85916
85916
85915
85914
85914
85914
85912
85911
85910
85909
85909
85908
85906
85905
85903
85902
85901
85901
85901
85901
85900
85899
85898
85898
85897
85897
85896
85896
85895
85895
85891
85889
85889
85887
85886
85885
85885
85883
85883
85882
85881
85881
85880
85878
85878
85877
85877
85876
85875
85875
85874
85874
85871
85871
85870
85868
85867
85866
85866
85866
85866
85866
85865
85865
85863
85862
85862
85861
85861
85860
85860
85859
85856
85856
85855
85854
85854
85854
85853
85852
85851
85849
85849
85848
85848
85847
85847
85847
85840
85840
85838
85833
85833
85833
85832
85831
85831
85829
85827
85826
85825
85825
85824
85823
85823
85821
85819
85819
85817
85817
85815
85815
85814
85812
85812
85812
85811
85811
85810
85808
85808
85804
85804
85804
85803
85802
85801
85799
85796
85796
85795
85795
85795
85793
85793
85792
85790
85790
85789
85787
85786
85786
85783
85782
85782
85782
85780
85774
85773
85772
85772
85771
85769
85766
85765
85765
85762
85762
85761
85761
85760
85760
85760
85759
85759
85759
85759
85759
85757
85757
85757
85756
85755
85753
85753
85751
85749
85749
85747
85746
85745
85742
85741
85741
85739
85736
85735
85733
85732
85732
85730
85729
85728
85728
85727
85727
85727
85725
85724
85723
85723
85722
85721
85719
85718
85717
85716
85716
85716
85715
85715
85715
85714
85714
85713
85712
85711
85711
85710
85710
85709
85709
85709
85707
85707
85707
85706
85706
85706
85704
85704
85699
85698
85697
85696
85695
85693
85693
85693
85692
85692
85691
85691
85689
85688
85687
85687
85686
85686
85682
85681
85680
85679
85678
85676
85675
85675
85670
85670
85670
85668
85667
85667
85666
85666
85665
85662
85661
85661
85657
85655
85654
85654
85652
85651
85651
85649
85648
85648
85647
85646
85642
85640
85640
85638
85636
85635
85635
85635
85632
85632
85632
85628
85627
85626
85626
85624
85624
85624
85623
85623
85623
85619
85618
85617
85616
85615
85615
85613
85613
85613
85612
85611
85610
85610
85608
85608
85608
85606
85604
85603
85603
85602
85600
85598
85597
85597
85596
85596
85596
85596
85591
85590
85588
85588
85586
85584
85584
85583
85582
85581
85580
85580
85578
85578
85576
85575
85574
85574
85572
85572
85571
85571
85570
85569
85569
85568
85568
85567
85563
85562
85562
85561
85560
85559
85557
85557
85554
85553
85552
85552
85552
85547
85547
85546
85545
85545
85543
85543
85542
85540
85540
85539
85539
85538
85537
85537
85537
85534
85534
85533
85531
85531
85531
85530
85530
85529
85527
85527
85527
85526
85525
85524
85523
85522
85522
85520
85519
85517
85514
85512
85510
85510
85510
85509
85506
85506
85505
85505
85505
85505
85504
85504
85503
85501
85501
85500
85500
85499
85497
85497
85497
85494
85493
85492
85491
85490
85488
85487
85485
85483
85481
85479
85478
85478
85477
85475
85475
85474
85474
85473
85472
85472
85471
85470
85469
85469
85467
85467
85466
85465
85464
85464
85464
85463
85459
85458
85458
85458
85457
85457
85457
85450
85447
85447
85447
85446
85444
85442
85440
85439
85438
85437
85437
85436
85434
85432
85430
85430
85429
85428
85428
85427
85426
85422
85420
85420
85419
85417
85417
85412
85411
85410
85408
85408
85407
85407
85406
85404
85403
85403
85402
85401
85401
85401
85400
85398
85396
85395
85394
85394
85393
85393
85391
85391
85387
85387
85386
85383
85383
85382
85382
85379
85378
85378
85377
85376
85376
85375
85375
85375
85375
85374
85374
85372
85372
85369
85369
85368
85367
85367
85365
85365
85365
85365
85364
85364
85362
85361
85361
85360
85359
85357
85357
85356
85356
85355
85355
85354
85351
85350
85350
85348
85348
85347
85341
85341
85340
85339
85339
85337
85333
85333
85333
85332
85332
85332
85330
85327
85327
85326
85326
85325
85325
85323
85323
85322
85321
85320
85319
85319
85318
85316
85316
85315
85313
85313
85312
85311
85310
85310
85307
85307
85305
85305
85305
85303
85303
85301
85299
85299
85298
85298
85298
85297
85296
85295
85295
85292
85291
85290
85290
85287
85286
85285
85285
85283
85282
85281
85278
85277
85276
85275
85275
85275
85274
85272
85272
85271
85271
85270
85269
85268
85267
85267
85267
85266
85265
85265
85264
85263
85259
85257
85256
85254
85253
85253
85252
85251
85249
85248
85247
85247
85245
85244
85243
85242
85242
85241
85240
85240
85239
85237
85236
85235
85233
85233
85233
85232
85232
85231
85228
85226
85226
85225
85225
85223
85219
85219
85219
85219
85217
85217
85217
85216
85216
85216
85214
85212
85211
85211
85210
85208
85207
85204
85203
85202
85200
85198
85197
85196
85196
85194
85194
85194
85192
85191
85190
85188
85188
85187
85185
85183
85182
85175
85174
85173
85172
85172
85172
85170
85169
85168
85167
85166
85163
85163
85163
85162
85160
85159
85158
85158
85156
85155
85154
85154
85153
85153
85152
85152
85151
85151
85150
85150
85149
85147
85147
85146
85146
85145
85143
85142
85141
85140
85139
85139
85139
85137
85137
85133
85133
85133
85133
85132
85132
85132
85132
85131
85131
85129
85128
85126
85125
85124
85123
85123
85121
85118
85117
85117
85116
85115
85114
85112
85112
85110
85109
85108
85108
85107
85107
85107
85104
85104
85104
85103
85102
85102
85102
85102
85100
85100
85098
85096
85095
85095
85094
85094
85091
85091
85091
85090
85090
85090
85088
85088
85087
85087
85087
85086
85085
85084
85083
85081
85080
85080
85080
85078
85078
85077
85076
85076
85074
85073
85072
85072
85071
85068
85066
85066
85064
85064
85063
85060
85055
85052
85052
85051
85049
85048
85046
85040
85039
85039
85037
85036
85036
85033
85033
85033
85032
85031
85031
85031
85031
85029
85028
85026
85025
85024
85024
85023
85023
85023
85022
85021
85020
85019
85016
85014
85012
85012
85011
85011
85011
85010
85010
85009
85005
85003
85000
84998
84998
84994
84992
84992
84984
84984
84983
84983
84982
84982
84980
84979
84979
84978
84978
84977
84976
84976
84975
84972
84972
84971
84971
84970
84968
84966
84966
84965
84964
84964
84962
84959
84959
84958
84955
84953
84953
84953
84952
84952
84951
84951
84951
84951
84950
84945
84945
84944
84943
84943
84940
84939
84939
84939
84936
84936
84936
84935
84934
84934
84934
84933
84932
84931
84930
84929
84929
84929
84926
84923
84923
84922
84921
84920
84918
84918
84915
84915
84915
84913
84913
84911
84911
84911
84909
84909
84908
84906
84906
84905
84904
84904
84902
84901
84900
84898
84897
84897
84897
84897
84896
84896
84896
84895
84895
84894
84892
84892
84892
84891
84890
84890
84889
84889
84888
84888
84887
84886
84886
84885
84884
84884
84880
84878
84876
84874
84872
84871
84869
84867
84867
84867
84865
84865
84864
84864
84861
84861
84860
84860
84859
84859
84859
84850
84850
84850
84848
84848
84847
84846
84846
84846
84843
84843
84843
84840
84839
84838
84838
84836
84835
84835
84834
84832
84832
84830
84830
84829
84828
84828
84828
84827
84826
84823
84822
84821
84821
84820
84819
84817
84817
84816
84814
84814
84812
84811
84811
84810
84810
84808
84805
84803
84801
84801
84800
84798
84797
84796
84793
84792
84791
84790
84790
84788
84787
84786
84786
84786
84785
84785
84783
84783
84782
84782
84782
84781
84780
84780
84780
84779
84779
84775
84775
84772
84769
84765
84765
84764
84764
84763
84763
84763
84762
84762
84759
84757
84757
84754
84753
84753
84752
84752
84752
84749
84748
84747
84747
84744
84743
84742
84740
84740
84740
84739
84738
84738
84737
84737
84737
84736
84735
84734
84734
84731
84731
84730
84730
84730
84729
84729
84727
84727
84724
84724
84724
84723
84723
84722
84722
84720
84719
84718
84713
84711
84710
84710
84708
84707
84706
84704
84704
84703
84702
84702
84702
84702
84702
84702
84701
84700
84700
84699
84699
84699
84697
84697
84696
84695
84695
84695
84692
84691
84688
84688
84687
84686
84685
84683
84681
84678
84678
84677
84676
84676
84675
84674
84674
84673
84672
84672
84671
84671
84671
84670
84670
84669
84668
84668
84665
84665
84664
84663
84663
84662
84662
84662
84661
84659
84658
84658
84657
84657
84657
84654
84653
84653
84650
84648
84647
84646
84646
84645
84645
84641
84640
84640
84635
84632
84632
84631
84630
84629
84626
84624
84622
84620
84619
84618
84618
84618
84616
84615
84615
84615
84613
84612
84612
84611
84610
84607
84607
84604
84604
84603
84602
84601
84600
84599
84597
84596
84593
84593
84592
84591
84591
84590
84590
84589
84588
84587
84587
84586
84581
84579
84575
84574
84574
84574
84573
84572
84569
84568
84568
84566
84565
84565
84563
84562
84561
84561
84560
84560
84560
84559
84559
84558
84558
84558
84557
84556
84556
84556
84549
84545
84544
84544
84543
84537
84535
84535
84535
84533
84532
84531
84529
84529
84525
84524
84524
84523
84523
84523
84521
84521
84520
84517
84516
84513
84512
84511
84511
84510
84510
84509
84508
84505
84504
84504
84502
84502
84498
84498
84497
84497
84496
84495
84494
84494
84493
84493
84490
84490
84488
84487
84486
84486
84486
84485
84485
84483
84480
84480
84479
84479
84478
84478
84475
84474
84471
84468
84466
84465
84465
84464
84462
84462
84462
84461
84461
84461
84456
84454
84452
84452
84452
84451
84450
84450
84449
84448
84445
84445
84445
84444
84443
84439
84436
84435
84435
84435
84434
84432
84432
84431
84431
84429
84429
84428
84428
84428
84427
84426
84425
84424
84423
84422
84421
84421
84420
84420
84419
84419
84418
84418
84417
84417
84417
84416
84416
84414
84413
84413
84412
84411
84411
84410
84408
84407
84406
84405
84404
84403
84402
84401
84399
84398
84396
84396
84395
84394
84392
84392
84392
84389
84388
84387
84387
84387
84386
84386
84385
84385
84385
84384
84383
84383
84380
84380
84379
84379
84379
84377
84376
84375
84374
84374
84374
84373
84373
84371
84370
84369
84368
84367
84366
84365
84365
84364
84364
84363
84363
84363
84362
84362
84362
84360
84359
84358
84356
84356
84356
84356
84355
84352
84350
84348
84348
84348
84347
84347
84346
84346
84344
84344
84344
84343
84342
84342
84341
84339
84338
84338
84336
84336
84335
84334
84333
84331
84331
84329
84328
84327
84326
84326
84325
84324
84323
84317
84316
84316
84314
84314
84313
84312
84312
84307
84307
84307
84306
84306
84305
84305
84303
84300
84296
84295
84294
84294
84293
84293
84292
84291
84289
84289
84289
84288
84287
84287
84287
84287
84285
84284
84283
84282
84282
84282
84282
84280
84280
84279
84279
84279
84279
84276
84276
84275
84274
84273
84273
84273
84269
84269
84269
84268
84267
84266
84266
84265
84264
84264
84264
84263
84259
84255
84254
84254
84253
84250
84249
84249
84249
84248
84248
84248
84247
84246
84246
84245
84244
84244
84243
84242
84240
84239
84239
84235
84233
84231
84230
84229
84228
84227
84226
84224
84222
84222
84221
84220
84219
84218
84218
84217
84217
84216
84215
84212
84212
84211
84211
84210
84209
84209
84208
84207
84207
84204
84201
84200
84200
84198
84195
84193
84191
84189
84188
84188
84187
84187
84186
84186
84185
84184
84183
84183
84178
84177
84175
84174
84173
84173
84172
84170
84169
84167
84166
84165
84164
84163
84162
84161
84160
84159
84157
84156
84155
84155
84154
84151
84149
84149
84147
84146
84145
84144
84143
84143
84143
84143
84141
84140
84139
84137
84134
84132
84130
84129
84128
84128
84127
84127
84127
84126
84126
84125
84123
84122
84122
84121
84120
84120
84119
84119
84118
84117
84115
84114
84111
84109
84108
84105
84103
84101
84101
84101
84100
84100
84100
84099
84099
84098
84098
84096
84094
84094
84093
84092
84091
84090
84087
84086
84085
84084
84084
84083
84082
84081
84081
84080
84079
84077
84076
84076
84075
84073
84072
84072
84069
84069
84065
84065
84064
84063
84062
84062
84061
84061
84061
84061
84059
84059
84054
84053
84052
84051
84051
84050
84050
84049
84049
84046
84045
84044
84043
84041
84039
84035
84035
84035
84035
84032
84032
84031
84030
84030
84030
84029
84028
84028
84028
84027
84027
84027
84026
84026
84025
84024
84023
84023
84023
84022
84022
84022
84021
84021
84020
84019
84017
84016
84016
84016
84015
84014
84014
84014
84012
84011
84008
84008
84008
84006
84004
84004
84003
84002
84001
84000
83998
83996
83995
83994
83993
83992
83992
83991
83991
83990
83989
83989
83988
83987
83986
83982
83981
83981
83980
83980
83978
83977
83977
83973
83973
83972
83970
83970
83970
83968
83966
83966
83966
83965
83965
83964
83964
83962
83960
83959
83958
83955
83955
83954
83954
83954
83953
83952
83950
83950
83950
83950
83948
83947
83946
83945
83944
83943
83942
83941
83940
83939
83937
83936
83935
83934
83933
83933
83933
83932
83932
83932
83930
83930
83930
83929
83929
83928
83927
83927
83924
83924
83924
83923
83923
83922
83920
83920
83920
83918
83918
83917
83916
83913
83910
83909
83907
83907
83906
83905
83904
83903
83901
83901
83901
83900
83895
83895
83894
83893
83893
83892
83892
83891
83891
83889
83888
83888
83885
83884
83884
83884
83883
83883
83883
83882
83881
83878
83876
83876
83875
83874
83872
83872
83872
83870
83870
83870
83868
83867
83867
83865
83865
83864
83864
83862
83861
83860
83857
83856
83856
83855
83855
83854
83853
83851
83851
83849
83848
83848
83846
83844
83843
83841
83841
83839
83838
83837
83836
83835
83834
83831
83831
83831
83831
83829
83827
83827
83827
83827
83826
83825
83825
83825
83824
83824
83824
83822
83821
83821
83821
83820
83820
83819
83818
83818
83818
83817
83816
83815
83814
83809
83808
83807
83804
83804
83803
83802
83801
83801
83801
83801
83800
83799
83798
83797
83797
83796
83795
83795
83794
83793
83792
83791
83789
83786
83786
83784
83783
83782
83780
83778
83777
83775
83775
83775
83774
83773
83772
83768
83767
83767
83766
83762
83762
83761
83761
83760
83759
83759
83757
83757
83755
83755
83755
83754
83753
83750
83749
83748
83747
83747
83746
83746
83745
83745
83745
83743
83743
83743
83742
83741
83740
83739
83738
83737
83736
83735
83734
83732
83731
83730
83728
83727
83726
83725
83725
83724
83721
83720
83719
83719
83717
83716
83716
83715
83714
83714
83714
83713
83710
83707
83706
83705
83705
83705
83704
83703
83702
83701
83701
83700
83697
83696
83696
83696
83695
83695
83695
83694
83694
83693
83692
83692
83692
83691
83688
83688
83687
83686
83683
83682
83681
83681
83680
83678
83678
83673
83672
83671
83669
83668
83668
83668
83667
83667
83664
83664
83663
83663
83661
83661
83661
83660
83658
83656
83655
83654
83653
83653
83651
83650
83649
83649
83649
83648
83647
83644
83643
83641
83638
83638
83638
83637
83636
83636
83635
83634
83634
83634
83630
83630
83629
83629
83627
83627
83626
83625
83624
83623
83623
83623
83622
83619
83619
83618
83618
83617
83616
83614
83613
83613
83613
83612
83611
83610
83610
83608
83608
83605
83604
83603
83603
83603
83602
83600
83600
83600
83599
83598
83598
83598
83596
83593
83593
83593
83590
83590
83590
83590
83589
83588
83588
83587
83586
83586
83585
83584
83583
83582
83581
83580
83579
83578
83577
83576
83575
83574
83574
83573
83573
83573
83571
83569
83568
83565
83564
83563
83562
83561
83560
83559
83557
83555
83555
83555
83554
83553
83551
83550
83549
83548
83547
83546
83546
83545
83544
83544
83543
83540
83538
83537
83536
83535
83534
83533
83531
83530
83530
83530
83529
83528
83527
83523
83523
83522
83522
83521
83521
83520
83520
83520
83519
83515
83514
83513
83513
83511
83511
83510
83510
83505
83505
83504
83503
83503
83502
83501
83500
83499
83498
83498
83497
83496
83496
83496
83496
83495
83494
83494
83493
83493
83491
83491
83490
83489
83489
83488
83488
83488
83487
83487
83482
83482
83482
83482
83481
83481
83477
83477
83476
83475
83474
83473
83469
83468
83467
83464
83463
83463
83463
83460
83457
83456
83456
83456
83455
83453
83453
83452
83452
83450
83450
83450
83449
83449
83448
83448
83447
83445
83442
83437
83437
83437
83436
83435
83435
83434
83434
83432
83431
83431
83430
83430
83429
83428
83427
83426
83424
83424
83424
83423
83422
83419
83418
83418
83418
83417
83417
83417
83416
83414
83413
83412
83412
83412
83412
83411
83411
83411
83408
83407
83407
83407
83403
83403
83402
83402
83401
83399
83399
83399
83397
83397
83397
83396
83395
83394
83394
83393
83392
83391
83390
83388
83386
83385
83385
83382
83382
83381
83379
83377
83377
83375
83375
83373
83372
83372
83372
83371
83369
83368
83367
83367
83367
83364
83364
83363
83363
83362
83359
83359
83357
83357
83355
83353
83353
83352
83352
83351
83351
83351
83349
83349
83349
83349
83349
83348
83348
83348
83348
83346
83345
83345
83342
83341
83341
83339
83339
83339
83336
83335
83334
83334
83333
83332
83332
83330
83327
83326
83325
83322
83321
83321
83319
83318
83315
83313
83311
83310
83310
83309
83308
83307
83306
83305
83302
83301
83300
83300
83300
83300
83298
83298
83294
83293
83292
83290
83290
83289
83288
83287
83285
83284
83284
83283
83280
83280
83280
83279
83276
83275
83275
83275
83274
83273
83272
83272
83270
83270
83270
83270
83268
83267
83267
83266
83266
83265
83264
83264
83262
83262
83262
83261
83261
83259
83257
83257
83257
83255
83255
83254
83250
83249
83247
83247
83243
83242
83241
83241
83239
83239
83239
83237
83237
83237
83236
83235
83234
83233
83233
83232
83231
83229
83226
83226
83225
83220
83220
83219
83216
83215
83215
83214
83213
83213
83212
83211
83210
83209
83207
83207
83206
83205
83205
83204
83204
83203
83202
83202
83201
83201
83201
83199
83199
83198
83198
83196
83194
83194
83192
83192
83192
83192
83191
83190
83190
83190
83189
83188
83187
83186
83185
83184
83182
83181
83177
83177
83176
83175
83174
83174
83173
83170
83169
83169
83168
83166
83165
83164
83162
83162
83161
83160
83157
83157
83156
83156
83155
83152
83150
83150
83150
83150
83149
83149
83147
83147
83147
83146
83145
83145
83142
83142
83141
83141
83141
83140
83138
83133
83133
83130
83127
83127
83127
83126
83126
83126
83125
83125
83124
83124
83122
83122
83121
83120
83119
83118
83115
83110
83109
83109
83109
83108
83106
83104
83103
83102
83101
83100
83099
83098
83097
83096
83096
83094
83092
83091
83090
83087
83087
83086
83084
83084
83084
83084
83083
83083
83082
83082
83080
83078
83074
83073
83073
83072
83072
83072
83070
83070
83070
83068
83065
83065
83065
83063
83062
83062
83062
83061
83060
83058
83057
83055
83055
83054
83054
83053
83053
83052
83048
83047
83047
83043
83042
83041
83040
83040
83035
83035
83034
83034
83033
83033
83027
83027
83026
83025
83023
83021
83020
83016
83014
83012
83011
83011
83010
83009
83004
83002
83001
82999
82998
82998
82997
82996
82995
82993
82990
82990
82988
82988
82987
82987
82987
82986
82986
82984
82984
82984
82984
82983
82982
82981
82981
82981
82980
82978
82978
82976
82975
82974
82974
82974
82972
82971
82970
82970
82969
82967
82967
82966
82965
82965
82965
82959
82957
82955
82955
82954
82954
82954
82953
82951
82949
82949
82948
82947
82947
82946
82945
82944
82944
82942
82941
82940
82939
82937
82936
82934
82933
82931
82930
82930
82928
82926
82926
82925
82924
82924
82922
82921
82920
82920
82920
82916
82916
82916
82915
82915
82914
82913
82912
82910
82910
82909
82907
82907
82907
82907
82906
82905
82904
82904
82903
82902
82902
82900
82899
82895
82895
82895
82893
82892
82889
82888
82888
82886
82880
82878
82877
82877
82877
82875
82875
82872
82870
82870
82869
82869
82868
82866
82865
82864
82864
82862
82862
82861
82861
82861
82861
82861
82860
82860
82857
82857
82857
82856
82855
82854
82853
82849
82849
82848
82848
82846
82845
82842
82841
82840
82840
82837
82837
82836
82835
82833
82829
82829
82828
82827
82824
82823
82823
82821
82821
82821
82819
82819
82819
82819
82819
82818
82818
82818
82817
82816
82816
82815
82815
82815
82814
82814
82813
82812
82811
82811
82809
82808
82805
82805
82804
82804
82804
82802
82802
82801
82800
82799
82798
82798
82796
82795
82795
82791
82790
82789
82789
82788
82788
82787
82785
82784
82782
82780
82780
82779
82778
82778
82777
82777
82775
82775
82774
82773
82772
82772
82771
82771
82769
82766
82765
82765
82764
82764
82762
82761
82761
82760
82760
82760
82759
82759
82759
82759
82757
82757
82756
82756
82756
82755
82755
82754
82753
82753
82753
82752
82752
82751
82750
82749
82748
82747
82747
82745
82743
82743
82742
82742
82741
82740
82739
82738
82737
82735
82735
82733
82728
82727
82727
82726
82726
82726
82725
82724
82723
82722
82720
82720
82719
82719
82718
82717
82716
82713
82711
82710
82709
82709
82708
82708
82707
82706
82705
82699
82698
82697
82696
82695
82695
82695
82694
82692
82692
82692
82690
82689
82689
82689
82688
82688
82687
82686
82686
82685
82684
82683
82683
82683
82682
82682
82682
82682
82679
82678
82677
82674
82673
82672
82672
82672
82670
82670
82668
82667
82665
82665
82664
82664
82664
82663
82663
82663
82662
82661
82661
82661
82660
82660
82659
82658
82657
82657
82657
82655
82655
82655
82654
82653
82653
82652
82652
82650
82648
82647
82647
82644
82644
82644
82643
82643
82643
82641
82641
82640
82638
82637
82633
82631
82631
82629
82628
82627
82626
82625
82625
82625
82623
82623
82622
82621
82620
82619
82618
82617
82616
82615
82615
82614
82613
82612
82611
82610
82608
82606
82606
82606
82606
82604
82603
82602
82600
82600
82599
82598
82597
82596
82596
82595
82594
82592
82590
82590
82589
82587
82586
82586
82585
82585
82584
82583
82583
82582
82580
82579
82576
82574
82574
82571
82569
82569
82567
82567
82566
82565
82565
82564
82562
82560
82560
82560
82559
82558
82557
82556
82554
82554
82552
82552
82552
82550
82547
82547
82546
82545
82545
82545
82545
82545
82545
82544
82543
82543
82540
82539
82536
82536
82536
82535
82534
82533
82528
82526
82526
82524
82523
82523
82523
82520
82519
82519
82519
82515
82514
82512
82512
82512
82512
82511
82511
82511
82511
82511
82510
82510
82509
82509
82508
82508
82508
82507
82507
82507
82506
82506
82505
82504
82503
82503
82499
82498
82498
82498
82496
82493
82493
82493
82492
82491
82490
82488
82487
82481
82481
82481
82480
82479
82479
82476
82476
82474
82474
82470
82468
82468
82467
82466
82466
82463
82463
82462
82462
82461
82459
82458
82458
82456
82456
82455
82455
82455
82452
82452
82449
82448
82446
82446
82444
82443
82442
82441
82440
82439
82439
82434
82432
82432
82432
82432
82431
82430
82425
82425
82425
82425
82423
82423
82423
82421
82421
82421
82420
82420
82419
82419
82418
82417
82416
82415
82413
82410
82409
82409
82409
82408
82407
82407
82406
82405
82404
82403
82403
82402
82402
82399
82399
82398
82398
82395
82395
82395
82394
82393
82392
82391
82391
82386
82386
82386
82384
82383
82382
82381
82378
82378
82376
82376
82375
82372
82372
82371
82370
82370
82369
82369
82368
82367
82367
82367
82366
82365
82365
82365
82364
82363
82362
82361
82361
82361
82360
82360
82360
82359
82359
82359
82357
82355
82354
82354
82353
82351
82349
82349
82348
82348
82348
82344
82344
82342
82341
82340
82340
82337
82335
82334
82332
82332
82331
82331
82330
82329
82327
82326
82326
82323
82321
82320
82320
82320
82319
82318
82317
82317
82317
82315
82313
82312
82310
82310
82309
82309
82306
82305
82304
82303
82303
82301
82298
82298
82297
82297
82295
82295
82290
82289
82288
82288
82287
82285
82283
82283
82282
82279
82279
82278
82278
82277
82277
82274
82274
82274
82274
82273
82273
82272
82271
82264
82264
82264
82263
82262
82261
82261
82260
82260
82258
82257
82256
82256
82255
82255
82254
82254
82251
82250
82250
82249
82248
82248
82247
82246
82245
82244
82243
82241
82237
82236
82235
82233
82233
82232
82232
82232
82231
82231
82231
82231
82230
82229
82229
82229
82227
82226
82226
82225
82224
82224
82224
82223
82223
82223
82221
82219
82217
82216
82215
82215
82214
82214
82214
82213
82212
82212
82210
82209
82208
82206
82205
82204
82203
82202
82202
82200
82200
82200
82200
82199
82198
82196
82196
82195
82195
82195
82195
82193
82192
82192
82192
82192
82191
82191
82190
82190
82188
82187
82186
82185
82184
82184
82184
82182
82181
82180
82176
82176
82176
82175
82175
82175
82175
82173
82172
82171
82171
82171
82170
82167
82167
82167
82167
82164
82164
82163
82160
82159
82158
82158
82157
82155
82155
82153
82152
82151
82150
82150
82149
82148
82146
82144
82143
82140
82138
82137
82136
82135
82135
82135
82132
82132
82132
82131
82131
82130
82130
82129
82128
82128
82127
82126
82125
82124
82123
82123
82122
82121
82118
82118
82118
82115
82112
82111
82109
82109
82108
82108
82107
82104
82103
82102
82101
82101
82100
82100
82100
82100
82099
82098
82098
82098
82097
82097
82096
82095
82094
82094
82092
82092
82091
82091
82089
82089
82087
82085
82085
82084
82082
82081
82081
82080
82079
82077
82077
82077
82077
82077
82076
82075
82074
82072
82071
82068
82066
82065
82065
82064
82061
82061
82061
82061
82059
82058
82057
82056
82056
82055
82055
82055
82054
82053
82052
82051
82051
82046
82045
82045
82045
82044
82044
82043
82043
82041
82040
82040
82039
82038
82037
82035
82034
82033
82032
82031
82030
82029
82029
82029
82028
82027
82026
82026
82026
82025
82024
82024
82020
82020
82019
82018
82015
82015
82015
82013
82012
82012
82012
82012
82009
82008
82008
82007
82007
82006
82006
82005
82005
82002
81999
81998
81997
81997
81995
81994
81993
81992
81990
81990
81990
81989
81988
81986
81986
81986
81985
81984
81984
81983
81981
81981
81980
81979
81979
81979
81977
81977
81973
81973
81972
81972
81971
81971
81970
81969
81969
81969
81963
81961
81960
81956
81956
81955
81953
81952
81951
81950
81950
81950
81947
81946
81942
81942
81941
81940
81940
81939
81939
81938
81937
81935
81934
81934
81932
81930
81930
81929
81927
81927
81926
81925
81924
81923
81923
81922
81922
81921
81921
81920
81918
81917
81914
81914
81913
81911
81911
81911
81910
81908
81907
81907
81906
81905
81905
81901
81894
81894
81894
81894
81893
81891
81891
81891
81890
81890
81889
81888
81886
81886
81886
81885
81883
81881
81879
81879
81879
81879
81879
81877
81876
81876
81876
81875
81874
81873
81872
81870
81867
81867
81867
81865
81865
81865
81864
81863
81863
81861
81860
81860
81857
81857
81856
81853
81851
81851
81850
81850
81848
81846
81845
81845
81844
81844
81842
81842
81841
81837
81835
81834
81833
81833
81832
81831
81830
81825
81824
81823
81823
81823
81823
81821
81821
81818
81818
81817
81816
81815
81812
81812
81812
81811
81810
81809
81808
81807
81806
81803
81803
81803
81802
81802
81799
81798
81797
81793
81793
81791
81791
81790
81790
81790
81789
81789
81786
81785
81785
81785
81784
81783
81783
81782
81782
81782
81782
81780
81779
81779
81779
81778
81777
81776
81776
81775
81775
81774
81774
81773
81773
81767
81767
81766
81762
81762
81759
81759
81759
81758
81756
81753
81753
81750
81750
81748
81748
81747
81745
81744
81744
81744
81743
81740
81739
81738
81737
81736
81736
81731
81731
81731
81731
81729
81729
81729
81728
81725
81725
81724
81723
81722
81722
81721
81720
81719
81718
81717
81716
81715
81714
81713
81713
81712
81709
81708
81708
81708
81708
81705
81704
81704
81703
81701
81700
81700
81699
81698
81698
81698
81698
81697
81697
81696
81696
81695
81694
81693
81692
81691
81690
81690
81688
81688
81686
81684
81683
81682
81681
81681
81677
81677
81675
81672
81671
81669
81668
81668
81665
81665
81663
81662
81662
81661
81661
81659
81658
81658
81658
81657
81657
81656
81655
81655
81654
81653
81652
81651
81650
81648
81647
81647
81645
81644
81644
81643
81640
81640
81638
81637
81635
81632
81632
81632
81629
81628
81627
81627
81626
81626
81625
81623
81622
81622
81621
81620
81619
81619
81618
81617
81617
81615
81611
81610
81610
81609
81607
81606
81603
81602
81601
81601
81600
81597
81597
81593
81592
81592
81591
81591
81589
81588
81588
81587
81587
81586
81584
81583
81582
81582
81582
81582
81580
81579
81579
81578
81578
81577
81575
81575
81571
81571
81567
81566
81566
81564
81564
81563
81563
81560
81560
81559
81559
81558
81556
81556
81555
81554
81553
81551
81551
81546
81545
81545
81544
81544
81543
81542
81540
81536
81534
81534
81534
81533
81533
81533
81533
81532
81531
81529
81527
81527
81527
81526
81525
81525
81524
81523
81523
81523
81523
81519
81518
81518
81517
81517
81516
81513
81513
81512
81512
81511
81510
81510
81509
81507
81505
81505
81505
81502
81502
81502
81500
81498
81498
81497
81497
81495
81495
81495
81495
81494
81493
81493
81493
81493
81493
81492
81492
81491
81489
81488
81488
81487
81487
81484
81484
81484
81480
81479
81478
81478
81476
81475
81474
81471
81471
81470
81470
81468
81468
81467
81464
81464
81461
81460
81460
81460
81459
81457
81457
81456
81454
81453
81453
81453
81453
81452
81450
81450
81449
81447
81446
81446
81445
81444
81444
81442
81441
81441
81441
81439
81436
81436
81436
81434
81433
81432
81431
81429
81428
81427
81426
81426
81426
81424
81424
81423
81423
81422
81419
81418
81418
81417
81417
81415
81415
81413
81413
81412
81407
81406
81405
81405
81404
81403
81403
81401
81397
81394
81393
81392
81392
81392
81391
81391
81391
81390
81389
81389
81389
81388
81387
81387
81386
81386
81385
81385
81384
81384
81384
81380
81379
81378
81376
81376
81376
81372
81369
81368
81368
81368
81366
81363
81362
81361
81360
81357
81357
81355
81355
81354
81353
81352
81352
81351
81350
81349
81349
81348
81347
81346
81346
81343
81343
81343
81342
81342
81338
81338
81338
81336
81336
81336
81334
81334
81334
81332
81332
81332
81330
81330
81327
81327
81325
81325
81321
81320
81319
81318
81318
81318
81315
81313
81312
81312
81310
81309
81308
81306
81304
81304
81304
81303
81301
81300
81299
81299
81298
81297
81297
81294
81292
81289
81288
81288
81287
81286
81286
81286
81286
81285
81283
81283
81281
81280
81279
81279
81279
81277
81276
81274
81272
81272
81269
81269
81268
81268
81268
81267
81266
81265
81263
81261
81261
81261
81259
81257
81253
81250
81249
81249
81247
81246
81246
81243
81243
81242
81242
81241
81241
81240
81240
81240
81238
81238
81237
81236
81234
81234
81232
81232
81232
81232
81230
81229
81229
81228
81227
81227
81227
81222
81217
81215
81215
81213
81213
81212
81212
81211
81210
81206
81204
81204
81203
81202
81198
81198
81197
81195
81195
81193
81191
81190
81189
81189
81189
81189
81188
81184
81183
81183
81182
81181
81180
81179
81179
81177
81174
81174
81173
81173
81173
81172
81172
81172
81171
81170
81170
81169
81169
81169
81166
81165
81165
81162
81162
81162
81161
81160
81160
81151
81149
81148
81147
81147
81146
81144
81143
81141
81141
81139
81138
81138
81138
81137
81134
81132
81132
81130
81130
81130
81130
81127
81127
81127
81124
81123
81123
81122
81122
81121
81121
81121
81120
81120
81119
81118
81117
81117
81116
81115
81113
81110
81109
81109
81107
81105
81105
81103
81102
81101
81101
81098
81097
81096
81096
81096
81094
81092
81091
81088
81088
81087
81087
81086
81085
81085
81085
81084
81084
81082
81082
81076
81075
81074
81074
81073
81071
81068
81068
81067
81067
81066
81065
81064
81064
81064
81063
81063
81063
81062
81060
81059
81057
81057
81054
81054
81053
81053
81053
81052
81052
81052
81051
81050
81050
81045
81044
81044
81044
81043
81042
81041
81039
81039
81039
81038
81038
81037
81035
81034
81034
81032
81031
81031
81031
81029
81029
81029
81026
81025
81025
81025
81024
81022
81021
81021
81020
81020
81019
81019
81016
81015
81014
81011
81009
81009
81009
81008
81006
81001
81000
81000
80999
80997
80996
80996
80995
80995
80995
80994
80991
80986
80985
80985
80982
80981
80981
80979
80977
80977
80976
80976
80975
80975
80974
80973
80973
80973
80972
80972
80971
80971
80970
80970
80969
80968
80968
80967
80966
80966
80966
80965
80964
80964
80962
80961
80959
80959
80957
80957
80957
80956
80956
80955
80953
80951
80950
80948
80947
80946
80946
80944
80944
80943
80942
80941
80940
80940
80934
80932
80931
80931
80929
80929
80928
80928
80926
80926
80926
80926
80925
80922
80922
80921
80920
80919
80919
80918
80917
80917
80917
80916
80916
80915
80915
80915
80914
80913
80911
80910
80909
80909
80908
80906
80906
80905
80905
80903
80903
80902
80901
80897
80897
80894
80892
80889
80889
80889
80888
80888
80888
80887
80886
80885
80885
80884
80882
80882
80878
80878
80877
80876
80875
80873
80873
80873
80872
80871
80870
80870
80870
80869
80868
80867
80867
80867
80865
80865
80864
80863
80863
80863
80862
80862
80860
80859
80858
80857
80856
80856
80854
80854
80851
80850
80850
80850
80847
80847
80847
80845
80845
80844
80843
80843
80840
80838
80837
80836
80833
80832
80832
80832
80832
80832
80829
80825
80821
80820
80818
80818
80818
80818
80817
80816
80816
80813
80811
80811
80807
80807
80807
80806
80805
80803
80801
80801
80801
80799
80799
80799
80798
80798
80798
80797
80797
80796
80795
80794
80793
80792
80789
80788
80787
80787
80787
80786
80786
80784
80783
80781
80781
80780
80780
80778
80778
80777
80776
80775
80775
80772
80772
80772
80772
80770
80767
80764
80763
80763
80762
80762
80762
80754
80754
80753
80753
80752
80748
80748
80744
80742
80740
80740
80740
80739
80738
80738
80736
80735
80734
80733
80731
80729
80728
80726
80725
80725
80724
80721
80718
80717
80715
80715
80715
80714
80713
80712
80712
80711
80710
80710
80709
80709
80709
80709
80707
80707
80707
80704
80702
80698
80698
80697
80697
80697
80696
80696
80695
80695
80694
80693
80692
80692
80691
80691
80690
80689
80684
80683
80681
80681
80680
80676
80675
80674
80674
80674
80674
80673
80673
80672
80668
80668
80666
80665
80664
80664
80663
80661
80659
80658
80658
80657
80657
80656
80655
80655
80653
80653
80653
80652
80651
80649
80648
80648
80646
80645
80645
80641
80641
80639
80639
80637
80634
80633
80631
80631
80630
80629
80629
80629
80628
80626
80625
80625
80623
80621
80620
80620
80617
80615
80615
80615
80613
80612
80611
80610
80609
80607
80607
80606
80606
80605
80605
80604
80603
80603
80602
80601
80599
80599
80599
80598
80598
80594
80594
80593
80592
80592
80592
80591
80588
80588
80588
80585
80585
80584
80584
80582
80581
80579
80578
80578
80578
80578
80576
80576
80575
80573
80573
80573
80572
80572
80572
80571
80570
80570
80568
80565
80565
80565
80563
80563
80562
80561
80561
80561
80561
80559
80557
80557
80557
80556
80556
80555
80551
80550
80550
80549
80549
80549
80548
80546
80545
80544
80541
80541
80538
80534
80533
80530
80530
80529
80527
80527
80526
80525
80525
80523
80523
80523
80522
80522
80522
80521
80521
80519
80519
80517
80517
80516
80513
80512
80512
80512
80512
80510
80509
80507
80507
80504
80504
80503
80502
80501
80501
80499
80499
80495
80492
80492
80492
80490
80490
80489
80488
80488
80487
80486
80484
80483
80483
80482
80482
80482
80482
80482
80480
80479
80478
80478
80478
80475
80475
80475
80473
80472
80471
80470
80470
80469
80469
80469
80468
80468
80466
80464
80464
80463
80462
80462
80461
80461
80460
80459
80458
80458
80458
80455
80453
80452
80451
80450
80449
80449
80448
80448
80445
80444
80443
80441
80439
80437
80437
80436
80436
80436
80435
80435
80435
80434
80434
80433
80433
80432
80432
80431
80429
80429
80428
80428
80428
80427
80424
80423
80423
80421
80421
80421
80420
80416
80415
80413
80413
80412
80411
80411
80411
80410
80409
80409
80406
80405
80405
80404
80404
80403
80402
80401
80401
80400
80399
80397
80397
80395
80394
80394
80389
80388
80388
80387
80384
80383
80381
80381
80380
80380
80379
80379
80378
80378
80377
80377
80377
80376
80375
80375
80374
80373
80372
80371
80371
80370
80370
80369
80369
80369
80368
80362
80361
80361
80360
80360
80358
80357
80356
80356
80353
80353
80352
80351
80350
80349
80348
80345
80343
80343
80343
80338
80338
80338
80338
80337
80335
80335
80335
80334
80334
80332
80332
80332
80330
80330
80329
80329
80328
80327
80325
80325
80325
80325
80323
80323
80322
80321
80320
80320
80319
80319
80318
80317
80317
80317
80316
80315
80313
80313
80313
80312
80312
80311
80311
80308
80306
80303
80303
80299
80299
80298
80295
80295
80294
80294
80293
80290
80290
80288
80287
80285
80285
80284
80284
80284
80283
80278
80278
80277
80276
80276
80276
80275
80274
80274
80274
80273
80272
80272
80269
80269
80265
80265
80264
80262
80260
80259
80259
80258
80256
80256
80255
80254
80253
80252
80249
80249
80249
80247
80247
80245
80245
80244
80242
80240
80239
80239
80239
80238
80237
80237
80236
80236
80236
80235
80235
80234
80233
80233
80232
80231
80231
80230
80228
80228
80227
80227
80225
80224
80223
80223
80223
80223
80223
80223
80222
80221
80217
80215
80215
80213
80213
80212
80212
80211
80210
80209
80209
80205
80205
80204
80202
80202
80201
80201
80200
80198
80197
80196
80195
80194
80192
80189
80187
80187
80187
80187
80186
80186
80186
80183
80182
80182
80181
80180
80180
80180
80180
80179
80176
80176
80176
80175
80174
80174
80174
80173
80173
80173
80173
80172
80171
80170
80168
80167
80167
80167
80166
80166
80165
80164
80164
80164
80164
80164
80159
80159
80158
80157
80157
80155
80153
80153
80150
80150
80149
80147
80141
80141
80141
80140
80140
80138
80138
80137
80136
80134
80133
80130
80130
80127
80126
80125
80124
80123
80122
80121
80121
80120
80119
80119
80115
80115
80113
80112
80110
80110
80109
80108
80107
80102
80102
80101
80100
80100
80098
80098
80096
80095
80093
80092
80092
80092
80090
80088
80088
80085
80084
80081
80079
80079
80078
80077
80076
80075
80075
80074
80074
80072
80072
80072
80071
80071
80071
80069
80064
80062
80061
80060
80060
80060
80060
80059
80058
80055
80054
80052
80052
80052
80051
80050
80050
80049
80048
80047
80044
80041
80040
80039
80039
80038
80037
80035
80031
80030
80029
80029
80027
80027
80025
80025
80023
80023
80022
80021
80021
80020
80020
80019
80019
80018
80018
80018
80018
80017
80017
80016
80016
80014
80014
80013
80011
80009
80008
80008
80007
80007
80005
80002
80001
80001
80001
80001
80000
79998
79998
79998
79995
79995
79995
79994
79993
79992
79989
79987
79985
79983
79981
79979
79979
79979
79978
79978
79977
79974
79972
79971
79971
79970
79970
79970
79967
79966
79966
79965
79965
79965
79965
79964
79960
79956
79955
79955
79955
79955
79952
79951
79951
79946
79945
79945
79945
79942
79941
79940
79939
79934
79934
79933
79933
79932
79931
79930
79927
79925
79923
79920
79920
79920
79920
79919
79919
79918
79918
79918
79917
79914
79907
79907
79903
79901
79901
79900
79900
79897
79897
79894
79892
79890
79889
79887
79887
79886
79884
79881
79880
79880
79877
79877
79875
79874
79874
79872
79870
79870
79869
79869
79868
79868
79866
79866
79864
79862
79861
79860
79859
79858
79857
79857
79857
79853
79853
79852
79849
79848
79847
79845
79843
79841
79841
79840
79838
79838
79837
79835
79834
79833
79832
79831
79830
79829
79826
79826
79826
79823
79822
79822
79821
79819
79819
79819
79818
79818
79818
79816
79815
79814
79814
79813
79812
79811
79809
79807
79806
79805
79805
79805
79804
79803
79803
79803
79803
79799
79799
79799
79796
79796
79795
79794
79793
79792
79792
79790
79790
79790
79788
79788
79787
79787
79786
79785
79784
79783
79783
79780
79780
79780
79779
79779
79778
79778
79778
79778
79774
79774
79768
79768
79768
79767
79765
79764
79762
79761
79760
79759
79758
79754
79754
79752
79750
79750
79748
79746
79746
79746
79745
79745
79741
79740
79738
79735
79733
79731
79730
79730
79729
79729
79729
79726
79725
79724
79723
79723
79722
79722
79720
79718
79717
79717
79717
79717
79716
79715
79715
79714
79714
79711
79710
79710
79709
79709
79709
79707
79706
79705
79701
79701
79699
79697
79697
79697
79697
79696
79696
79695
79695
79694
79694
79694
79693
79691
79691
79690
79690
79689
79687
79687
79687
79687
79684
79683
79682
79681
79681
79680
79679
79678
79676
79675
79674
79673
79670
79669
79669
79668
79668
79667
79666
79666
79665
79665
79663
79661
79661
79661
79660
79660
79660
79660
79655
79655
79652
79651
79650
79649
79649
79646
79645
79645
79644
79640
79638
79637
79637
79633
79633
79632
79632
79631
79631
79631
79630
79629
79628
79628
79626
79625
79624
79623
79623
79622
79622
79620
79620
79619
79617
79616
79616
79614
79614
79610
79608
79608
79607
79606
79605
79605
79603
79601
79599
79599
79598
79597
79594
79591
79590
79588
79586
79585
79584
79583
79581
79580
79580
79579
79577
79577
79576
79575
79572
79571
79570
79568
79567
79566
79566
79564
79561
79561
79561
79559
79556
79556
79555
79554
79554
79554
79553
79552
79551
79551
79551
79550
79549
79548
79548
79544
79542
79542
79542
79540
79539
79538
79537
79537
79537
79532
79531
79529
79528
79528
79527
79526
79526
79525
79525
79524
79523
79522
79521
79520
79520
79519
79518
79518
79518
79517
79516
79516
79516
79514
79513
79513
79513
79511
79510
79507
79507
79506
79506
79506
79503
79502
79501
79501
79499
79498
79496
79491
79490
79490
79488
79488
79487
79486
79486
79484
79484
79482
79482
79481
79481
79480
79479
79479
79479
79479
79478
79478
79478
79478
79478
79476
79475
79475
79475
79475
79475
79473
79472
79472
79472
79471
79471
79470
79470
79468
79468
79463
79462
79461
79460
79459
79458
79457
79457
79456
79455
79455
79453
79453
79453
79452
79451
79449
79447
79447
79447
79446
79444
79443
79442
79441
79441
79441
79440
79438
79435
79435
79434
79432
79430
79430
79429
79428
79426
79425
79425
79423
79422
79422
79422
79422
79421
79419
79418
79417
79417
79416
79416
79416
79413
79413
79412
79412
79411
79411
79409
79408
79408
79407
79407
79406
79403
79402
79402
79401
79401
79401
79401
79401
79400
79400
79400
79397
79397
79397
79396
79396
79394
79392
79392
79391
79389
79387
79385
79383
79382
79380
79379
79379
79378
79376
79372
79372
79372
79372
79368
79368
79368
79366
79366
79365
79365
79363
79362
79361
79361
79358
79357
79356
79356
79356
79356
79356
79353
79352
79352
79352
79352
79352
79351
79351
79350
79347
79346
79346
79346
79344
79343
79342
79342
79341
79339
79339
79339
79339
79338
79338
79337
79335
79333
79331
79330
79330
79328
79328
79326
79326
79325
79322
79322
79321
79319
79319
79318
79317
79316
79315
79314
79313
79310
79309
79308
79305
79303
79303
79300
79298
79297
79294
79292
79291
79291
79288
79287
79285
79284
79284
79283
79283
79282
79281
79281
79280
79279
79279
79278
79277
79277
79275
79274
79274
79273
79272
79271
79271
79270
79270
79269
79268
79268
79264
79264
79264
79263
79261
79261
79261
79261
79259
79258
79257
79257
79257
79252
79250
79248
79248
79245
79245
79244
79242
79242
79241
79239
79237
79237
79236
79236
79235
79235
79234
79234
79231
79230
79229
79229
79228
79228
79228
79225
79225
79222
79221
79220
79219
79218
79218
79218
79216
79215
79215
79214
79213
79212
79212
79212
79212
79210
79210
79210
79209
79208
79207
79206
79205
79205
79204
79204
79203
79201
79200
79200
79200
79199
79199
79198
79198
79197
79194
79190
79189
79188
79187
79186
79184
79184
79183
79181
79180
79178
79178
79177
79177
79177
79177
79174
79173
79173
79171
79171
79170
79170
79170
79169
79168
79167
79166
79165
79165
79165
79165
79163
79163
79162
79159
79158
79154
79153
79153
79150
79150
79149
79147
79144
79144
79142
79142
79141
79141
79140
79138
79138
79137
79137
79136
79136
79136
79133
79132
79130
79130
79130
79126
79126
79125
79125
79125
79125
79124
79124
79123
79123
79121
79120
79119
79119
79118
79112
79110
79110
79108
79105
79104
79104
79103
79101
79101
79100
79099
79099
79099
79099
79098
79096
79096
79096
79096
79096
79095
79092
79090
79090
79089
79088
79085
79083
79082
79081
79081
79081
79076
79076
79076
79074
79074
79074
79073
79073
79072
79071
79070
79064
79064
79063
79061
79060
79060
79058
79056
79056
79054
79054
79051
79050
79050
79049
79049
79049
79048
79046
79044
79043
79042
79041
79040
79039
79039
79039
79038
79037
79037
79037
79036
79036
79035
79034
79034
79032
79032
79032
79029
79028
79028
79028
79027
79027
79025
79024
79024
79023
79023
79023
79020
79019
79017
79016
79015
79015
79015
79015
79013
79012
79010
79008
79007
79007
79007
79005
79003
79002
79000
78999
78999
78998
78998
78995
78993
78993
78993
78992
78992
78992
78992
78991
78991
78989
78989
78986
78985
78984
78982
78982
78981
78981
78979
78977
78976
78976
78975
78973
78973
78973
78972
78971
78970
78969
78969
78969
78969
78968
78968
78967
78966
78966
78964
78964
78963
78961
78960
78960
78960
78960
78960
78958
78958
78956
78954
78953
78951
78947
78946
78945
78944
78943
78943
78942
78942
78941
78940
78939
78937
78934
78934
78929
78928
78927
78925
78925
78922
78920
78919
78919
78919
78918
78917
78911
78909
78908
78906
78906
78905
78904
78904
78904
78903
78903
78901
78900
78899
78897
78897
78896
78896
78894
78891
78891
78889
78889
78887
78887
78887
78886
78886
78884
78883
78883
78882
78882
78881
78881
78880
78879
78879
78878
78875
78875
78874
78874
78873
78871
78871
78869
78869
78868
78868
78868
78868
78867
78866
78866
78865
78865
78865
78865
78864
78862
78861
78859
78858
78857
78857
78855
78855
78854
78853
78853
78853
78852
78852
78852
78851
78850
78849
78848
78847
78847
78846
78846
78846
78846
78842
78839
78839
78838
78838
78836
78835
78834
78832
78831
78830
78830
78829
78829
78829
78828
78827
78826
78826
78825
78823
78822
78822
78822
78820
78817
78817
78816
78816
78815
78815
78814
78813
78810
78808
78806
78806
78806
78801
78801
78800
78800
78799
78798
78796
78795
78795
78793
78792
78791
78788
78786
78785
78785
78783
78782
78782
78781
78781
78780
78780
78779
78778
78778
78777
78776
78776
78776
78775
78775
78772
78772
78771
78770
78769
78768
78767
78766
78764
78763
78762
78762
78762
78761
78760
78759
78759
78758
78757
78755
78754
78753
78752
78752
78750
78750
78749
78748
78748
78748
78747
78747
78747
78746
78746
78746
78744
78744
78742
78742
78742
78739
78739
78739
78739
78739
78738
78738
78736
78735
78734
78733
78731
78729
78728
78728
78727
78727
78726
78726
78726
78725
78723
78723
78723
78721
78721
78721
78719
78719
78717
78717
78715
78715
78714
78711
78709
78706
78706
78704
78704
78701
78701
78700
78699
78698
78698
78695
78695
78695
78692
78691
78690
78687
78686
78686
78685
78683
78682
78682
78681
78681
78680
78678
78677
78677
78676
78675
78675
78675
78673
78673
78672
78672
78672
78670
78670
78670
78669
78668
78668
78668
78667
78666
78663
78662
78662
78658
78658
78658
78657
78648
78646
78646
78641
78641
78640
78639
78637
78633
78633
78633
78631
78630
78630
78629
78628
78627
78626
78625
78623
78621
78621
78618
78617
78616
78616
78616
78616
78615
78613
78613
78612
78611
78608
78608
78607
78606
78606
78606
78605
78605
78603
78602
78601
78601
78600
78600
78598
78597
78594
78592
78592
78592
78591
78588
78586
78585
78584
78582
78582
78581
78581
78577
78577
78576
78575
78574
78574
78572
78572
78572
78571
78571
78569
78566
78565
78564
78564
78563
78562
78560
78559
78559
78557
78553
78548
78547
78547
78546
78546
78544
78543
78543
78543
78543
78542
78542
78540
78539
78539
78536
78536
78534
78534
78534
78531
78531
78529
78527
78527
78526
78525
78522
78521
78519
78518
78515
78513
78512
78510
78509
78508
78508
78507
78506
78506
78506
78503
78502
78502
78499
78499
78497
78497
78497
78497
78495
78494
78493
78493
78491
78490
78490
78489
78485
78485
78485
78484
78484
78482
78481
78481
78478
78477
78477
78476
78475
78474
78472
78472
78472
78471
78471
78471
78470
78470
78469
78468
78467
78467
78466
78465
78463
78463
78462
78461
78457
78456
78455
78454
78453
78453
78453
78453
78452
78452
78450
78447
78447
78445
78445
78445
78444
78443
78443
78443
78443
78442
78441
78441
78440
78439
78439
78439
78438
78437
78436
78436
78435
78434
78432
78431
78429
78428
78427
78425
78425
78424
78423
78422
78421
78421
78421
78418
78414
78413
78413
78412
78412
78412
78410
78410
78409
78408
78408
78405
78404
78402
78401
78398
78397
78397
78396
78395
78394
78394
78393
78393
78393
78392
78392
78391
78391
78391
78389
78386
78386
78386
78385
78384
78384
78383
78382
78382
78382
78381
78381
78380
78380
78379
78378
78377
78377
78376
78374
78374
78373
78373
78372
78372
78370
78370
78369
78369
78369
78369
78368
78366
78366
78365
78363
78362
78362
78362
78361
78361
78360
78359
78359
78358
78358
78357
78357
78357
78357
78356
78354
78354
78353
78352
78349
78347
78346
78345
78345
78345
78344
78343
78342
78342
78341
78341
78341
78340
78338
78335
78334
78334
78332
78332
78330
78330
78329
78328
78327
78327
78327
78326
78326
78324
78323
78322
78322
78320
78320
78316
78314
78312
78309
78308
78306
78304
78301
78300
78295
78295
78295
78293
78293
78290
78290
78289
78289
78289
78288
78288
78288
78287
78285
78285
78284
78282
78281
78280
78280
78279
78278
78278
78277
78277
78277
78276
78275
78275
78275
78274
78271
78268
78266
78266
78266
78265
78261
78260
78260
78258
78258
78257
78257
78256
78256
78255
78253
78252
78251
78248
78246
78246
78242
78242
78241
78241
78237
78236
78236
78236
78236
78236
78236
78234
78233
78232
78230
78229
78228
78226
78226
78225
78224
78224
78223
78223
78222
78221
78221
78221
78218
78218
78218
78216
78216
78215
78214
78214
78212
78211
78209
78208
78208
78207
78206
78206
78205
78204
78203
78203
78203
78202
78202
78202
78201
78199
78199
78198
78197
78196
78196
78194
78191
78191
78190
78188
78187
78187
78186
78184
78184
78183
78182
78179
78178
78177
78177
78175
78175
78174
78173
78171
78170
78169
78169
78168
78168
78168
78167
78166
78163
78160
78158
78157
78157
78156
78155
78154
78151
78149
78149
78149
78146
78145
78142
78141
78136
78135
78134
78133
78132
78131
78130
78130
78129
78129
78129
78129
78126
78126
78125
78124
78124
78122
78122
78118
78117
78116
78116
78116
78114
78114
78113
78112
78112
78112
78111
78111
78110
78110
78109
78109
78108
78108
78107
78106
78105
78104
78103
78103
78102
78101
78098
78095
78095
78094
78094
78093
78093
78090
78089
78086
78086
78085
78082
78082
78082
78081
78081
78081
78077
78077
78075
78075
78074
78073
78072
78072
78072
78071
78071
78070
78070
78069
78067
78067
78066
78066
78065
78064
78064
78063
78062
78062
78061
78061
78060
78059
78059
78058
78057
78057
78057
78056
78056
78056
78055
78054
78053
78053
78053
78052
78051
78050
78050
78046
78046
78044
78042
78042
78041
78041
78039
78039
78038
78037
78035
78035
78034
78034
78032
78031
78031
78031
78030
78029
78028
78028
78028
78028
78028
78027
78025
78025
78024
78024
78024
78021
78020
78019
78016
78014
78014
78012
78012
78011
78006
78006
78006
78005
78005
78004
78004
78003
78003
78002
78000
77997
77997
77996
77996
77996
77993
77993
77993
77991
77990
77990
77988
77988
77986
77986
77986
77984
77983
77983
77983
77982
77981
77981
77981
77979
77979
77977
77977
77977
77976
77976
77972
77972
77967
77966
77966
77965
77963
77962
77961
77954
77954
77954
77953
77952
77951
77950
77949
77949
77949
77948
77948
77948
77948
77947
77946
77945
77944
77944
77941
77941
77940
77939
77939
77939
77939
77936
77936
77935
77934
77934
77931
77927
77923
77923
77922
77919
77918
77918
77917
77916
77914
77913
77911
77911
77910
77908
77904
77904
77903
77902
77901
77901
77901
77899
77898
77898
77895
77894
77890
77890
77888
77888
77887
77886
77885
77884
77881
77881
77881
77877
77877
77875
77875
77873
77872
77870
77870
77870
77866
77866
77866
77865
77864
77862
77861
77860
77858
77857
77856
77856
77856
77854
77853
77853
77853
77853
77853
77849
77849
77847
77845
77844
77844
77844
77843
77842
77841
77841
77840
77840
77840
77839
77839
77838
77836
77835
77833
77832
77832
77832
77831
77830
77830
77829
77829
77828
77827
77825
77825
77824
77824
77823
77823
77821
77821
77820
77819
77819
77819
77816
77816
77815
77815
77815
77815
77814
77814
77813
77813
77813
77812
77812
77810
77810
77810
77808
77808
77808
77807
77807
77807
77806
77805
77802
77802
77801
77798
77797
77796
77794
77793
77793
77792
77792
77790
77789
77789
77788
77785
77785
77784
77781
77780
77779
77778
77777
77773
77772
77772
77771
77771
77770
77769
77768
77768
77768
77767
77766
77766
77764
77763
77763
77763
77760
77760
77759
77758
77757
77757
77755
77755
77755
77755
77753
77752
77751
77751
77750
77748
77747
77747
77746
77746
77746
77745
77744
77744
77743
77743
77740
77739
77739
77739
77737
77736
77735
77734
77734
77731
77731
77729
77728
77728
77725
77725
77724
77724
77721
77721
77720
77718
77716
77714
77713
77710
77709
77708
77705
77705
77704
77703
77703
77701
77700
77699
77699
77694
77692
77691
77689
77689
77686
77685
77682
77682
77682
77681
77679
77678
77678
77677
77677
77677
77676
77676
77674
77673
77671
77671
77670
77668
77668
77666
77665
77663
77663
77662
77661
77659
77658
77657
77656
77654
77654
77654
77653
77652
77652
77652
77651
77650
77647
77647
77647
77646
77645
77643
77642
77638
77637
77637
77636
77636
77635
77632
77632
77632
77631
77631
77630
77630
77629
77628
77627
77626
77625
77624
77622
77622
77618
77618
77616
77616
77615
77615
77615
77614
77612
77611
77608
77606
77606
77606
77604
77604
77599
77598
77598
77597
77597
77596
77595
77595
77594
77594
77593
77593
77592
77592
77591
77589
77589
77588
77588
77586
77584
77583
77583
77582
77581
77580
77579
77578
77576
77568
77567
77567
77567
77566
77563
77562
77561
77560
77560
77559
77556
77556
77556
77555
77549
77548
77547
77547
77543
77543
77541
77541
77539
77538
77537
77537
77536
77535
77535
77535
77530
77529
77529
77529
77526
77526
77525
77524
77523
77523
77522
77522
77521
77520
77519
77518
77513
77512
77512
77510
77510
77509
77508
77507
77504
77503
77500
77499
77497
77497
77496
77494
77494
77493
77493
77491
77490
77489
77489
77489
77489
77486
77485
77484
77483
77480
77480
77479
77478
77477
77477
77476
77476
77475
77474
77474
77474
77473
77473
77471
77470
77470
77470
77467
77465
77465
77464
77462
77459
77459
77458
77457
77457
77457
77456
77454
77453
77451
77451
77450
77450
77449
77449
77448
77446
77445
77441
77440
77440
77439
77437
77431
77430
77429
77429
77428
77428
77426
77425
77425
77423
77423
77422
77422
77419
77419
77418
77418
77417
77416
77415
77415
77415
77414
77414
77411
77409
77407
77407
77407
77407
77405
77404
77403
77403
77401
77401
77400
77400
77399
77399
77398
77397
77396
77394
77393
77391
77388
77388
77388
77387
77386
77386
77385
77385
77382
77382
77377
77375
77374
77373
77371
77370
77369
77369
77368
77368
77368
77368
77367
77367
77366
77363
77363
77363
77363
77363
77359
77359
77358
77357
77356
77356
77354
77353
77353
77353
77348
77347
77345
77343
77342
77341
77340
77340
77338
77338
77337
77334
77330
77329
77329
77329
77328
77327
77327
77325
77324
77322
77321
77320
77319
77318
77317
77316
77316
77316
77311
77310
77307
77306
77305
77305
77303
77302
77301
77300
77299
77299
77298
77298
77296
77296
77296
77295
77295
77293
77292
77290
77290
77289
77289
77289
77289
77289
77288
77288
77288
77287
77286
77286
77284
77283
77282
77281
77280
77279
77279
77278
77277
77277
77275
77274
77273
77271
77270
77269
77269
77265
77264
77264
77264
77261
77259
77255
77254
77253
77251
77248
77245
77245
77244
77243
77243
77243
77242
77242
77241
77241
77240
77240
77238
77237
77235
77234
77233
77233
77231
77231
77229
77229
77228
77227
77226
77224
77224
77223
77223
77222
77222
77222
77222
77221
77221
77220
77220
77219
77218
77218
77214
77214
77214
77212
77212
77210
77209
77208
77206
77206
77206
77204
77202
77202
77200
77196
77196
77195
77194
77194
77192
77191
77190
77190
77189
77187
77187
77186
77183
77181
77181
77179
77179
77179
77178
77177
77177
77174
77172
77171
77170
77170
77168
77166
77165
77165
77165
77165
77164
77162
77162
77161
77160
77159
77157
77157
77156
77156
77156
77155
77154
77153
77153
77153
77153
77152
77151
77150
77150
77150
77149
77147
77147
77146
77145
77145
77144
77143
77142
77137
77137
77136
77135
77134
77132
77130
77127
77127
77127
77127
77126
77125
77125
77124
77124
77123
77123
77122
77119
77118
77118
77114
77114
77113
77111
77111
77110
77109
77108
77105
77104
77104
77103
77103
77102
77098
77095
77095
77095
77094
77092
77090
77090
77090
77088
77087
77086
77086
77084
77083
77079
77079
77078
77077
77077
77077
77076
77076
77075
77075
77074
77074
77072
77072
77070
77069
77068
77068
77065
77065
77063
77060
77059
77058
77057
77056
77055
77055
77052
77052
77049
77048
77048
77046
77045
77045
77044
77043
77042
77041
77040
77039
77038
77036
77034
77032
77031
77030
77028
77028
77028
77027
77027
77027
77026
77023
77022
77021
77018
77018
77018
77017
77017
77016
77016
77015
77015
77014
77012
77011
77011
77010
77010
77009
77008
77008
77008
77007
77006
77005
77005
77004
77001
77000
77000
76999
76998
76998
76998
76997
76996
76995
76995
76994
76993
76990
76989
76989
76988
76987
76986
76985
76985
76985
76985
76984
76981
76980
76979
76979
76979
76978
76977
76977
76976
76975
76974
76973
76973
76972
76971
76970
76967
76967
76966
76964
76961
76960
76958
76957
76955
76955
76954
76952
76949
76947
76947
76946
76946
76945
76943
76943
76941
76940
76939
76939
76938
76936
76936
76936
76934
76932
76931
76930
76928
76928
76927
76925
76924
76921
76921
76920
76915
76915
76912
76911
76911
76908
76907
76907
76905
76903
76899
76899
76898
76898
76896
76896
76896
76895
76895
76895
76895
76894
76892
76891
76890
76889
76889
76888
76888
76887
76886
76885
76885
76879
76878
76877
76877
76877
76876
76875
76874
76873
76873
76871
76866
76866
76866
76865
76865
76865
76865
76863
76862
76862
76862
76862
76861
76860
76860
76858
76856
76856
76855
76853
76852
76851
76850
76850
76848
76847
76844
76844
76842
76841
76840
76840
76837
76835
76835
76833
76833
76832
76831
76830
76827
76827
76827
76826
76825
76825
76823
76823
76822
76821
76821
76820
76817
76816
76816
76816
76815
76814
76813
76812
76809
76809
76808
76808
76808
76808
76807
76807
76807
76805
76804
76804
76803
76802
76801
76801
76800
76798
76797
76796
76796
76795
76794
76793
76792
76790
76790
76789
76789
76788
76788
76787
76787
76785
76784
76782
76781
76780
76780
76777
76777
76774
76773
76771
76770
76768
76767
76766
76764
76762
76762
76762
76762
76762
76761
76760
76758
76758
76756
76756
76755
76753
76753
76752
76752
76752
76752
76751
76751
76750
76750
76748
76748
76747
76747
76747
76746
76745
76744
76744
76742
76742
76742
76738
76737
76736
76733
76732
76731
76731
76731
76731
76731
76730
76730
76729
76727
76727
76726
76726
76724
76723
76721
76719
76715
76715
76715
76715
76714
76712
76712
76711
76711
76710
76705
76705
76703
76700
76700
76699
76699
76698
76698
76697
76696
76696
76695
76695
76694
76693
76692
76691
76690
76688
76688
76687
76687
76687
76685
76683
76682
76681
76677
76676
76674
76674
76673
76672
76671
76669
76668
76668
76668
76668
76667
76667
76662
76662
76662
76661
76660
76660
76659
76658
76658
76658
76656
76656
76655
76654
76654
76652
76651
76651
76650
76649
76649
76649
76646
76644
76643
76642
76641
76641
76640
76637
76637
76636
76636
76635
76635
76633
76632
76631
76630
76630
76629
76628
76627
76627
76627
76627
76626
76625
76625
76624
76624
76623
76620
76618
76618
76614
76614
76612
76611
76610
76607
76606
76605
76605
76605
76603
76603
76602
76601
76599
76599
76599
76598
76598
76597
76596
76595
76595
76595
76594
76594
76593
76593
76593
76593
76593
76593
76592
76592
76592
76592
76589
76588
76588
76586
76585
76583
76582
76581
76580
76579
76579
76578
76577
76575
76575
76575
76574
76574
76571
76570
76568
76568
76568
76567
76564
76563
76561
76560
76560
76559
76559
76556
76555
76555
76553
76553
76550
76549
76549
76548
76547
76543
76543
76542
76541
76539
76537
76536
76535
76535
76533
76532
76531
76531
76529
76529
76526
76525
76521
76520
76520
76520
76519
76519
76519
76519
76519
76517
76517
76516
76516
76516
76515
76515
76514
76514
76513
76513
76513
76512
76512
76511
76509
76507
76507
76506
76503
76502
76502
76502
76501
76501
76500
76499
76499
76498
76498
76497
76496
76495
76494
76494
76494
76494
76493
76489
76489
76488
76488
76487
76487
76486
76485
76485
76483
76482
76481
76481
76481
76480
76480
76479
76477
76475
76474
76470
76470
76470
76470
76468
76467
76466
76465
76465
76464
76461
76457
76457
76454
76450
76450
76449
76449
76449
76448
76447
76447
76445
76442
76442
76442
76441
76441
76441
76437
76436
76434
76434
76434
76433
76432
76431
76429
76428
76428
76426
76425
76424
76422
76422
76422
76418
76418
76417
76417
76413
76412
76411
76407
76407
76406
76405
76405
76403
76402
76399
76399
76397
76396
76396
76395
76394
76393
76392
76391
76390
76389
76385
76384
76384
76384
76383
76382
76380
76380
76380
76376
76376
76375
76371
76371
76370
76370
76370
76369
76368
76368
76367
76365
76364
76364
76364
76361
76360
76359
76359
76359
76359
76358
76356
76356
76354
76350
76349
76349
76349
76348
76345
76345
76344
76342
76341
76341
76341
76340
76339
76339
76338
76337
76337
76336
76336
76336
76333
76330
76330
76330
76326
76325
76324
76323
76322
76320
76318
76318
76317
76316
76316
76316
76315
76314
76313
76312
76311
76311
76308
76308
76305
76304
76302
76302
76302
76300
76300
76299
76298
76298
76298
76297
76297
76294
76289
76288
76286
76285
76282
76282
76281
76280
76279
76278
76278
76276
76272
76272
76271
76269
76268
76268
76265
76265
76264
76264
76264
76262
76261
76260
76260
76258
76257
76257
76256
76254
76252
76252
76251
76249
76246
76245
76244
76244
76243
76241
76240
76239
76239
76238
76238
76237
76236
76236
76235
76234
76232
76231
76230
76230
76229
76229
76227
76226
76225
76225
76224
76224
76223
76223
76223
76223
76221
76220
76219
76219
76217
76216
76215
76214
76212
76212
76211
76210
76207
76207
76206
76205
76205
76204
76202
76201
76201
76199
76199
76198
76198
76198
76195
76195
76195
76194
76192
76191
76191
76190
76186
76184
76182
76182
76181
76180
76179
76178
76175
76173
76172
76172
76170
76169
76168
76167
76166
76165
76165
76164
76163
76163
76163
76162
76161
76161
76158
76158
76157
76157
76156
76156
76156
76155
76154
76154
76153
76153
76153
76152
76150
76150
76149
76148
76147
76147
76146
76143
76140
76138
76137
76135
76135
76132
76132
76130
76130
76129
76127
76126
76126
76126
76124
76124
76123
76123
76121
76119
76118
76118
76118
76115
76113
76111
76110
76108
76108
76108
76106
76105
76105
76104
76102
76101
76100
76098
76097
76095
76094
76092
76092
76091
76090
76090
76089
76089
76087
76086
76084
76083
76083
76082
76081
76079
76078
76075
76072
76071
76071
76070
76070
76069
76069
76069
76068
76068
76066
76064
76063
76063
76063
76062
76061
76061
76060
76060
76059
76057
76056
76056
76055
76054
76053
76053
76052
76051
76050
76050
76050
76048
76047
76047
76046
76046
76044
76043
76043
76043
76039
76039
76037
76036
76035
76033
76033
76032
76031
76026
76026
76025
76025
76024
76023
76021
76021
76020
76020
76019
76018
76018
76016
76016
76015
76015
76010
76010
76010
76009
76009
76009
76009
76007
76007
76004
76004
76003
76003
75999
75998
75996
75996
75992
75991
75990
75988
75988
75988
75986
75985
75984
75984
75982
75979
75979
75978
75978
75977
75977
75976
75975
75975
75974
75973
75973
75972
75972
75972
75971
75970
75969
75969
75968
75968
75966
75966
75964
75964
75964
75961
75960
75959
75957
75957
75957
75955
75953
75951
75949
75948
75947
75944
75943
75942
75942
75939
75938
75938
75938
75937
75933
75932
75932
75930
75927
75925
75924
75922
75920
75917
75917
75917
75916
75916
75915
75912
75910
75910
75908
75908
75907
75907
75906
75906
75905
75902
75901
75901
75900
75900
75900
75900
75899
75898
75898
75897
75895
75895
75894
75894
75893
75893
75892
75890
75887
75887
75886
75883
75883
75881
75881
75880
75879
75879
75879
75875
75873
75872
75872
75872
75871
75870
75868
75868
75867
75866
75865
75865
75864
75862
75861
75858
75858
75857
75857
75856
75854
75852
75849
75849
75848
75848
75845
75845
75845
75844
75844
75843
75842
75842
75841
75841
75839
75839
75837
75837
75834
75833
75831
75829
75828
75825
75825
75823
75822
75822
75820
75820
75819
75819
75818
75818
75817
75815
75814
75812
75811
75809
75809
75807
75805
75804
75803
75803
75802
75802
75800
75798
75798
75797
75796
75796
75795
75792
75791
75790
75789
75789
75789
75787
75786
75785
75785
75784
75783
75782
75782
75782
75782
75782
75780
75778
75777
75776
75776
75776
75775
75775
75774
75774
75773
75772
75771
75771
75770
75770
75768
75768
75768
75767
75766
75764
75763
75762
75762
75761
75761
75760
75759
75759
75758
75758
75758
75758
75757
75757
75756
75756
75756
75755
75755
75754
75753
75752
75752
75750
75749
75749
75749
75747
75746
75741
75740
75740
75739
75739
75738
75738
75738
75737
75737
75736
75734
75731
75729
75726
75725
75725
75725
75724
75724
75723
75723
75722
75722
75722
75721
75721
75721
75718
75716
75715
75713
75713
75712
75710
75708
75706
75705
75703
75702
75701
75699
75698
75698
75696
75695
75694
75692
75691
75691
75689
75687
75686
75686
75685
75684
75684
75684
75682
75682
75679
75675
75675
75674
75674
75671
75671
75670
75670
75670
75670
75668
75668
75668
75666
75666
75664
75662
75658
75656
75655
75654
75654
75650
75650
75649
75648
75647
75645
75644
75644
75642
75642
75640
75638
75638
75637
75633
75632
75631
75631
75629
75629
75628
75628
75627
75627
75627
75626
75623
75621
75620
75620
75620
75619
75619
75615
75615
75614
75614
75614
75614
75613
75611
75611
75611
75610
75609
75609
75609
75606
75606
75606
75604
75603
75603
75603
75602
75602
75602
75601
75601
75599
75599
75597
75596
75596
75596
75594
75594
75594
75593
75593
75593
75591
75591
75590
75590
75589
75586
75585
75585
75584
75582
75582
75582
75579
75579
75578
75578
75576
75575
75575
75575
75572
75572
75569
75568
75566
75566
75565
75564
75563
75563
75563
75561
75561
75559
75558
75557
75555
75555
75555
75554
75554
75552
75549
75549
75549
75547
75544
75544
75543
75542
75542
75541
75540
75538
75537
75537
75534
75533
75531
75530
75529
75528
75528
75526
75526
75526
75526
75525
75523
75523
75523
75522
75522
75522
75521
75520
75520
75520
75518
75517
75516
75516
75516
75516
75516
75514
75514
75507
75504
75503
75503
75503
75502
75499
75499
75498
75498
75497
75497
75493
75492
75492
75491
75491
75491
75490
75489
75489
75487
75487
75487
75485
75485
75485
75484
75483
75479
75479
75478
75475
75474
75473
75471
75470
75468
75468
75467
75466
75466
75465
75465
75463
75463
75462
75458
75457
75456
75455
75455
75454
75454
75453
75453
75453
75453
75451
75451
75450
75449
75449
75448
75447
75446
75445
75443
75443
75442
75441
75441
75440
75440
75438
75437
75436
75435
75434
75431
75431
75430
75430
75429
75428
75428
75426
75426
75423
75423
75422
75422
75422
75422
75421
75420
75416
75416
75414
75413
75413
75412
75410
75409
75408
75408
75405
75404
75404
75402
75402
75399
75396
75396
75394
75394
75393
75392
75392
75392
75391
75391
75390
75390
75390
75388
75387
75387
75386
75386
75386
75385
75382
75382
75380
75378
75378
75377
75377
75376
75376
75375
75374
75373
75371
75371
75370
75370
75369
75367
75365
75362
75362
75361
75359
75358
75358
75358
75357
75355
75355
75354
75354
75353
75350
75350
75350
75350
75349
75347
75346
75345
75344
75343
75342
75342
75341
75341
75341
75341
75341
75340
75337
75337
75333
75329
75326
75326
75326
75324
75321
75321
75317
75315
75315
75315
75314
75309
75308
75307
75305
75302
75300
75300
75299
75299
75298
75297
75296
75295
75295
75294
75293
75292
75289
75289
75287
75286
75286
75285
75283
75280
75279
75279
75277
75274
75274
75273
75273
75273
75272
75271
75271
75271
75270
75268
75266
75266
75266
75265
75262
75262
75261
75261
75259
75255
75255
75253
75251
75251
75248
75246
75245
75245
75245
75245
75244
75244
75243
75242
75242
75241
75239
75238
75237
75236
75235
75234
75232
75229
75227
75226
75226
75223
75216
75214
75212
75210
75210
75210
75209
75209
75208
75208
75207
75206
75206
75204
75202
75201
75201
75199
75196
75195
75195
75194
75193
75189
75189
75188
75186
75184
75179
75178
75177
75177
75176
75173
75173
75171
75171
75171
75169
75169
75169
75169
75167
75165
75164
75164
75164
75163
75162
75161
75160
75159
75159
75158
75156
75156
75156
75155
75155
75153
75152
75152
75151
75150
75150
75150
75149
75149
75148
75148
75147
75146
75146
75145
75145
75144
75141
75141
75141
75139
75138
75133
75130
75129
75129
75127
75125
75125
75124
75124
75124
75123
75121
75121
75119
75118
75117
75114
75114
75114
75114
75111
75109
75109
75107
75107
75106
75105
75105
75104
75102
75101
75100
75099
75098
75098
75097
75097
75095
75095
75094
75093
75093
75091
75091
75090
75089
75088
75087
75087
75087
75086
75086
75086
75085
75085
75084
75083
75083
75082
75082
75081
75079
75078
75077
75076
75074
75074
75072
75071
75070
75068
75067
75065
75064
75063
75062
75062
75062
75060
75060
75060
75060
75058
75058
75055
75052
75052
75052
75044
75041
75040
75039
75039
75039
75037
75037
75037
75037
75036
75036
75035
75033
75032
75032
75032
75031
75030
75030
75029
75029
75029
75029
75029
75029
75023
75023
75022
75022
75021
75020
75016
75013
75013
75012
75012
75012
75012
75012
75011
75011
75010
75007
75007
75007
75005
75005
75005
75004
75003
75002
75000
75000
74999
74999
74999
74998
74998
74998
74997
74996
74996
74996
74995
74994
74993
74991
74991
74989
74988
74987
74983
74982
74981
74979
74978
74977
74976
74976
74975
74974
74973
74973
74972
74970
74970
74968
74968
74968
74967
74965
74962
74962
74962
74961
74960
74959
74959
74957
74956
74955
74953
74952
74950
74950
74948
74947
74944
74944
74943
74943
74942
74942
74940
74939
74937
74937
74937
74936
74932
74932
74931
74931
74930
74928
74927
74925
74924
74924
74924
74923
74923
74922
74922
74922
74921
74921
74917
74917
74915
74914
74913
74912
74910
74909
74908
74907
74907
74906
74905
74905
74901
74900
74899
74898
74896
74895
74894
74894
74893
74893
74892
74892
74891
74890
74889
74889
74888
74888
74887
74886
74885
74885
74885
74884
74883
74882
74880
74880
74880
74879
74879
74878
74876
74876
74875
74875
74875
74873
74873
74873
74872
74872
74872
74872
74869
74869
74869
74869
74867
74867
74866
74864
74863
74863
74862
74861
74861
74860
74859
74859
74858
74858
74858
74858
74857
74855
74853
74853
74852
74852
74851
74850
74848
74847
74842
74841
74840
74840
74839
74838
74835
74832
74832
74831
74828
74826
74826
74826
74825
74825
74824
74824
74824
74823
74823
74822
74820
74819
74818
74816
74814
74812
74812
74811
74810
74810
74809
74807
74805
74800
74800
74799
74798
74796
74795
74795
74794
74794
74790
74789
74788
74787
74785
74785
74784
74783
74783
74783
74783
74782
74782
74782
74780
74780
74777
74776
74776
74775
74775
74773
74773
74773
74773
74773
74772
74772
74771
74771
74770
74770
74770
74769
74767
74767
74767
74767
74765
74764
74764
74762
74759
74757
74757
74757
74756
74755
74753
74752
74752
74752
74751
74751
74749
74749
74749
74749
74748
74742
74742
74740
74739
74738
74738
74737
74736
74736
74735
74734
74732
74732
74731
74731
74730
74728
74726
74726
74726
74725
74724
74723
74723
74721
74720
74719
74718
74716
74716
74716
74716
74715
74715
74714
74714
74711
74710
74709
74708
74707
74703
74703
74702
74701
74699
74698
74698
74698
74697
74693
74692
74692
74691
74690
74690
74690
74690
74689
74688
74687
74687
74686
74686
74686
74683
74682
74679
74679
74677
74676
74675
74674
74674
74673
74672
74672
74671
74669
74668
74667
74667
74665
74665
74662
74662
74662
74660
74656
74653
74653
74650
74650
74649
74646
74645
74643
74643
74642
74640
74639
74639
74637
74637
74634
74633
74633
74633
74633
74631
74630
74630
74629
74626
74624
74624
74622
74622
74621
74619
74619
74615
74614
74614
74613
74613
74613
74613
74612
74605
74603
74603
74602
74602
74600
74600
74597
74597
74596
74595
74595
74594
74594
74593
74592
74591
74591
74590
74586
74586
74585
74585
74582
74582
74582
74581
74580
74580
74580
74578
74574
74570
74569
74566
74566
74565
74565
74564
74563
74561
74559
74559
74558
74558
74557
74556
74554
74554
74553
74553
74553
74552
74552
74550
74549
74549
74548
74547
74547
74546
74544
74544
74544
74543
74543
74539
74539
74539
74538
74538
74537
74536
74536
74535
74534
74534
74532
74532
74531
74531
74528
74527
74527
74527
74526
74526
74524
74518
74518
74517
74516
74515
74514
74514
74511
74509
74509
74507
74503
74503
74503
74503
74502
74501
74500
74499
74499
74499
74498
74498
74497
74496
74495
74495
74493
74493
74492
74491
74490
74489
74488
74486
74486
74484
74484
74483
74482
74482
74482
74482
74481
74480
74480
74479
74478
74477
74477
74477
74477
74477
74474
74474
74470
74466
74463
74462
74460
74459
74458
74458
74457
74455
74454
74454
74454
74453
74452
74448
74446
74443
74441
74441
74441
74440
74438
74438
74435
74435
74432
74426
74425
74424
74423
74423
74423
74421
74419
74418
74417
74417
74414
74412
74410
74410
74410
74408
74406
74404
74402
74401
74399
74399
74397
74396
74396
74396
74394
74393
74393
74392
74392
74391
74388
74387
74387
74386
74386
74385
74384
74384
74382
74381
74379
74378
74377
74376
74375
74374
74374
74373
74373
74373
74373
74372
74371
74371
74369
74367
74365
74365
74365
74364
74363
74362
74362
74362
74361
74359
74357
74354
74352
74351
74350
74349
74349
74348
74348
74347
74346
74344
74342
74342
74342
74341
74341
74341
74340
74340
74340
74339
74339
74337
74337
74336
74336
74335
74333
74331
74329
74329
74328
74327
74327
74327
74324
74324
74324
74323
74323
74322
74322
74322
74321
74320
74320
74319
74318
74317
74317
74316
74314
74312
74312
74308
74308
74308
74308
74308
74307
74302
74301
74299
74298
74297
74296
74296
74295
74295
74292
74291
74289
74289
74289
74288
74287
74287
74286
74286
74285
74284
74282
74280
74280
74278
74278
74276
74276
74275
74274
74270
74270
74269
74268
74267
74266
74265
74263
74263
74262
74262
74260
74258
74252
74249
74247
74247
74246
74244
74244
74244
74244
74243
74243
74241
74240
74238
74238
74237
74236
74235
74234
74234
74232
74232
74231
74230
74230
74228
74227
74226
74225
74225
74224
74222
74222
74221
74221
74218
74216
74216
74213
74212
74211
74210
74210
74209
74209
74203
74198
74197
74195
74195
74194
74193
74193
74191
74191
74191
74191
74190
74190
74189
74188
74184
74184
74183
74180
74179
74179
74178
74177
74176
74176
74172
74170
74170
74169
74167
74165
74165
74164
74164
74162
74162
74161
74161
74161
74161
74160
74159
74159
74158
74158
74158
74157
74156
74155
74154
74154
74154
74152
74151
74150
74150
74149
74148
74147
74147
74147
74145
74145
74145
74144
74143
74143
74142
74141
74140
74137
74136
74135
74134
74134
74133
74132
74132
74132
74132
74131
74131
74129
74129
74128
74127
74125
74125
74125
74124
74123
74122
74122
74120
74120
74119
74119
74118
74118
74117
74116
74114
74114
74113
74111
74111
74111
74110
74109
74108
74108
74107
74107
74107
74105
74104
74103
74101
74101
74100
74100
74100
74099
74097
74095
74095
74095
74094
74094
74091
74089
74087
74086
74085
74079
74079
74079
74077
74075
74075
74075
74071
74071
74071
74070
74069
74068
74066
74066
74066
74066
74065
74062
74062
74061
74061
74061
74059
74056
74054
74054
74054
74053
74051
74050
74048
74047
74046
74044
74042
74041
74041
74041
74041
74040
74040
74040
74039
74039
74039
74038
74038
74038
74037
74037
74037
74033
74033
74033
74031
74030
74030
74030
74026
74026
74026
74024
74024
74022
74022
74019
74019
74018
74018
74017
74017
74017
74017
74016
74014
74012
74010
74007
74004
74003
74003
74001
73999
73997
73996
73994
73993
73992
73989
73988
73988
73988
73988
73987
73986
73985
73984
73984
73983
73982
73982
73981
73981
73981
73980
73980
73980
73979
73978
73973
73972
73972
73971
73971
73970
73969
73969
73968
73967
73967
73966
73965
73964
73962
73961
73961
73958
73957
73954
73954
73954
73954
73953
73953
73952
73952
73950
73949
73949
73948
73947
73947
73944
73944
73944
73944
73943
73942
73942
73942
73941
73940
73938
73936
73935
73935
73934
73933
73933
73932
73931
73931
73931
73930
73923
73922
73919
73919
73918
73914
73914
73913
73912
73912
73912
73910
73910
73909
73908
73908
73907
73906
73903
73902
73902
73901
73901
73900
73899
73897
73896
73894
73892
73892
73891
73891
73888
73888
73885
73885
73884
73883
73883
73882
73881
73880
73879
73877
73876
73874
73874
73874
73871
73865
73864
73861
73861
73860
73857
73857
73857
73856
73855
73853
73853
73853
73852
73851
73849
73849
73848
73848
73848
73848
73847
73846
73845
73845
73845
73844
73843
73843
73841
73841
73840
73840
73840
73840
73839
73839
73839
73835
73835
73831
73831
73831
73830
73829
73828
73828
73825
73825
73823
73821
73820
73820
73819
73818
73817
73816
73815
73815
73813
73812
73812
73812
73811
73810
73809
73808
73808
73805
73805
73805
73803
73802
73802
73801
73801
73800
73800
73800
73799
73798
73796
73796
73794
73790
73788
73786
73785
73785
73782
73779
73779
73778
73777
73776
73773
73773
73773
73770
73769
73769
73769
73769
73768
73765
73761
73760
73759
73759
73758
73758
73757
73757
73756
73756
73754
73754
73753
73753
73752
73752
73752
73747
73747
73745
73744
73744
73743
73743
73741
73741
73741
73740
73739
73739
73737
73736
73735
73735
73733
73733
73733
73732
73732
73732
73731
73728
73727
73726
73725
73723
73723
73720
73720
73719
73719
73718
73717
73717
73714
73712
73712
73710
73708
73708
73707
73707
73707
73706
73705
73705
73705
73703
73701
73700
73700
73700
73700
73699
73696
73695
73695
73693
73692
73692
73689
73689
73689
73689
73688
73683
73679
73679
73679
73677
73676
73676
73675
73671
73671
73671
73670
73665
73662
73662
73662
73662
73661
73660
73660
73659
73659
73658
73657
73654
73653
73652
73650
73650
73650
73650
73647
73645
73645
73642
73641
73640
73640
73639
73639
73637
73637
73636
73634
73634
73633
73633
73631
73629
73629
73628
73627
73626
73626
73625
73624
73623
73622
73620
73619
73619
73616
73616
73615
73614
73613
73613
73612
73612
73611
73611
73611
73609
73609
73607
73605
73602
73601
73600
73598
73596
73596
73595
73593
73592
73592
73592
73591
73591
73590
73589
73587
73587
73587
73585
73582
73582
73581
73580
73580
73578
73578
73577
73575
73574
73573
73572
73571
73570
73570
73569
73569
73569
73567
73567
73565
73565
73564
73562
73561
73559
73558
73557
73556
73555
73554
73553
73551
73551
73550
73549
73549
73546
73546
73546
73545
73544
73544
73542
73542
73540
73539
73538
73538
73536
73535
73534
73532
73532
73530
73529
73528
73527
73527
73525
73525
73524
73523
73522
73522
73521
73520
73520
73520
73520
73519
73519
73518
73518
73517
73516
73514
73511
73510
73507
73507
73506
73505
73504
73504
73503
73500
73500
73499
73499
73498
73498
73496
73495
73494
73494
73493
73491
73491
73491
73490
73490
73490
73487
73487
73486
73485
73485
73483
73483
73482
73482
73482
73481
73480
73480
73480
73479
73478
73478
73477
73476
73475
73475
73472
73472
73471
73471
73471
73470
73469
73469
73468
73467
73467
73465
73463
73461
73460
73460
73459
73459
73459
73458
73456
73456
73454
73452
73451
73450
73449
73449
73449
73448
73448
73446
73444
73442
73442
73442
73440
73439
73438
73438
73436
73436
73435
73435
73434
73430
73430
73428
73428
73427
73424
73423
73421
73420
73419
73419
73417
73416
73415
73415
73415
73414
73412
73408
73408
73408
73405
73405
73404
73403
73402
73402
73399
73399
73396
73396
73395
73394
73392
73391
73390
73390
73389
73388
73388
73388
73388
73388
73388
73386
73386
73385
73384
73384
73379
73379
73379
73379
73378
73377
73377
73375
73375
73374
73374
73374
73373
73372
73372
73371
73370
73370
73369
73368
73365
73365
73364
73362
73361
73361
73360
73359
73358
73358
73357
73357
73357
73356
73356
73355
73355
73354
73353
73353
73352
73350
73348
73347
73345
73344
73344
73343
73343
73343
73341
73339
73339
73339
73339
73338
73338
73338
73337
73336
73335
73335
73335
73334
73333
73333
73332
73331
73329
73329
73326
73324
73322
73322
73322
73321
73321
73321
73321
73319
73317
73316
73316
73314
73313
73313
73313
73313
73312
73312
73308
73307
73307
73306
73303
73301
73300
73299
73299
73298
73296
73295
73295
73291
73291
73290
73290
73289
73284
73283
73280
73276
73275
73273
73273
73272
73271
73270
73268
73266
73265
73264
73263
73263
73263
73261
73260
73259
73258
73255
73254
73254
73253
73253
73253
73252
73250
73248
73247
73246
73246
73246
73245
73245
73244
73244
73244
73243
73242
73242
73241
73241
73241
73241
73240
73240
73239
73238
73238
73238
73237
73237
73237
73232
73230
73229
73228
73228
73227
73227
73226
73226
73223
73222
73222
73222
73221
73220
73219
73219
73219
73217
73217
73215
73215
73214
73211
73210
73209
73209
73208
73207
73204
73204
73203
73203
73201
73200
73200
73200
73200
73198
73197
73195
73193
73191
73190
73190
73189
73188
73188
73187
73186
73185
73184
73184
73179
73178
73178
73175
73175
73174
73173
73173
73172
73169
73168
73168
73167
73164
73164
73163
73162
73162
73161
73161
73160
73160
73159
73157
73155
73154
73148
73148
73147
73147
73145
73145
73145
73144
73144
73143
73143
73140
73140
73140
73139
73139
73139
73130
73128
73127
73126
73124
73124
73124
73123
73123
73123
73122
73121
73121
73119
73116
73115
73115
73114
73113
73113
73109
73108
73108
73105
73103
73099
73099
73099
73098
73098
73098
73096
73095
73094
73092
73092
73091
73089
73087
73086
73085
73081
73081
73079
73074
73070
73070
73070
73069
73069
73068
73067
73066
73064
73064
73063
73062
73062
73059
73059
73059
73058
73057
73056
73056
73056
73055
73053
73053
73053
73050
73049
73047
73047
73046
73046
73045
73045
73044
73042
73041
73039
73039
73039
73038
73038
73037
73036
73035
73035
73032
73032
73032
73031
73031
73028
73026
73025
73025
73025
73024
73024
73024
73023
73022
73020
73018
73017
73015
73014
73012
73012
73010
73010
73010
73009
73005
73005
73004
73004
73003
73002
73000
73000
73000
72999
72999
72998
72995
72995
72994
72992
72991
72989
72988
72986
72986
72985
72983
72982
72982
72982
72980
72980
72978
72975
72974
72974
72974
72972
72972
72972
72969
72969
72968
72967
72967
72966
72965
72963
72963
72962
72961
72959
72958
72958
72957
72956
72955
72953
72951
72951
72951
72950
72949
72948
72948
72947
72946
72946
72945
72944
72943
72943
72942
72942
72940
72939
72938
72938
72937
72937
72937
72931
72931
72930
72930
72930
72929
72928
72928
72926
72923
72922
72921
72920
72919
72915
72914
72914
72913
72913
72912
72911
72910
72910
72909
72908
72907
72907
72907
72907
72904
72903
72901
72900
72900
72897
72896
72896
72896
72895
72894
72893
72893
72892
72891
72888
72888
72884
72883
72882
72882
72879
72878
72877
72876
72875
72875
72874
72874
72873
72873
72872
72872
72872
72871
72868
72867
72867
72866
72863
72863
72862
72862
72859
72856
72856
72856
72854
72852
72851
72850
72848
72844
72844
72844
72843
72842
72841
72840
72839
72839
72839
72838
72837
72836
72833
72830
72828
72828
72827
72826
72825
72824
72824
72823
72823
72823
72822
72820
72820
72820
72818
72816
72816
72815
72813
72812
72808
72808
72807
72807
72806
72805
72805
72804
72804
72804
72802
72802
72800
72800
72799
72798
72797
72794
72792
72791
72789
72787
72786
72786
72785
72784
72784
72783
72783
72782
72782
72782
72781
72780
72780
72779
72778
72777
72773
72772
72771
72771
72770
72769
72767
72766
72765
72765
72765
72764
72764
72762
72761
72761
72759
72759
72756
72756
72755
72755
72753
72752
72751
72751
72749
72746
72743
72743
72737
72737
72736
72735
72735
72734
72733
72732
72732
72730
72729
72728
72728
72728
72727
72727
72726
72725
72723
72723
72722
72720
72719
72718
72718
72718
72718
72718
72716
72716
72716
72714
72714
72712
72710
72710
72709
72709
72708
72707
72706
72706
72705
72704
72704
72703
72701
72701
72701
72700
72698
72698
72696
72692
72692
72692
72691
72691
72690
72690
72690
72688
72687
72686
72686
72685
72685
72681
72681
72681
72679
72678
72675
72673
72672
72671
72670
72664
72664
72663
72662
72661
72660
72658
72658
72658
72656
72655
72655
72654
72653
72652
72650
72650
72650
72645
72642
72641
72640
72640
72639
72637
72637
72636
72635
72634
72633
72633
72632
72629
72629
72628
72628
72628
72627
72627
72627
72627
72622
72622
72620
72619
72619
72619
72617
72617
72614
72614
72613
72611
72611
72611
72611
72610
72609
72608
72608
72607
72606
72606
72605
72605
72604
72604
72604
72604
72603
72603
72603
72603
72602
72601
72599
72597
72597
72597
72597
72596
72595
72595
72595
72594
72592
72592
72590
72589
72589
72589
72588
72587
72586
72585
72584
72584
72583
72581
72581
72581
72579
72579
72578
72574
72574
72573
72573
72572
72565
72565
72565
72564
72562
72560
72556
72555
72554
72553
72552
72552
72549
72548
72545
72543
72541
72539
72537
72536
72535
72534
72533
72533
72532
72532
72532
72532
72531
72530
72530
72530
72530
72529
72529
72528
72528
72528
72527
72527
72525
72525
72523
72523
72522
72522
72521
72520
72520
72518
72517
72516
72516
72514
72513
72513
72513
72513
72513
72513
72508
72508
72507
72506
72505
72504
72504
72502
72502
72496
72495
72493
72492
72492
72491
72490
72490
72490
72488
72487
72485
72483
72482
72481
72478
72478
72478
72477
72477
72475
72475
72475
72475
72474
72473
72473
72473
72470
72469
72468
72468
72468
72467
72466
72465
72465
72463
72463
72462
72460
72460
72457
72456
72456
72456
72456
72455
72452
72450
72449
72448
72446
72445
72444
72443
72442
72442
72441
72441
72441
72441
72440
72440
72440
72439
72439
72439
72439
72437
72436
72435
72435
72435
72434
72431
72430
72428
72428
72428
72428
72427
72426
72425
72424
72424
72423
72423
72422
72421
72419
72418
72418
72418
72415
72415
72415
72414
72414
72413
72413
72413
72412
72412
72411
72409
72408
72406
72406
72404
72403
72402
72401
72401
72400
72400
72398
72397
72396
72396
72395
72394
72393
72391
72390
72390
72388
72388
72388
72386
72386
72385
72384
72383
72382
72381
72381
72379
72379
72378
72376
72375
72373
72372
72370
72369
72368
72367
72366
72362
72361
72361
72360
72358
72355
72354
72354
72352
72352
72351
72350
72350
72350
72350
72346
72342
72342
72342
72341
72339
72337
72336
72334
72334
72334
72333
72333
72331
72329
72329
72328
72327
72327
72327
72326
72325
72324
72324
72314
72312
72306
72305
72304
72304
72302
72300
72299
72298
72295
72295
72292
72291
72291
72291
72288
72287
72287
72285
72282
72281
72280
72280
72279
72279
72278
72277
72276
72276
72274
72273
72272
72272
72271
72270
72270
72267
72267
72266
72265
72265
72265
72264
72262
72262
72260
72259
72259
72259
72258
72257
72257
72256
72256
72254
72253
72253
72252
72249
72249
72249
72247
72247
72243
72242
72240
72239
72236
72236
72236
72236
72235
72234
72233
72233
72232
72231
72230
72229
72229
72228
72228
72228
72226
72223
72222
72220
72220
72220
72216
72216
72215
72215
72214
72214
72213
72210
72209
72208
72207
72205
72201
72200
72199
72196
72196
72195
72195
72194
72193
72192
72191
72190
72190
72188
72187
72186
72186
72184
72182
72182
72181
72181
72181
72178
72176
72176
72175
72175
72174
72172
72170
72168
72168
72166
72164
72164
72164
72163
72162
72159
72158
72157
72152
72151
72149
72149
72149
72148
72147
72146
72145
72144
72143
72143
72142
72141
72140
72138
72137
72136
72134
72134
72133
72132
72132
72130
72129
72127
72127
72126
72124
72123
72123
72119
72119
72115
72115
72115
72113
72113
72112
72110
72110
72107
72104
72101
72100
72098
72096
72096
72095
72094
72094
72090
72090
72090
72089
72088
72087
72086
72086
72086
72085
72084
72083
72083
72082
72080
72079
72079
72078
72078
72078
72076
72072
72071
72071
72070
72068
72068
72067
72065
72064
72063
72063
72063
72060
72059
72058
72056
72054
72051
72050
72050
72050
72048
72047
72046
72043
72043
72042
72041
72040
72040
72039
72039
72039
72038
72038
72038
72038
72038
72037
72037
72036
72035
72034
72033
72033
72031
72030
72028
72028
72027
72024
72024
72022
72021
72020
72017
72016
72016
72015
72013
72010
72009
72009
72007
72007
72004
72003
72002
72002
72001
72001
72001
72000
72000
71997
71997
71996
71996
71996
71996
71995
71993
71991
71990
71989
71989
71987
71986
71985
71985
71982
71980
71979
71977
71976
71975
71974
71973
71967
71967
71964
71964
71964
71964
71963
71963
71961
71961
71959
71959
71958
71957
71956
71955
71955
71953
71952
71951
71950
71950
71950
71950
71948
71946
71946
71945
71945
71944
71944
71940
71939
71938
71934
71930
71930
71927
71927
71927
71924
71924
71922
71922
71921
71918
71917
71916
71915
71914
71914
71913
71912
71911
71909
71909
71909
71907
71907
71907
71904
71903
71903
71903
71902
71902
71901
71900
71900
71897
71897
71897
71896
71896
71895
71895
71894
71893
71892
71891
71889
71888
71887
71887
71886
71886
71883
71883
71883
71882
71881
71881
71878
71877
71876
71876
71876
71875
71873
71873
71873
71871
71871
71870
71869
71869
71867
71867
71866
71865
71864
71863
71862
71862
71859
71859
71859
71858
71858
71855
71855
71852
71850
71849
71848
71845
71841
71835
71835
71835
71835
71833
71831
71829
71824
71823
71823
71823
71822
71822
71822
71821
71821
71819
71819
71819
71818
71816
71816
71816
71816
71815
71814
71814
71814
71813
71811
71810
71810
71810
71810
71808
71807
71806
71804
71803
71802
71799
71796
71796
71794
71794
71793
71792
71791
71790
71790
71790
71787
71785
71785
71784
71783
71783
71783
71782
71780
71780
71779
71777
71777
71776
71774
71773
71773
71773
71772
71770
71769
71768
71768
71767
71767
71766
71766
71766
71765
71765
71763
71761
71761
71759
71756
71755
71755
71755
71754
71750
71747
71747
71746
71746
71746
71746
71744
71743
71743
71739
71739
71738
71736
71735
71735
71734
71730
71729
71728
71727
71723
71723
71721
71716
71716
71715
71712
71710
71708
71707
71704
71704
71703
71703
71701
71700
71699
71698
71698
71698
71697
71696
71695
71695
71693
71690
71690
71690
71689
71688
71688
71688
71687
71687
71686
71686
71686
71683
71683
71683
71683
71683
71683
71682
71682
71681
71681
71681
71679
71679
71678
71677
71677
71676
71675
71672
71671
71669
71666
71664
71663
71661
71661
71659
71659
71659
71654
71652
71652
71651
71649
71648
71647
71647
71646
71646
71645
71644
71643
71643
71641
71641
71640
71640
71638
71638
71637
71637
71636
71636
71633
71633
71631
71629
71629
71627
71626
71626
71622
71621
71620
71620
71619
71615
71612
71611
71611
71610
71610
71608
71607
71607
71606
71606
71605
71605
71604
71604
71603
71601
71601
71599
71597
71597
71595
71594
71594
71592
71592
71592
71591
71590
71589
71588
71588
71587
71586
71586
71583
71582
71581
71581
71578
71578
71578
71577
71577
71577
71576
71574
71574
71572
71571
71571
71571
71570
71568
71567
71567
71565
71565
71563
71563
71563
71563
71562
71562
71562
71561
71559
71557
71553
71549
71549
71549
71549
71549
71549
71548
71548
71546
71542
71541
71540
71540
71539
71539
71539
71536
71535
71534
71531
71527
71526
71525
71525
71524
71523
71523
71520
71520
71520
71519
71518
71518
71512
71512
71511
71507
71506
71504
71503
71503
71502
71502
71502
71501
71500
71497
71496
71496
71496
71492
71492
71489
71489
71488
71487
71486
71486
71486
71485
71485
71482
71482
71481
71480
71479
71478
71476
71476
71476
71475
71474
71473
71472
71471
71471
71471
71469
71468
71468
71467
71467
71465
71465
71465
71465
71463
71463
71462
71462
71460
71459
71459
71456
71455
71455
71453
71453
71453
71452
71451
71449
71445
71443
71442
71441
71440
71439
71438
71438
71438
71437
71437
71437
71436
71435
71433
71433
71431
71431
71430
71429
71429
71429
71429
71427
71426
71426
71424
71419
71418
71417
71415
71415
71414
71413
71413
71413
71413
71413
71412
71412
71410
71407
71406
71404
71404
71404
71402
71402
71401
71401
71400
71397
71397
71397
71396
71394
71394
71390
71388
71388
71388
71387
71386
71384
71384
71383
71382
71380
71380
71380
71377
71377
71377
71373
71370
71368
71368
71368
71367
71365
71365
71365
71365
71364
71364
71363
71361
71360
71360
71357
71357
71354
71353
71352
71352
71352
71351
71349
71349
71347
71345
71344
71342
71341
71341
71340
71337
71337
71336
71336
71335
71334
71334
71333
71333
71332
71330
71328
71328
71327
71326
71323
71322
71320
71319
71319
71319
71317
71316
71315
71313
71311
71311
71309
71307
71307
71306
71305
71303
71303
71303
71301
71301
71300
71299
71297
71296
71295
71294
71293
71292
71292
71289
71289
71288
71287
71287
71284
71283
71282
71281
71280
71279
71279
71278
71278
71277
71277
71277
71273
71273
71271
71271
71269
71269
71266
71265
71264
71262
71262
71261
71260
71258
71257
71257
71257
71256
71256
71250
71250
71250
71250
71249
71249
71249
71245
71243
71242
71240
71240
71240
71239
71237
71237
71237
71237
71236
71233
71232
71229
71229
71228
71226
71225
71223
71220
71220
71219
71218
71218
71217
71216
71214
71212
71211
71211
71211
71211
71209
71208
71208
71207
71207
71204
71202
71200
71200
71197
71197
71197
71196
71194
71192
71190
71189
71188
71186
71186
71185
71184
71184
71183
71182
71182
71181
71181
71180
71179
71178
71178
71176
71176
71176
71175
71174
71173
71171
71169
71163
71163
71162
71162
71162
71162
71158
71158
71158
71156
71156
71156
71155
71155
71155
71154
71153
71147
71147
71146
71144
71142
71142
71141
71140
71139
71139
71139
71137
71132
71132
71131
71131
71129
71127
71126
71126
71123
71123
71122
71122
71121
71121
71120
71115
71113
71111
71110
71110
71110
71109
71109
71109
71108
71107
71105
71105
71105
71104
71102
71102
71101
71100
71100
71100
71100
71096
71095
71095
71094
71093
71093
71092
71090
71086
71083
71082
71080
71077
71073
71073
71072
71072
71071
71068
71066
71065
71064
71064
71062
71061
71058
71057
71057
71055
71054
71052
71051
71049
71049
71045
71045
71042
71042
71040
71040
71040
71039
71039
71037
71036
71036
71035
71034
71033
71033
71031
71030
71029
71028
71027
71027
71026
71024
71024
71021
71020
71020
71020
71020
71018
71015
71015
71014
71014
71012
71011
71008
71007
71006
71005
71004
71004
71003
71003
71002
71000
70999
70998
70998
70998
70991
70991
70991
70990
70986
70986
70985
70985
70985
70984
70983
70983
70981
70981
70981
70978
70978
70978
70977
70975
70975
70975
70974
70973
70972
70972
70969
70969
70968
70967
70966
70965
70965
70965
70963
70963
70963
70959
70959
70958
70958
70957
70956
70956
70955
70955
70954
70953
70953
70953
70952
70952
70951
70950
70950
70949
70949
70947
70946
70945
70944
70942
70941
70940
70940
70938
70937
70937
70936
70935
70935
70935
70933
70932
70931
70929
70929
70928
70927
70927
70925
70924
70923
70923
70923
70923
70923
70922
70917
70917
70915
70915
70913
70913
70912
70912
70911
70910
70910
70909
70908
70908
70907
70905
70905
70904
70904
70904
70902
70902
70901
70900
70900
70897
70897
70896
70896
70896
70893
70893
70890
70889
70888
70886
70885
70885
70881
70881
70879
70879
70878
70878
70875
70873
70872
70871
70869
70869
70869
70866
70865
70865
70865
70865
70861
70861
70860
70859
70858
70858
70857
70856
70855
70854
70853
70853
70852
70852
70851
70848
70848
70847
70846
70846
70845
70844
70844
70844
70843
70842
70841
70841
70840
70840
70836
70836
70835
70835
70834
70834
70834
70834
70832
70831
70831
70830
70830
70829
70829
70829
70829
70829
70827
70825
70825
70821
70821
70817
70816
70815
70814
70814
70812
70811
70811
70809
70808
70806
70806
70806
70805
70804
70804
70803
70803
70803
70803
70803
70801
70800
70799
70799
70799
70799
70799
70798
70795
70795
70795
70795
70793
70792
70791
70790
70790
70787
70785
70785
70783
70783
70782
70782
70781
70780
70779
70778
70776
70774
70773
70771
70769
70768
70766
70766
70766
70765
70764
70762
70760
70759
70757
70757
70755
70754
70754
70753
70752
70751
70748
70746
70745
70745
70745
70744
70743
70742
70742
70742
70742
70741
70740
70740
70740
70739
70737
70736
70735
70734
70733
70732
70732
70732
70731
70730
70728
70727
70724
70724
70721
70721
70720
70719
70719
70718
70718
70717
70716
70715
70714
70714
70709
70708
70705
70703
70703
70702
70701
70700
70700
70700
70700
70699
70699
70697
70696
70695
70695
70694
70693
70693
70691
70691
70691
70689
70685
70685
70682
70681
70681
70680
70679
70678
70677
70677
70677
70677
70673
70673
70670
70670
70668
70665
70664
70664
70664
70660
70659
70658
70657
70656
70656
70656
70655
70654
70653
70649
70646
70646
70646
70645
70644
70643
70642
70642
70641
70641
70641
70638
70636
70633
70633
70628
70628
70627
70627
70626
70626
70625
70625
70624
70620
70620
70620
70619
70616
70613
70612
70612
70610
70609
70608
70608
70607
70607
70604
70598
70598
70596
70594
70594
70594
70594
70593
70593
70592
70591
70590
70589
70588
70587
70587
70586
70583
70582
70580
70575
70575
70574
70574
70572
70572
70572
70571
70569
70569
70568
70567
70566
70565
70565
70565
70565
70564
70564
70563
70563
70561
70560
70559
70559
70559
70557
70556
70556
70556
70554
70553
70553
70553
70550
70549
70549
70548
70546
70543
70543
70543
70542
70542
70541
70541
70538
70536
70533
70533
70533
70532
70531
70528
70528
70523
70523
70521
70520
70518
70518
70517
70514
70510
70510
70510
70508
70508
70506
70499
70498
70497
70497
70496
70495
70494
70493
70492
70491
70490
70489
70487
70487
70486
70484
70484
70482
70472
70470
70469
70469
70468
70467
70466
70466
70463
70463
70463
70463
70462
70462
70461
70459
70458
70456
70454
70454
70454
70453
70451
70450
70449
70448
70448
70446
70445
70444
70444
70443
70441
70440
70439
70439
70438
70435
70433
70431
70429
70428
70428
70427
70427
70426
70424
70423
70421
70420
70419
70419
70419
70418
70416
70415
70412
70411
70411
70410
70410
70410
70409
70408
70408
70408
70408
70407
70406
70406
70405
70402
70401
70400
70399
70399
70399
70398
70397
70397
70397
70394
70394
70394
70393
70392
70391
70391
70390
70389
70387
70387
70386
70384
70384
70383
70383
70382
70380
70379
70379
70378
70378
70376
70376
70375
70374
70373
70372
70371
70371
70370
70369
70367
70366
70366
70365
70363
70362
70361
70361
70360
70359
70359
70359
70359
70358
70357
70357
70356
70356
70356
70354
70353
70352
70350
70348
70347
70346
70346
70345
70344
70343
70341
70341
70340
70335
70335
70334
70333
70333
70330
70328
70325
70323
70321
70321
70318
70316
70315
70314
70314
70313
70312
70312
70309
70309
70309
70308
70308
70307
70307
70305
70305
70305
70305
70304
70303
70303
70302
70301
70301
70300
70299
70299
70299
70298
70297
70296
70295
70295
70295
70293
70293
70292
70291
70291
70287
70286
70285
70284
70284
70282
70282
70281
70280
70279
70278
70277
70274
70273
70271
70271
70270
70269
70268
70268
70267
70265
70265
70263
70263
70263
70261
70257
70256
70253
70253
70253
70252
70252
70251
70248
70248
70248
70245
70244
70244
70242
70241
70240
70238
70236
70231
70230
70229
70229
70228
70228
70225
70225
70223
70222
70221
70221
70219
70219
70218
70215
70215
70214
70214
70212
70212
70211
70210
70210
70209
70207
70205
70205
70203
70202
70202
70200
70197
70195
70195
70193
70193
70191
70190
70186
70186
70184
70184
70183
70183
70183
70181
70181
70181
70181
70180
70179
70179
70178
70176
70176
70174
70173
70172
70172
70170
70169
70169
70168
70166
70165
70164
70163
70161
70160
70160
70157
70157
70156
70156
70153
70149
70148
70148
70148
70147
70147
70146
70145
70145
70145
70144
70142
70141
70141
70141
70140
70139
70139
70139
70138
70137
70137
70136
70136
70135
70135
70135
70135
70134
70133
70133
70132
70132
70132
70132
70130
70129
70129
70129
70128
70126
70119
70119
70118
70115
70112
70108
70107
70107
70106
70106
70105
70104
70103
70102
70101
70099
70097
70097
70096
70094
70092
70092
70092
70091
70091
70089
70088
70088
70088
70087
70086
70084
70084
70083
70082
70082
70081
70080
70078
70077
70077
70076
70073
70073
70072
70071
70071
70069
70067
70066
70065
70065
70064
70063
70061
70061
70061
70058
70057
70056
70053
70053
70053
70053
70053
70052
70052
70052
70051
70050
70050
70049
70049
70048
70047
70046
70044
70044
70043
70043
70041
70040
70039
70036
70036
70035
70035
70035
70034
70032
70031
70031
70029
70028
70028
70028
70027
70026
70025
70025
70025
70022
70021
70021
70020
70016
70015
70015
70014
70013
70012
70011
70010
70010
70009
70007
70007
70005
70001
70000
69999
69999
69999
69995
69992
69992
69992
69991
69991
69991
69991
69991
69991
69990
69990
69988
69987
69986
69984
69984
69984
69981
69980
69979
69977
69976
69976
69975
69972
69972
69971
69970
69969
69968
69968
69967
69967
69966
69966
69965
69962
69962
69961
69959
69958
69957
69955
69955
69955
69951
69951
69951
69950
69948
69946
69945
69945
69943
69943
69942
69941
69936
69935
69935
69934
69934
69928
69927
69925
69924
69924
69924
69923
69923
69922
69921
69921
69920
69917
69914
69913
69913
69911
69907
69906
69904
69903
69902
69901
69900
69900
69899
69899
69896
69895
69895
69894
69890
69888
69887
69886
69885
69884
69883
69883
69882
69880
69879
69879
69878
69877
69877
69873
69872
69872
69871
69870
69868
69866
69865
69864
69864
69864
69863
69863
69863
69862
69859
69858
69856
69855
69855
69853
69852
69851
69850
69849
69848
69848
69848
69847
69846
69843
69842
69842
69842
69842
69842
69841
69840
69834
69832
69832
69831
69831
69831
69830
69829
69829
69828
69826
69825
69824
69823
69822
69821
69819
69819
69818
69818
69818
69817
69815
69815
69812
69812
69810
69809
69809
69806
69801
69801
69801
69800
69800
69798
69797
69797
69797
69796
69795
69792
69791
69791
69790
69790
69790
69789
69789
69789
69786
69786
69782
69781
69780
69780
69780
69778
69778
69777
69777
69776
69774
69774
69771
69770
69769
69769
69769
69768
69767
69767
69767
69764
69764
69763
69757
69757
69757
69756
69755
69755
69753
69753
69752
69751
69751
69751
69750
69749
69749
69748
69748
69748
69746
69745
69745
69745
69745
69743
69743
69743
69741
69740
69740
69740
69739
69738
69738
69735
69733
69733
69732
69731
69731
69730
69730
69730
69729
69729
69729
69723
69720
69718
69718
69716
69715
69715
69714
69713
69713
69712
69711
69708
69708
69708
69708
69708
69707
69707
69706
69706
69704
69703
69703
69702
69701
69701
69700
69699
69695
69694
69694
69693
69693
69693
69691
69691
69691
69690
69689
69688
69688
69687
69686
69686
69684
69684
69683
69683
69683
69680
69680
69680
69679
69679
69679
69678
69678
69678
69677
69675
69675
69674
69671
69671
69670
69670
69669
69667
69667
69666
69665
69662
69661
69661
69660
69659
69658
69658
69656
69656
69655
69655
69654
69653
69652
69651
69647
69647
69644
69641
69639
69637
69637
69636
69636
69636
69636
69635
69634
69633
69632
69630
69627
69625
69624
69623
69618
69618
69618
69617
69617
69616
69615
69615
69613
69612
69610
69610
69609
69608
69607
69607
69607
69607
69605
69605
69604
69603
69603
69602
69601
69601
69600
69598
69596
69593
69592
69592
69592
69592
69592
69592
69591
69591
69590
69587
69586
69586
69585
69584
69583
69583
69583
69580
69580
69580
69579
69578
69578
69573
69571
69570
69569
69565
69563
69562
69562
69558
69557
69556
69555
69553
69550
69549
69549
69549
69545
69544
69542
69540
69539
69538
69535
69534
69534
69533
69533
69531
69531
69531
69530
69529
69529
69526
69521
69520
69520
69519
69516
69516
69516
69515
69515
69514
69514
69512
69512
69512
69511
69511
69510
69507
69507
69506
69505
69504
69504
69503
69502
69502
69502
69502
69498
69498
69495
69494
69494
69494
69492
69491
69488
69484
69482
69481
69481
69481
69481
69480
69480
69478
69478
69477
69477
69477
69477
69477
69477
69476
69475
69474
69474
69474
69472
69472
69471
69471
69468
69468
69467
69465
69464
69463
69462
69460
69460
69458
69457
69457
69456
69453
69453
69453
69452
69452
69451
69449
69448
69446
69444
69444
69442
69441
69440
69440
69439
69439
69439
69437
69436
69436
69436
69433
69433
69433
69432
69431
69431
69430
69423
69422
69420
69420
69418
69418
69417
69417
69416
69415
69414
69413
69413
69413
69411
69409
69405
69405
69404
69404
69403
69403
69402
69401
69401
69401
69400
69400
69399
69399
69398
69398
69397
69397
69396
69396
69395
69393
69393
69393
69389
69388
69387
69387
69383
69381
69380
69379
69375
69374
69372
69369
69366
69366
69366
69363
69362
69361
69360
69357
69357
69356
69356
69356
69355
69355
69351
69350
69349
69347
69347
69347
69346
69346
69343
69340
69340
69339
69339
69337
69336
69334
69332
69332
69331
69330
69329
69327
69327
69326
69326
69326
69325
69325
69323
69322
69319
69318
69317
69316
69316
69316
69315
69314
69314
69311
69310
69308
69307
69306
69305
69304
69304
69303
69303
69301
69299
69297
69296
69296
69295
69295
69295
69295
69294
69293
69293
69292
69291
69291
69291
69289
69288
69287
69286
69283
69283
69283
69280
69279
69278
69278
69274
69273
69273
69271
69270
69270
69268
69267
69264
69264
69263
69263
69263
69262
69262
69262
69261
69261
69261
69260
69260
69259
69259
69258
69258
69258
69258
69256
69255
69254
69254
69254
69253
69252
69251
69251
69251
69251
69251
69250
69250
69248
69247
69246
69244
69244
69243
69243
69242
69241
69240
69240
69237
69236
69236
69235
69235
69232
69231
69230
69230
69229
69227
69225
69225
69224
69223
69222
69222
69221
69221
69221
69220
69218
69217
69216
69215
69212
69211
69211
69209
69207
69207
69206
69206
69206
69203
69200
69199
69199
69198
69198
69196
69196
69196
69195
69193
69192
69192
69192
69191
69190
69189
69187
69187
69186
69186
69186
69183
69182
69180
69180
69179
69178
69178
69178
69176
69174
69174
69172
69170
69169
69169
69169
69169
69168
69164
69162
69161
69161
69160
69160
69160
69160
69159
69157
69154
69153
69152
69150
69149
69149
69147
69146
69146
69143
69142
69141
69139
69137
69137
69136
69131
69129
69129
69128
69128
69127
69127
69126
69126
69126
69125
69125
69125
69124
69124
69123
69123
69122
69121
69119
69117
69117
69115
69113
69111
69107
69107
69105
69103
69103
69101
69100
69099
69098
69097
69096
69095
69094
69093
69093
69092
69091
69089
69088
69088
69088
69086
69085
69083
69082
69081
69080
69079
69078
69077
69076
69076
69075
69072
69071
69071
69071
69069
69068
69066
69065
69064
69064
69064
69062
69061
69061
69059
69059
69059
69058
69058
69058
69057
69055
69055
69053
69050
69047
69047
69046
69046
69045
69043
69042
69041
69040
69040
69038
69038
69036
69035
69034
69034
69034
69033
69032
69031
69031
69029
69028
69028
69028
69027
69027
69027
69026
69024
69021
69020
69017
69016
69015
69012
69012
69011
69010
69008
69006
69006
69006
69005
69003
69000
69000
69000
68998
68997
68996
68994
68993
68993
68992
68990
68990
68990
68989
68987
68986
68983
68982
68981
68978
68977
68977
68976
68974
68973
68972
68972
68972
68971
68970
68968
68968
68967
68966
68965
68963
68961
68960
68960
68959
68959
68958
68958
68957
68955
68953
68950
68949
68945
68945
68945
68943
68943
68943
68942
68942
68940
68936
68936
68935
68934
68934
68933
68933
68932
68932
68931
68930
68928
68927
68927
68925
68924
68921
68919
68918
68917
68914
68913
68913
68907
68907
68907
68906
68905
68904
68904
68902
68900
68900
68899
68898
68897
68896
68895
68895
68894
68892
68892
68891
68889
68889
68889
68888
68888
68885
68885
68884
68884
68881
68881
68880
68879
68879
68879
68878
68877
68875
68874
68873
68873
68873
68872
68871
68870
68870
68868
68867
68865
68863
68860
68859
68859
68853
68852
68849
68849
68848
68848
68847
68846
68845
68845
68844
68844
68842
68840
68839
68838
68838
68837
68835
68834
68833
68831
68831
68829
68828
68826
68825
68823
68822
68818
68818
68818
68818
68817
68816
68815
68814
68813
68812
68810
68809
68809
68809
68808
68807
68807
68806
68806
68804
68802
68801
68801
68800
68799
68796
68795
68793
68793
68791
68791
68788
68788
68788
68784
68778
68777
68777
68777
68775
68773
68772
68772
68770
68769
68769
68768
68767
68767
68767
68766
68766
68766
68764
68760
68757
68756
68756
68756
68756
68752
68752
68751
68750
68750
68747
68747
68746
68745
68744
68744
68742
68742
68741
68741
68740
68739
68739
68739
68738
68737
68737
68737
68737
68736
68736
68735
68734
68733
68733
68733
68732
68731
68730
68729
68728
68728
68727
68726
68725
68724
68720
68720
68717
68717
68717
68715
68713
68713
68713
68712
68710
68709
68708
68708
68707
68707
68706
68705
68702
68701
68699
68698
68698
68698
68698
68695
68694
68694
68692
68688
68688
68688
68682
68682
68682
68681
68680
68679
68678
68677
68676
68673
68672
68671
68671
68671
68670
68670
68669
68669
68669
68668
68668
68666
68665
68663
68660
68660
68660
68660
68659
68658
68658
68657
68656
68656
68655
68655
68655
68654
68653
68652
68652
68651
68650
68650
68647
68647
68645
68644
68643
68638
68637
68637
68636
68636
68636
68635
68634
68634
68630
68630
68630
68629
68628
68627
68624
68620
68619
68619
68618
68617
68616
68616
68615
68612
68612
68612
68611
68609
68609
68609
68609
68608
68608
68607
68606
68605
68604
68604
68603
68603
68602
68601
68601
68598
68594
68593
68592
68591
68590
68589
68589
68586
68582
68581
68578
68578
68577
68577
68577
68576
68576
68574
68574
68574
68573
68573
68573
68573
68571
68571
68568
68568
68566
68566
68565
68564
68562
68561
68559
68559
68556
68550
68550
68548
68548
68548
68547
68545
68544
68543
68543
68542
68541
68541
68540
68540
68539
68538
68538
68538
68537
68537
68536
68536
68536
68535
68535
68534
68534
68532
68532
68531
68531
68529
68528
68526
68526
68526
68526
68524
68521
68521
68520
68518
68514
68513
68513
68511
68510
68508
68505
68504
68504
68503
68503
68500
68498
68498
68498
68497
68497
68497
68496
68495
68494
68494
68493
68493
68492
68491
68491
68490
68490
68489
68488
68488
68488
68487
68486
68486
68486
68481
68481
68481
68481
68479
68477
68475
68473
68469
68468
68468
68467
68467
68465
68465
68465
68465
68461
68461
68460
68460
68459
68458
68458
68457
68457
68456
68456
68455
68454
68453
68453
68452
68452
68451
68450
68450
68450
68449
68448
68447
68446
68446
68445
68445
68445
68445
68445
68443
68442
68441
68440
68439
68439
68438
68438
68435
68434
68431
68430
68429
68428
68427
68425
68425
68423
68423
68422
68422
68415
68414
68414
68413
68410
68410
68409
68408
68407
68406
68405
68403
68403
68403
68403
68403
68401
68401
68400
68399
68397
68397
68395
68394
68393
68393
68391
68391
68388
68387
68385
68384
68383
68382
68381
68381
68379
68376
68374
68374
68373
68373
68373
68372
68371
68371
68368
68367
68365
68359
68354
68352
68351
68351
68351
68350
68349
68348
68346
68346
68346
68345
68344
68342
68342
68341
68341
68338
68338
68338
68338
68335
68333
68330
68329
68329
68327
68325
68324
68321
68320
68319
68315
68314
68314
68313
68310
68309
68309
68308
68307
68306
68306
68303
68302
68302
68302
68299
68298
68298
68298
68298
68297
68296
68295
68294
68294
68291
68290
68289
68289
68289
68288
68283
68283
68282
68278
68276
68274
68272
68269
68267
68267
68267
68266
68266
68265
68265
68265
68264
68264
68263
68263
68263
68262
68261
68261
68259
68259
68258
68257
68257
68249
68245
68244
68244
68243
68243
68242
68242
68242
68242
68241
68241
68240
68240
68240
68238
68235
68233
68230
68230
68228
68228
68227
68227
68226
68224
68224
68223
68223
68222
68220
68219
68218
68218
68217
68216
68215
68213
68210
68210
68210
68209
68207
68207
68205
68203
68202
68201
68201
68199
68198
68198
68197
68195
68190
68189
68187
68187
68187
68187
68186
68185
68183
68182
68181
68180
68180
68177
68177
68177
68177
68176
68174
68174
68173
68170
68168
68167
68167
68166
68165
68164
68161
68158
68158
68157
68157
68156
68152
68151
68151
68149
68146
68141
68139
68138
68135
68135
68132
68132
68132
68131
68131
68130
68127
68127
68126
68125
68125
68123
68118
68117
68116
68108
68107
68106
68105
68104
68103
68103
68102
68101
68100
68099
68098
68098
68098
68097
68096
68095
68094
68093
68091
68091
68091
68091
68087
68086
68086
68085
68085
68084
68083
68082
68082
68081
68079
68079
68079
68078
68077
68077
68076
68075
68073
68073
68071
68070
68070
68069
68069
68068
68067
68067
68067
68064
68063
68063
68063
68062
68059
68059
68057
68054
68054
68054
68052
68052
68050
68050
68049
68049
68045
68044
68043
68043
68042
68040
68040
68039
68037
68036
68034
68034
68033
68032
68031
68030
68028
68028
68027
68025
68021
68018
68015
68015
68015
68013
68013
68012
68010
68010
68007
68006
68006
68005
68005
68003
68003
68002
68002
68002
68000
68000
67999
67996
67995
67991
67988
67987
67986
67986
67986
67985
67984
67983
67982
67981
67980
67976
67975
67975
67970
67970
67970
67969
67969
67969
67968
67968
67966
67965
67964
67961
67960
67959
67959
67959
67957
67956
67953
67953
67952
67951
67950
67950
67948
67948
67946
67942
67940
67940
67940
67940
67933
67932
67932
67928
67928
67928
67924
67924
67923
67923
67922
67922
67921
67921
67921
67919
67917
67914
67914
67914
67914
67909
67909
67908
67906
67904
67902
67902
67900
67899
67898
67897
67897
67893
67893
67891
67891
67890
67890
67888
67887
67887
67886
67885
67885
67885
67882
67882
67880
67880
67879
67878
67877
67875
67873
67872
67872
67871
67868
67867
67865
67865
67864
67863
67862
67862
67861
67860
67859
67857
67855
67853
67850
67850
67849
67846
67844
67844
67843
67841
67840
67838
67838
67836
67833
67827
67826
67825
67825
67824
67824
67823
67822
67821
67821
67820
67819
67818
67817
67817
67817
67816
67814
67814
67814
67813
67808
67808
67807
67806
67803
67802
67801
67800
67799
67796
67796
67795
67795
67794
67793
67793
67793
67792
67789
67788
67786
67784
67784
67783
67781
67781
67781
67779
67775
67775
67775
67773
67772
67772
67772
67770
67768
67767
67766
67765
67764
67764
67764
67763
67762
67761
67761
67760
67757
67756
67756
67755
67754
67753
67752
67752
67750
67748
67748
67747
67746
67746
67745
67745
67745
67744
67743
67742
67742
67741
67740
67739
67739
67737
67737
67737
67736
67735
67735
67734
67733
67732
67731
67729
67729
67727
67720
67720
67719
67718
67718
67716
67715
67713
67711
67711
67711
67711
67711
67711
67706
67705
67704
67702
67700
67699
67699
67698
67697
67695
67695
67695
67694
67694
67693
67692
67691
67689
67689
67687
67687
67686
67683
67682
67682
67681
67680
67679
67679
67678
67675
67674
67673
67670
67669
67668
67668
67668
67666
67666
67665
67664
67663
67662
67661
67660
67660
67660
67658
67656
67656
67655
67655
67655
67654
67654
67654
67652
67651
67651
67650
67650
67648
67648
67648
67648
67648
67647
67647
67645
67644
67644
67643
67643
67643
67641
67640
67639
67638
67638
67637
67637
67637
67637
67637
67636
67636
67636
67635
67635
67632
67632
67631
67630
67629
67629
67626
67626
67626
67626
67625
67621
67620
67620
67620
67619
67617
67616
67614
67612
67611
67607
67605
67604
67603
67603
67603
67602
67600
67600
67599
67598
67597
67596
67595
67593
67589
67588
67585
67583
67582
67582
67580
67579
67578
67576
67574
67571
67571
67570
67569
67569
67568
67568
67566
67566
67565
67565
67565
67564
67564
67563
67562
67561
67561
67561
67561
67560
67560
67558
67557
67556
67556
67555
67554
67553
67552
67552
67551
67551
67551
67551
67551
67550
67549
67549
67547
67547
67546
67545
67545
67543
67542
67541
67541
67540
67540
67538
67538
67537
67537
67535
67535
67534
67532
67532
67531
67529
67529
67529
67528
67528
67528
67526
67523
67522
67522
67520
67520
67520
67520
67519
67519
67518
67517
67516
67515
67515
67514
67513
67511
67511
67511
67510
67507
67507
67506
67505
67503
67503
67503
67502
67500
67500
67500
67498
67497
67495
67495
67494
67494
67493
67492
67489
67489
67484
67482
67481
67481
67480
67480
67478
67478
67477
67475
67474
67473
67473
67472
67472
67470
67469
67468
67468
67468
67468
67468
67467
67467
67466
67466
67464
67461
67461
67458
67457
67457
67457
67456
67455
67455
67454
67454
67453
67452
67452
67451
67451
67451
67451
67450
67450
67449
67448
67447
67445
67444
67444
67444
67444
67443
67441
67441
67439
67439
67439
67439
67438
67436
67434
67432
67431
67428
67428
67423
67423
67419
67419
67418
67418
67416
67414
67413
67413
67410
67410
67409
67408
67408
67407
67402
67398
67397
67396
67396
67396
67396
67396
67395
67394
67391
67391
67389
67389
67389
67389
67386
67385
67383
67382
67382
67380
67380
67379
67379
67378
67377
67377
67375
67375
67372
67372
67372
67371
67370
67369
67368
67368
67367
67366
67366
67365
67365
67363
67363
67362
67361
67359
67359
67358
67357
67357
67355
67355
67354
67354
67353
67352
67350
67349
67348
67348
67347
67343
67343
67342
67342
67341
67341
67340
67339
67337
67337
67336
67335
67334
67333
67330
67329
67327
67327
67327
67325
67325
67323
67323
67323
67323
67322
67322
67320
67318
67315
67315
67314
67312
67311
67311
67311
67310
67309
67307
67306
67306
67305
67304
67300
67298
67298
67297
67294
67293
67293
67293
67292
67292
67292
67291
67291
67290
67288
67286
67283
67282
67280
67274
67274
67274
67273
67272
67270
67270
67269
67269
67269
67267
67266
67266
67265
67265
67264
67263
67260
67260
67259
67259
67257
67257
67256
67256
67254
67253
67251
67247
67245
67244
67242
67242
67242
67242
67241
67237
67237
67236
67236
67236
67235
67233
67233
67229
67228
67228
67228
67225
67225
67224
67224
67224
67223
67223
67223
67222
67221
67216
67213
67213
67212
67211
67210
67210
67209
67209
67209
67208
67207
67203
67203
67202
67201
67200
67199
67199
67197
67195
67195
67194
67194
67193
67192
67190
67190
67188
67188
67188
67187
67185
67185
67185
67184
67183
67179
67178
67178
67176
67175
67175
67175
67175
67172
67172
67171
67171
67170
67170
67168
67168
67167
67164
67163
67162
67162
67160
67160
67159
67158
67157
67154
67152
67149
67148
67147
67147
67147
67146
67145
67145
67144
67142
67141
67141
67140
67139
67139
67137
67135
67135
67135
67133
67128
67128
67126
67125
67124
67123
67123
67123
67122
67119
67118
67117
67117
67117
67117
67116
67115
67115
67114
67113
67113
67112
67112
67111
67106
67106
67106
67105
67105
67104
67102
67101
67100
67096
67092
67091
67091
67091
67090
67090
67086
67086
67086
67085
67085
67084
67083
67082
67081
67080
67076
67075
67073
67073
67072
67071
67070
67070
67069
67067
67067
67067
67065
67061
67061
67060
67060
67059
67059
67057
67055
67055
67055
67053
67051
67050
67048
67048
67047
67047
67047
67047
67043
67042
67041
67041
67038
67037
67036
67035
67034
67034
67033
67033
67030
67030
67029
67028
67026
67025
67023
67023
67022
67020
67020
67018
67018
67015
67014
67013
67012
67012
67011
67010
67008
67004
67004
67002
67002
67001
67000
67000
66998
66997
66995
66991
66990
66990
66986
66985
66983
66982
66978
66978
66978
66974
66973
66973
66972
66971
66970
66969
66968
66967
66965
66961
66960
66959
66959
66958
66958
66957
66956
66955
66955
66954
66954
66953
66952
66951
66950
66950
66949
66947
66945
66944
66942
66942
66942
66941
66941
66940
66939
66938
66938
66937
66936
66936
66936
66936
66935
66935
66932
66932
66932
66932
66930
66930
66929
66927
66926
66926
66922
66922
66922
66921
66920
66920
66917
66917
66917
66914
66912
66910
66909
66908
66907
66907
66905
66905
66904
66903
66903
66901
66900
66899
66899
66899
66898
66897
66897
66893
66892
66891
66890
66890
66889
66888
66886
66884
66883
66882
66880
66880
66880
66879
66878
66877
66877
66876
66876
66875
66875
66874
66874
66873
66873
66872
66871
66871
66869
66869
66868
66867
66867
66867
66866
66865
66865
66864
66864
66861
66861
66860
66859
66859
66859
66857
66856
66856
66854
66853
66853
66853
66853
66852
66852
66849
66849
66848
66847
66844
66843
66842
66842
66842
66841
66840
66838
66837
66835
66835
66835
66834
66833
66831
66829
66828
66828
66827
66827
66826
66823
66819
66819
66819
66818
66816
66816
66815
66814
66813
66813
66812
66810
66807
66806
66805
66803
66801
66801
66799
66798
66797
66796
66794
66794
66793
66790
66789
66788
66787
66785
66785
66783
66782
66782
66781
66779
66778
66776
66775
66772
66770
66769
66765
66765
66764
66760
66759
66759
66758
66758
66757
66757
66756
66756
66755
66753
66751
66751
66750
66748
66747
66746
66746
66746
66745
66745
66744
66743
66743
66741
66740
66740
66737
66737
66735
66735
66735
66732
66732
66731
66731
66731
66730
66728
66727
66725
66725
66723
66723
66722
66721
66721
66720
66720
66720
66720
66719
66718
66715
66714
66714
66714
66713
66712
66712
66712
66711
66708
66708
66708
66707
66707
66707
66706
66705
66704
66704
66703
66703
66701
66701
66699
66699
66698
66698
66696
66694
66692
66692
66690
66689
66689
66688
66688
66687
66687
66687
66684
66682
66681
66680
66680
66679
66678
66678
66676
66672
66670
66670
66668
66666
66663
66661
66661
66661
66660
66660
66659
66659
66657
66656
66655
66654
66654
66653
66651
66650
66647
66646
66646
66645
66645
66643
66640
66640
66639
66638
66637
66637
66636
66635
66633
66632
66631
66630
66630
66630
66629
66628
66628
66627
66626
66625
66623
66621
66621
66618
66618
66617
66617
66617
66615
66613
66612
66612
66612
66611
66611
66609
66608
66607
66605
66603
66603
66602
66601
66601
66599
66598
66598
66598
66597
66597
66597
66595
66595
66594
66594
66592
66591
66589
66588
66588
66587
66587
66585
66583
66583
66583
66582
66582
66581
66579
66578
66575
66573
66572
66570
66569
66569
66569
66568
66568
66568
66567
66564
66563
66563
66558
66557
66557
66554
66553
66552
66551
66551
66547
66545
66545
66544
66543
66541
66541
66540
66539
66539
66539
66538
66537
66536
66536
66534
66533
66533
66532
66528
66528
66524
66524
66524
66523
66522
66520
66518
66518
66515
66515
66515
66514
66514
66513
66513
66511
66510
66509
66506
66506
66502
66499
66499
66497
66496
66495
66494
66494
66492
66492
66492
66489
66488
66485
66485
66485
66481
66480
66478
66477
66477
66476
66476
66475
66473
66473
66472
66471
66471
66470
66469
66468
66468
66468
66467
66463
66462
66462
66461
66461
66461
66461
66458
66456
66456
66453
66452
66451
66451
66450
66449
66449
66448
66447
66446
66446
66445
66445
66445
66442
66442
66441
66439
66439
66437
66437
66437
66436
66436
66435
66433
66433
66428
66428
66427
66423
66420
66420
66418
66418
66417
66416
66413
66411
66406
66405
66403
66402
66402
66401
66401
66400
66398
66398
66394
66393
66393
66390
66390
66389
66386
66386
66383
66383
66383
66383
66383
66381
66378
66377
66377
66376
66376
66375
66375
66374
66370
66368
66368
66368
66367
66366
66365
66363
66362
66361
66361
66360
66360
66359
66356
66355
66355
66354
66353
66353
66353
66352
66352
66352
66351
66348
66347
66346
66343
66343
66343
66342
66341
66339
66338
66338
66336
66336
66335
66335
66332
66332
66332
66330
66328
66327
66327
66326
66324
66323
66323
66323
66319
66319
66318
66317
66316
66312
66311
66311
66311
66310
66310
66307
66305
66303
66302
66302
66301
66301
66301
66299
66298
66298
66297
66296
66296
66295
66294
66294
66293
66292
66291
66291
66291
66289
66288
66288
66287
66287
66286
66285
66285
66285
66284
66284
66282
66278
66273
66272
66271
66270
66270
66269
66268
66268
66267
66267
66267
66266
66264
66264
66263
66263
66261
66260
66260
66259
66258
66257
66257
66257
66256
66256
66253
66253
66252
66251
66249
66249
66245
66245
66245
66243
66242
66239
66238
66235
66234
66234
66233
66233
66231
66230
66230
66229
66229
66228
66228
66227
66226
66224
66222
66221
66220
66219
66218
66216
66216
66216
66215
66214
66213
66213
66210
66210
66210
66210
66209
66208
66207
66206
66205
66200
66200
66199
66199
66196
66193
66193
66192
66192
66190
66189
66189
66187
66187
66185
66185
66183
66182
66181
66179
66179
66179
66179
66178
66178
66176
66176
66171
66170
66170
66169
66166
66166
66165
66165
66163
66161
66160
66160
66160
66158
66158
66156
66156
66156
66155
66155
66153
66152
66151
66151
66150
66148
66148
66146
66146
66145
66145
66144
66144
66144
66142
66141
66140
66139
66137
66137
66137
66133
66133
66130
66130
66129
66128
66127
66126
66125
66123
66123
66122
66121
66119
66119
66119
66118
66117
66116
66115
66114
66113
66113
66112
66111
66111
66111
66109
66108
66107
66107
66106
66105
66102
66102
66102
66102
66101
66100
66099
66098
66097
66096
66095
66095
66094
66094
66093
66091
66089
66087
66086
66085
66083
66082
66082
66082
66081
66080
66079
66074
66073
66072
66071
66070
66069
66069
66069
66066
66065
66065
66065
66064
66064
66063
66062
66060
66059
66058
66057
66053
66053
66051
66051
66050
66047
66046
66043
66042
66041
66040
66040
66039
66038
66037
66036
66036
66035
66031
66030
66029
66028
66028
66026
66024
66023
66022
66019
66017
66017
66016
66011
66011
66010
66009
66008
66008
66007
66006
66006
66005
66005
66004
66003
66001
66000
65999
65998
65998
65995
65994
65994
65994
65994
65994
65993
65993
65992
65991
65990
65986
65983
65983
65983
65982
65982
65980
65975
65975
65974
65972
65972
65971
65971
65971
65968
65968
65968
65968
65967
65966
65966
65964
65963
65963
65963
65960
65959
65957
65956
65955
65954
65954
65952
65952
65952
65951
65950
65950
65950
65949
65949
65948
65948
65945
65945
65945
65945
65944
65943
65943
65942
65942
65942
65941
65940
65939
65938
65938
65938
65938
65937
65937
65933
65933
65930
65929
65929
65928
65928
65927
65925
65924
65923
65922
65922
65921
65920
65920
65919
65916
65915
65914
65912
65912
65912
65912
65911
65911
65908
65908
65908
65907
65906
65906
65903
65901
65899
65899
65895
65895
65895
65892
65890
65890
65889
65888
65882
65880
65879
65878
65878
65877
65875
65875
65875
65873
65873
65873
65872
65872
65871
65871
65869
65868
65868
65868
65866
65866
65864
65864
65863
65862
65861
65860
65859
65859
65859
65857
65857
65856
65856
65853
65851
65850
65845
65844
65840
65839
65839
65839
65839
65837
65837
65836
65835
65835
65835
65835
65833
65832
65831
65830
65830
65829
65829
65827
65825
65823
65821
65820
65819
65818
65817
65814
65812
65812
65812
65811
65811
65810
65807
65806
65805
65804
65804
65803
65803
65803
65802
65801
65795
65795
65794
65792
65789
65789
65788
65787
65786
65786
65785
65779
65779
65778
65775
65772
65771
65770
65770
65769
65769
65768
65765
65761
65761
65760
65758
65758
65757
65757
65757
65755
65754
65754
65753
65753
65751
65751
65749
65747
65747
65746
65745
65745
65745
65743
65742
65741
65741
65740
65736
65735
65735
65734
65732
65731
65731
65730
65728
65728
65724
65724
65723
65723
65722
65721
65721
65720
65719
65718
65718
65717
65717
65716
65713
65713
65707
65703
65701
65701
65701
65700
65699
65699
65699
65696
65695
65694
65692
65692
65691
65691
65690
65689
65689
65688
65688
65688
65687
65686
65685
65685
65684
65683
65682
65680
65679
65678
65677
65677
65677
65675
65675
65674
65672
65670
65669
65669
65668
65667
65666
65662
65662
65660
65660
65659
65659
65658
65658
65658
65656
65654
65654
65653
65653
65652
65650
65649
65649
65649
65649
65647
65642
65640
65640
65639
65637
65632
65630
65629
65628
65628
65626
65626
65625
65624
65623
65622
65619
65619
65619
65618
65618
65617
65615
65615
65614
65612
65610
65610
65609
65609
65609
65606
65604
65604
65604
65603
65603
65603
65602
65601
65601
65601
65600
65600
65598
65598
65597
65596
65596
65595
65594
65594
65593
65592
65592
65592
65591
65590
65587
65586
65585
65584
65580
65578
65578
65575
65575
65575
65573
65573
65572
65572
65571
65571
65570
65570
65569
65568
65568
65567
65567
65567
65566
65565
65564
65561
65561
65559
65559
65557
65557
65556
65555
65555
65554
65551
65551
65550
65549
65549
65547
65547
65546
65545
65544
65540
65539
65537
65537
65537
65535
65534
65532
65532
65532
65531
65529
65528
65527
65525
65525
65525
65525
65523
65520
65519
65518
65516
65515
65514
65513
65509
65507
65507
65507
65506
65506
65505
65504
65503
65502
65502
65501
65501
65501
65498
65496
65496
65495
65494
65492
65492
65491
65491
65490
65487
65486
65484
65483
65482
65481
65480
65479
65479
65479
65474
65473
65471
65470
65469
65469
65467
65466
65465
65462
65460
65457
65456
65456
65454
65453
65451
65450
65448
65446
65444
65443
65440
65440
65437
65434
65434
65433
65430
65429
65429
65428
65428
65428
65428
65427
65426
65425
65423
65421
65421
65421
65420
65419
65418
65418
65416
65416
65415
65414
65411
65410
65410
65410
65409
65409
65409
65408
65407
65407
65406
65405
65404
65403
65402
65402
65402
65401
65400
65399
65398
65398
65397
65390
65388
65388
65388
65387
65384
65383
65382
65381
65380
65380
65378
65378
65376
65376
65376
65375
65373
65372
65372
65369
65368
65368
65368
65367
65366
65366
65363
65362
65362
65362
65360
65360
65355
65354
65348
65346
65345
65343
65343
65340
65338
65337
65336
65333
65333
65333
65330
65327
65327
65327
65327
65326
65326
65326
65324
65323
65322
65321
65321
65320
65319
65319
65317
65317
65315
65314
65314
65313
65310
65309
65307
65307
65306
65306
65303
65301
65300
65299
65298
65297
65297
65297
65295
65295
65294
65293
65292
65291
65291
65291
65289
65289
65289
65288
65287
65286
65285
65284
65282
65282
65281
65281
65281
65280
65279
65278
65278
65277
65276
65275
65275
65274
65274
65273
65272
65271
65268
65266
65263
65262
65260
65260
65260
65260
65254
65253
65252
65251
65251
65251
65250
65248
65243
65243
65242
65239
65239
65238
65237
65237
65236
65233
65233
65232
65231
65231
65229
65227
65226
65226
65222
65221
65221
65219
65219
65218
65218
65216
65215
65212
65212
65209
65209
65209
65208
65206
65206
65205
65203
65203
65202
65201
65201
65200
65199
65198
65197
65196
65194
65194
65194
65192
65191
65191
65189
65189
65189
65188
65187
65187
65186
65183
65183
65180
65179
65178
65178
65177
65175
65174
65174
65172
65170
65170
65168
65167
65167
65165
65165
65164
65164
65163
65163
65163
65162
65159
65158
65158
65158
65156
65155
65154
65153
65153
65152
65152
65152
65150
65150
65146
65144
65144
65144
65143
65143
65142
65141
65141
65141
65141
65140
65140
65139
65139
65137
65137
65136
65132
65132
65132
65130
65130
65130
65129
65127
65126
65125
65125
65125
65125
65124
65123
65123
65123
65121
65119
65118
65118
65116
65115
65114
65113
65112
65111
65111
65108
65106
65106
65103
65102
65100
65098
65098
65098
65097
65097
65096
65096
65096
65096
65095
65095
65095
65094
65094
65093
65093
65091
65091
65090
65089
65089
65088
65088
65086
65083
65083
65081
65078
65078
65076
65076
65075
65074
65072
65072
65071
65069
65068
65067
65065
65064
65063
65063
65062
65062
65061
65061
65059
65059
65059
65059
65058
65057
65056
65054
65051
65049
65049
65048
65047
65046
65046
65044
65043
65043
65042
65040
65039
65038
65037
65035
65033
65033
65032
65030
65029
65029
65028
65025
65023
65022
65020
65019
65019
65019
65018
65018
65018
65016
65014
65013
65012
65012
65012
65010
65009
65008
65006
65005
65005
65005
65004
65004
65003
65003
65001
64999
64998
64995
64995
64995
64994
64993
64993
64992
64990
64987
64986
64985
64984
64983
64981
64980
64976
64973
64973
64972
64970
64970
64970
64969
64968
64967
64964
64964
64964
64962
64962
64962
64960
64960
64959
64958
64955
64955
64954
64953
64953
64949
64948
64947
64947
64946
64946
64945
64945
64943
64942
64940
64940
64940
64938
64936
64936
64935
64934
64934
64933
64932
64932
64932
64930
64929
64928
64926
64926
64926
64925
64924
64923
64922
64922
64922
64920
64920
64919
64919
64919
64918
64918
64916
64916
64914
64912
64907
64906
64906
64902
64902
64901
64899
64899
64891
64891
64890
64885
64883
64883
64880
64875
64875
64874
64873
64870
64869
64869
64869
64868
64863
64863
64863
64863
64862
64862
64862
64861
64858
64857
64855
64855
64855
64854
64853
64852
64851
64850
64850
64849
64848
64847
64847
64846
64845
64843
64842
64839
64838
64836
64835
64835
64830
64828
64826
64825
64824
64824
64823
64822
64821
64820
64819
64818
64818
64814
64814
64813
64812
64811
64810
64809
64809
64806
64806
64806
64805
64803
64803
64803
64803
64801
64801
64801
64801
64800
64800
64799
64798
64797
64797
64796
64794
64794
64793
64791
64788
64788
64787
64787
64786
64786
64784
64784
64784
64783
64783
64781
64781
64781
64781
64780
64779
64779
64779
64778
64778
64777
64777
64776
64775
64774
64774
64771
64769
64768
64766
64766
64765
64765
64764
64763
64760
64759
64759
64758
64755
64755
64755
64754
64753
64753
64752
64748
64748
64747
64747
64746
64743
64742
64742
64742
64741
64741
64740
64740
64739
64736
64736
64733
64733
64731
64730
64730
64730
64729
64729
64728
64727
64727
64726
64725
64725
64724
64724
64723
64723
64721
64721
64721
64721
64720
64719
64718
64717
64716
64714
64710
64708
64707
64707
64706
64704
64704
64701
64700
64699
64699
64698
64697
64696
64695
64694
64692
64691
64689
64688
64687
64687
64686
64684
64683
64680
64680
64680
64679
64678
64676
64676
64676
64675
64675
64675
64675
64674
64674
64673
64672
64671
64669
64669
64668
64667
64663
64661
64661
64661
64660
64660
64659
64658
64657
64656
64654
64654
64653
64653
64653
64652
64651
64648
64647
64647
64647
64645
64644
64643
64643
64643
64642
64640
64636
64635
64634
64634
64634
64634
64634
64633
64632
64631
64631
64630
64628
64628
64626
64625
64625
64625
64624
64623
64623
64622
64621
64619
64619
64618
64617
64615
64615
64614
64613
64613
64613
64612
64611
64611
64610
64608
64608
64606
64605
64604
64604
64601
64600
64599
64599
64599
64597
64596
64596
64594
64594
64591
64591
64589
64587
64586
64584
64584
64582
64581
64581
64580
64580
64578
64576
64576
64573
64572
64572
64571
64567
64567
64564
64564
64562
64562
64561
64560
64559
64559
64558
64557
64557
64555
64552
64550
64547
64545
64545
64541
64540
64540
64538
64538
64537
64536
64535
64535
64533
64533
64533
64533
64529
64528
64526
64525
64524
64523
64522
64521
64521
64518
64518
64517
64516
64515
64515
64512
64511
64510
64510
64509
64509
64508
64507
64506
64506
64505
64505
64501
64501
64500
64499
64498
64497
64496
64496
64495
64495
64495
64494
64494
64493
64492
64491
64491
64490
64490
64487
64487
64486
64485
64485
64484
64484
64483
64483
64483
64482
64482
64481
64481
64480
64477
64476
64476
64474
64473
64471
64470
64468
64468
64467
64466
64464
64464
64462
64461
64459
64456
64456
64454
64454
64454
64454
64450
64447
64446
64443
64443
64440
64437
64437
64436
64435
64435
64434
64432
64432
64429
64424
64423
64422
64422
64421
64421
64420
64418
64418
64418
64416
64415
64415
64414
64410
64409
64409
64409
64407
64405
64404
64402
64401
64401
64399
64398
64396
64393
64392
64392
64389
64389
64389
64388
64387
64387
64386
64385
64385
64385
64385
64382
64380
64377
64377
64375
64374
64371
64371
64369
64369
64369
64369
64368
64367
64363
64362
64361
64358
64357
64356
64355
64353
64353
64353
64351
64349
64348
64347
64345
64344
64343
64343
64341
64340
64340
64340
64338
64337
64336
64334
64334
64330
64327
64327
64327
64326
64325
64324
64324
64322
64322
64322
64320
64320
64319
64317
64317
64316
64316
64316
64315
64315
64312
64312
64310
64310
64310
64307
64307
64305
64305
64304
64302
64300
64300
64300
64299
64298
64297
64296
64296
64295
64294
64293
64293
64291
64291
64290
64289
64289
64289
64289
64288
64287
64285
64284
64283
64282
64280
64279
64279
64277
64276
64274
64272
64272
64270
64269
64268
64267
64266
64265
64265
64264
64262
64261
64260
64258
64257
64255
64252
64251
64248
64248
64247
64246
64246
64243
64242
64237
64236
64235
64232
64230
64230
64230
64230
64226
64226
64224
64222
64222
64219
64219
64218
64218
64214
64213
64212
64212
64212
64211
64208
64208
64207
64206
64206
64206
64205
64203
64201
64200
64200
64199
64199
64198
64198
64198
64195
64194
64194
64193
64193
64192
64190
64188
64188
64187
64186
64186
64185
64185
64185
64184
64183
64181
64181
64180
64180
64180
64179
64179
64178
64178
64178
64177
64173
64172
64172
64171
64169
64169
64168
64168
64168
64167
64166
64164
64164
64161
64158
64158
64157
64156
64155
64154
64152
64152
64150
64148
64148
64148
64146
64146
64145
64145
64144
64144
64144
64144
64143
64143
64142
64142
64140
64139
64139
64133
64130
64129
64129
64125
64125
64125
64125
64123
64123
64121
64120
64119
64118
64118
64116
64116
64114
64112
64112
64112
64112
64110
64109
64108
64106
64105
64103
64102
64102
64102
64099
64099
64098
64097
64097
64097
64096
64094
64091
64091
64091
64091
64090
64089
64087
64087
64086
64085
64084
64082
64082
64082
64081
64080
64079
64076
64076
64075
64074
64073
64073
64072
64071
64070
64070
64070
64065
64063
64063
64063
64059
64058
64056
64055
64055
64054
64054
64052
64051
64049
64048
64047
64046
64044
64043
64043
64040
64040
64038
64036
64036
64035
64034
64033
64032
64031
64028
64026
64025
64025
64025
64025
64025
64024
64023
64023
64020
64018
64018
64015
64014
64014
64012
64012
64011
64010
64010
64009
64009
64007
64006
64005
64003
64002
64002
64001
64000
63999
63996
63996
63996
63994
63994
63994
63992
63991
63990
63990
63988
63985
63984
63984
63981
63978
63977
63977
63977
63976
63976
63975
63975
63974
63973
63973
63972
63971
63965
63965
63962
63960
63959
63958
63957
63956
63955
63954
63954
63952
63952
63950
63950
63945
63938
63937
63935
63934
63934
63934
63931
63929
63928
63927
63927
63926
63925
63925
63923
63923
63921
63921
63920
63920
63919
63919
63919
63917
63916
63916
63915
63915
63915
63915
63915
63914
63913
63913
63912
63912
63910
63910
63910
63907
63907
63906
63904
63901
63901
63900
63899
63899
63895
63894
63889
63888
63888
63887
63887
63883
63882
63881
63880
63878
63878
63877
63875
63874
63873
63872
63869
63862
63862
63861
63859
63859
63858
63858
63856
63855
63853
63853
63853
63852
63850
63849
63847
63846
63846
63845
63844
63841
63839
63839
63837
63837
63837
63837
63836
63835
63835
63835
63833
63831
63831
63829
63828
63827
63826
63825
63825
63823
63821
63819
63812
63811
63809
63809
63808
63806
63805
63805
63805
63805
63804
63803
63803
63801
63801
63800
63800
63799
63797
63797
63796
63796
63794
63791
63791
63791
63788
63787
63785
63783
63783
63781
63780
63777
63777
63776
63775
63774
63773
63772
63770
63770
63770
63768
63766
63766
63766
63765
63764
63762
63762
63762
63760
63760
63760
63756
63756
63756
63756
63755
63755
63752
63751
63751
63751
63751
63750
63749
63749
63749
63749
63747
63747
63746
63745
63745
63744
63743
63743
63742
63740
63739
63738
63735
63735
63734
63734
63733
63731
63730
63729
63729
63727
63725
63721
63721
63720
63720
63720
63719
63718
63717
63717
63715
63714
63714
63713
63711
63709
63706
63705
63704
63703
63702
63701
63701
63698
63698
63696
63695
63695
63693
63692
63692
63692
63689
63686
63685
63683
63683
63681
63681
63679
63678
63678
63677
63676
63676
63675
63673
63672
63671
63667
63665
63665
63664
63664
63663
63661
63659
63658
63657
63657
63656
63655
63655
63654
63654
63651
63650
63647
63646
63646
63646
63645
63644
63644
63641
63640
63638
63636
63636
63636
63634
63632
63631
63631
63626
63623
63622
63622
63620
63620
63620
63619
63619
63618
63617
63614
63614
63612
63609
63608
63608
63607
63606
63606
63605
63605
63605
63604
63604
63603
63602
63601
63599
63599
63599
63597
63595
63594
63592
63591
63590
63589
63589
63588
63587
63586
63584
63583
63582
63581
63578
63578
63577
63577
63576
63576
63572
63569
63569
63569
63567
63566
63565
63561
63558
63558
63555
63555
63553
63551
63548
63548
63547
63546
63546
63544
63544
63543
63543
63542
63539
63539
63534
63534
63533
63533
63528
63527
63526
63524
63523
63522
63520
63520
63520
63518
63518
63517
63517
63517
63516
63514
63513
63511
63509
63505
63504
63504
63504
63499
63499
63497
63496
63495
63495
63494
63494
63493
63492
63489
63488
63488
63487
63485
63485
63485
63483
63481
63481
63480
63479
63477
63477
63476
63476
63476
63476
63475
63475
63474
63473
63472
63472
63471
63470
63469
63467
63466
63464
63462
63461
63460
63458
63457
63456
63455
63455
63455
63448
63445
63445
63444
63442
63441
63440
63439
63438
63437
63437
63435
63435
63432
63432
63432
63431
63431
63430
63429
63429
63429
63428
63428
63426
63425
63423
63422
63422
63421
63420
63420
63420
63420
63418
63418
63417
63414
63414
63414
63414
63413
63411
63409
63408
63408
63405
63405
63404
63403
63401
63400
63400
63399
63399
63398
63397
63396
63393
63393
63392
63392
63390
63390
63389
63388
63385
63383
63382
63380
63377
63375
63373
63373
63372
63371
63370
63370
63369
63368
63368
63367
63367
63367
63366
63366
63365
63364
63363
63362
63361
63359
63358
63357
63357
63354
63351
63350
63350
63350
63350
63349
63349
63349
63348
63347
63346
63346
63346
63346
63346
63346
63345
63345
63343
63343
63343
63342
63342
63342
63341
63340
63339
63338
63336
63336
63333
63333
63332
63330
63330
63330
63330
63328
63328
63328
63327
63327
63327
63326
63325
63324
63324
63324
63324
63324
63324
63323
63322
63321
63321
63320
63320
63319
63319
63319
63317
63317
63315
63314
63314
63314
63313
63312
63311
63309
63309
63308
63306
63306
63305
63304
63303
63302
63302
63300
63300
63300
63300
63298
63298
63297
63297
63297
63297
63297
63297
63295
63295
63295
63295
63295
63293
63293
63292
63291
63291
63289
63289
63288
63287
63287
63286
63285
63285
63284
63283
63282
63277
63275
63275
63274
63273
63273
63272
63271
63271
63270
63269
63268
63267
63266
63266
63264
63264
63264
63263
63262
63262
63260
63260
63259
63259
63259
63259
63259
63256
63255
63255
63255
63254
63254
63254
63252
63252
63252
63252
63251
63251
63251
63250
63250
63249
63248
63248
63247
63246
63245
63245
63243
63242
63241
63241
63238
63236
63236
63236
63236
63233
63232
63232
63231
63231
63230
63229
63229
63229
63229
63227
63226
63226
63226
63225
63224
63224
63224
63221
63221
63221
63221
63221
63221
63218
63218
63217
63217
63216
63216
63216
63215
63214
63213
63213
63213
63211
63211
63211
63211
63210
63209
63208
63208
63206
63204
63204
63203
63203
63200
63200
63199
63198
63197
63193
63192
63191
63191
63190
63189
63189
63188
63188
63187
63185
63185
63185
63184
63183
63182
63182
63181
63181
63179
63178
63178
63178
63177
63177
63175
63169
63169
63168
63168
63167
63167
63167
63166
63166
63166
63165
63163
63162
63162
63161
63161
63160
63159
63154
63154
63154
63154
63153
63153
63152
63149
63148
63148
63148
63146
63145
63145
63143
63141
63141
63141
63140
63138
63137
63136
63135
63133
63133
63132
63132
63131
63130
63129
63128
63128
63127
63127
63126
63123
63122
63122
63122
63121
63121
63120
63120
63119
63118
63118
63116
63116
63115
63114
63114
63113
63109
63107
63107
63107
63105
63105
63104
63104
63104
63101
63100
63099
63096
63094
63092
63091
63091
63090
63086
63085
63084
63084
63084
63083
63082
63082
63082
63081
63079
63079
63079
63079
63078
63077
63076
63076
63075
63075
63073
63067
63067
63067
63066
63066
63065
63063
63062
63061
63059
63057
63054
63054
63054
63053
63053
63049
63046
63046
63043
63042
63042
63037
63037
63036
63036
63036
63035
63033
63029
63026
63026
63026
63024
63024
63023
63022
63022
63021
63021
63020
63019
63018
63018
63014
63014
63013
63011
63008
63008
63007
63007
63007
63005
63005
63005
63003
63000
62999
62999
62999
62998
62998
62997
62994
62993
62993
62992
62992
62990
62987
62985
62985
62985
62984
62984
62981
62981
62976
62976
62972
62971
62971
62971
62969
62968
62968
62967
62966
62966
62965
62959
62956
62956
62955
62955
62955
62950
62949
62948
62945
62945
62944
62944
62943
62943
62942
62940
62937
62937
62936
62936
62935
62934
62933
62932
62931
62931
62930
62930
62926
62923
62921
62920
62920
62920
62919
62919
62919
62918
62918
62918
62917
62911
62910
62910
62909
62908
62906
62904
62904
62903
62902
62900
62899
62898
62898
62897
62895
62895
62893
62892
62892
62891
62890
62889
62887
62887
62887
62885
62885
62885
62885
62885
62883
62882
62882
62882
62881
62880
62880
62877
62877
62875
62875
62874
62872
62870
62869
62869
62866
62864
62863
62861
62861
62861
62860
62859
62859
62858
62858
62858
62857
62855
62855
62849
62848
62848
62848
62847
62847
62847
62846
62846
62845
62843
62843
62842
62842
62841
62840
62838
62837
62836
62835
62834
62830
62828
62827
62826
62825
62824
62824
62823
62822
62821
62820
62820
62819
62819
62819
62819
62819
62815
62814
62813
62812
62811
62811
62809
62809
62807
62805
62804
62804
62803
62803
62802
62800
62800
62799
62798
62796
62793
62790
62789
62786
62784
62784
62783
62783
62782
62780
62780
62780
62779
62779
62778
62777
62776
62774
62772
62770
62768
62768
62768
62767
62766
62765
62765
62764
62763
62763
62763
62761
62761
62760
62759
62759
62758
62758
62757
62757
62756
62754
62754
62754
62752
62752
62750
62749
62749
62749
62747
62745
62745
62744
62742
62742
62742
62741
62740
62739
62739
62736
62736
62736
62735
62734
62730
62729
62726
62726
62726
62725
62725
62723
62723
62722
62722
62719
62718
62718
62715
62714
62712
62711
62709
62708
62708
62707
62706
62706
62705
62703
62702
62702
62701
62701
62699
62698
62695
62695
62693
62692
62692
62691
62690
62688
62685
62684
62681
62680
62679
62677
62676
62676
62675
62675
62674
62672
62672
62671
62671
62670
62669
62665
62664
62664
62664
62663
62663
62661
62661
62660
62660
62660
62660
62659
62655
62655
62654
62652
62651
62651
62649
62648
62648
62647
62647
62647
62646
62646
62646
62644
62643
62641
62640
62639
62637
62635
62634
62630
62629
62629
62629
62629
62629
62628
62627
62627
62626
62626
62626
62625
62625
62625
62624
62623
62622
62622
62620
62620
62620
62619
62618
62616
62616
62616
62615
62615
62614
62614
62613
62612
62612
62610
62609
62606
62605
62604
62601
62600
62599
62599
62598
62594
62594
62594
62593
62593
62591
62590
62590
62590
62589
62585
62584
62583
62582
62581
62581
62580
62579
62579
62578
62578
62576
62571
62570
62569
62567
62567
62565
62565
62565
62564
62563
62563
62563
62562
62562
62562
62561
62561
62560
62560
62558
62558
62557
62555
62554
62554
62550
62550
62548
62547
62547
62546
62542
62542
62542
62541
62541
62540
62539
62536
62535
62535
62534
62534
62531
62530
62529
62529
62528
62527
62527
62526
62522
62521
62521
62520
62520
62520
62519
62518
62518
62517
62516
62514
62513
62512
62511
62510
62509
62509
62508
62508
62508
62507
62506
62506
62506
62505
62505
62505
62501
62500
62500
62498
62497
62497
62496
62493
62493
62492
62491
62490
62489
62489
62488
62487
62487
62487
62486
62484
62482
62481
62479
62479
62477
62476
62476
62475
62474
62474
62472
62472
62471
62470
62468
62466
62466
62465
62463
62463
62461
62460
62457
62456
62455
62454
62453
62452
62451
62451
62450
62449
62448
62448
62446
62446
62443
62442
62442
62441
62440
62439
62439
62438
62437
62436
62433
62431
62429
62428
62428
62425
62424
62424
62423
62422
62420
62419
62416
62416
62415
62414
62413
62412
62408
62408
62406
62405
62403
62402
62400
62398
62398
62397
62397
62396
62395
62395
62393
62392
62392
62392
62392
62391
62390
62390
62389
62387
62386
62383
62383
62381
62381
62379
62379
62379
62378
62377
62373
62372
62372
62372
62371
62369
62366
62364
62363
62360
62359
62358
62355
62355
62354
62354
62352
62352
62352
62351
62349
62349
62348
62348
62347
62346
62346
62346
62346
62346
62345
62343
62343
62342
62341
62341
62341
62339
62339
62339
62338
62337
62337
62337
62335
62334
62334
62334
62330
62330
62330
62330
62329
62329
62328
62328
62328
62326
62326
62325
62324
62324
62321
62320
62320
62319
62319
62318
62318
62317
62316
62316
62316
62313
62312
62312
62311
62307
62305
62305
62303
62301
62300
62300
62299
62297
62296
62296
62295
62294
62293
62292
62289
62288
62288
62286
62281
62277
62276
62276
62275
62275
62274
62274
62274
62271
62270
62268
62267
62267
62266
62266
62266
62266
62266
62265
62265
62264
62263
62263
62263
62263
62263
62261
62261
62261
62260
62260
62260
62259
62257
62256
62255
62254
62253
62252
62251
62249
62247
62247
62245
62245
62245
62242
62241
62238
62237
62236
62234
62233
62232
62232
62232
62231
62229
62229
62229
62228
62224
62224
62223
62222
62221
62221
62221
62218
62218
62214
62212
62210
62208
62207
62204
62202
62201
62200
62200
62198
62198
62198
62195
62194
62193
62191
62191
62190
62190
62189
62186
62185
62180
62179
62178
62176
62173
62172
62172
62170
62168
62167
62165
62161
62160
62158
62157
62157
62155
62154
62154
62153
62152
62151
62150
62148
62148
62147
62146
62144
62143
62143
62142
62142
62142
62141
62140
62140
62140
62137
62135
62134
62134
62134
62133
62132
62126
62124
62124
62124
62121
62120
62120
62118
62117
62116
62115
62115
62114
62114
62113
62112
62111
62110
62110
62109
62109
62107
62106
62103
62103
62100
62099
62098
62097
62096
62089
62089
62089
62088
62088
62087
62087
62087
62086
62084
62084
62083
62082
62081
62080
62080
62076
62074
62073
62073
62072
62072
62069
62067
62067
62066
62064
62064
62063
62063
62062
62062
62061
62060
62058
62058
62055
62052
62051
62050
62049
62046
62046
62044
62043
62041
62040
62040
62039
62039
62039
62038
62038
62038
62036
62034
62034
62034
62033
62033
62032
62029
62027
62025
62025
62023
62022
62022
62022
62021
62019
62019
62019
62018
62015
62015
62010
62010
62009
62009
62008
62007
62007
62006
62005
62005
62005
62004
62003
61998
61997
61996
61993
61993
61993
61992
61991
61991
61990
61988
61987
61987
61986
61984
61984
61983
61982
61980
61980
61979
61979
61978
61976
61976
61975
61973
61973
61972
61971
61970
61968
61967
61966
61964
61962
61961
61961
61959
61959
61959
61958
61954
61953
61952
61952
61950
61950
61949
61948
61948
61948
61946
61945
61944
61943
61943
61942
61941
61940
61939
61939
61939
61938
61938
61936
61936
61936
61936
61932
61932
61932
61930
61930
61929
61929
61928
61927
61927
61926
61926
61925
61925
61924
61922
61922
61922
61919
61918
61917
61917
61917
61917
61916
61914
61913
61912
61912
61910
61909
61908
61907
61906
61905
61904
61901
61900
61900
61898
61895
61895
61894
61893
61892
61891
61891
61889
61887
61886
61884
61883
61881
61881
61878
61876
61875
61874
61871
61870
61869
61869
61869
61868
61868
61866
61864
61863
61863
61862
61861
61861
61861
61860
61860
61859
61858
61858
61858
61857
61857
61854
61854
61854
61850
61849
61849
61848
61847
61845
61845
61845
61844
61843
61843
61842
61842
61840
61840
61838
61837
61837
61837
61835
61834
61834
61831
61827
61827
61827
61824
61824
61823
61820
61820
61819
61817
61813
61813
61812
61810
61810
61810
61810
61808
61804
61802
61802
61802
61802
61801
61800
61798
61796
61796
61795
61793
61792
61792
61792
61790
61788
61787
61786
61786
61786
61785
61785
61784
61783
61782
61781
61780
61779
61777
61776
61776
61776
61775
61774
61774
61772
61770
61767
61764
61761
61760
61760
61759
61757
61756
61755
61755
61753
61753
61752
61752
61750
61750
61749
61748
61748
61746
61746
61746
61745
61745
61744
61743
61741
61739
61739
61738
61736
61735
61733
61732
61730
61729
61729
61726
61724
61723
61721
61720
61720
61720
61720
61720
61719
61717
61717
61716
61715
61714
61712
61709
61709
61708
61708
61706
61705
61705
61704
61702
61702
61697
61697
61696
61692
61692
61689
61688
61687
61687
61686
61685
61685
61684
61684
61684
61684
61684
61683
61681
61681
61680
61679
61678
61677
61676
61676
61676
61675
61672
61671
61671
61670
61666
61664
61662
61659
61659
61658
61657
61656
61653
61653
61651
61651
61651
61650
61650
61649
61649
61647
61646
61644
61643
61639
61638
61636
61636
61636
61636
61635
61634
61630
61629
61628
61627
61626
61626
61625
61625
61625
61623
61622
61621
61620
61618
61618
61616
61613
61612
61611
61610
61610
61609
61609
61609
61608
61607
61607
61607
61606
61604
61604
61600
61600
61599
61599
61598
61598
61595
61591
61590
61589
61588
61588
61587
61587
61586
61586
61583
61582
61582
61581
61579
61579
61577
61577
61576
61574
61573
61572
61571
61571
61570
61570
61569
61568
61567
61566
61564
61564
61563
61561
61560
61560
61560
61559
61558
61558
61556
61555
61555
61554
61553
61553
61553
61552
61550
61550
61544
61543
61543
61543
61539
61539
61538
61538
61538
61537
61536
61535
61533
61532
61530
61528
61528
61526
61523
61523
61522
61522
61522
61522
61521
61520
61516
61515
61515
61514
61513
61512
61511
61511
61506
61505
61502
61501
61500
61500
61500
61500
61498
61497
61496
61495
61495
61493
61492
61489
61488
61486
61484
61482
61481
61481
61480
61477
61475
61473
61473
61472
61471
61468
61467
61467
61465
61464
61464
61463
61462
61459
61455
61455
61455
61453
61453
61453
61452
61452
61452
61448
61446
61446
61445
61445
61445
61444
61443
61442
61442
61441
61440
61439
61438
61433
61432
61430
61429
61428
61428
61428
61427
61427
61427
61426
61426
61424
61423
61422
61421
61421
61420
61418
61417
61417
61416
61413
61412
61410
61409
61409
61408
61408
61406
61406
61405
61402
61401
61401
61399
61399
61398
61397
61396
61396
61395
61392
61392
61392
61391
61390
61389
61388
61386
61385
61385
61384
61384
61383
61382
61380
61378
61378
61378
61376
61374
61374
61371
61370
61367
61367
61366
61365
61363
61361
61359
61357
61357
61356
61355
61355
61354
61353
61352
61352
61351
61351
61350
61348
61348
61347
61346
61345
61343
61342
61342
61342
61341
61341
61338
61337
61335
61335
61334
61334
61334
61333
61331
61331
61330
61330
61329
61329
61329
61328
61327
61326
61326
61325
61325
61324
61322
61320
61320
61319
61316
61315
61312
61311
61310
61309
61309
61308
61307
61305
61304
61304
61302
61301
61300
61296
61293
61292
61291
61290
61288
61285
61285
61285
61284
61283
61280
61279
61279
61277
61275
61275
61274
61274
61272
61271
61271
61270
61270
61269
61269
61269
61269
61269
61268
61267
61267
61267
61263
61261
61261
61261
61261
61260
61259
61258
61258
61255
61254
61252
61251
61248
61246
61246
61246
61245
61244
61239
61238
61238
61237
61235
61235
61235
61234
61234
61234
61233
61233
61232
61230
61227
61226
61226
61226
61225
61224
61222
61217
61213
61213
61211
61210
61210
61209
61207
61206
61206
61205
61204
61203
61203
61200
61198
61197
61196
61196
61194
61194
61193
61192
61189
61188
61188
61187
61185
61183
61182
61181
61180
61180
61179
61178
61178
61177
61177
61177
61177
61173
61172
61172
61171
61171
61170
61170
61169
61167
61166
61164
61164
61162
61160
61158
61158
61157
61157
61156
61155
61151
61151
61148
61148
61147
61147
61147
61146
61145
61145
61144
61143
61142
61141
61140
61138
61137
61136
61136
61134
61134
61134
61133
61132
61131
61131
61131
61130
61129
61129
61127
61125
61125
61124
61124
61122
61120
61119
61119
61119
61118
61116
61115
61114
61113
61113
61113
61113
61112
61111
61110
61108
61108
61107
61104
61101
61100
61100
61099
61098
61097
61097
61097
61097
61096
61093
61092
61092
61090
61090
61087
61086
61085
61083
61082
61082
61080
61080
61080
61078
61078
61076
61075
61073
61064
61064
61063
61062
61061
61061
61060
61056
61055
61055
61055
61054
61054
61053
61052
61052
61051
61050
61049
61048
61048
61048
61047
61046
61044
61044
61044
61042
61042
61042
61041
61040
61040
61039
61038
61037
61037
61036
61033
61033
61032
61032
61032
61031
61029
61025
61025
61024
61024
61024
61022
61022
61022
61021
61020
61019
61018
61018
61014
61013
61013
61012
61011
61011
61010
61009
61009
61006
61006
61006
61005
61005
61004
61002
61000
61000
60999
60997
60997
60993
60992
60992
60992
60990
60990
60989
60988
60988
60986
60985
60984
60984
60983
60981
60981
60980
60979
60977
60974
60973
60972
60971
60970
60970
60970
60970
60969
60968
60967
60966
60965
60963
60962
60961
60961
60961
60958
60957
60957
60957
60956
60956
60954
60953
60952
60951
60951
60950
60949
60948
60948
60947
60946
60945
60945
60942
60942
60941
60939
60938
60938
60938
60938
60937
60937
60933
60932
60932
60931
60930
60930
60930
60929
60928
60927
60927
60927
60926
60926
60923
60922
60921
60921
60920
60919
60919
60919
60919
60919
60918
60918
60916
60916
60915
60914
60914
60913
60912
60911
60911
60911
60910
60909
60909
60909
60908
60907
60907
60907
60907
60907
60906
60905
60905
60905
60905
60905
60903
60903
60903
60902
60901
60899
60898
60896
60895
60895
60894
60894
60894
60894
60893
60893
60892
60891
60891
60890
60890
60886
60885
60885
60883
60882
60882
60882
60880
60880
60879
60878
60878
60877
60876
60876
60875
60875
60875
60874
60872
60872
60871
60871
60868
60867
60867
60866
60865
60864
60863
60863
60862
60861
60861
60861
60860
60859
60858
60857
60856
60855
60854
60854
60853
60853
60852
60852
60852
60851
60851
60850
60849
60848
60848
60846
60846
60844
60844
60841
60839
60839
60839
60838
60837
60836
60835
60834
60832
60831
60829
60828
60828
60827
60826
60824
60822
60820
60819
60817
60814
60811
60810
60808
60807
60806
60806
60806
60805
60803
60801
60800
60799
60799
60799
60798
60798
60796
60795
60793
60792
60791
60791
60791
60790
60790
60789
60788
60788
60787
60786
60784
60784
60783
60780
60780
60777
60776
60776
60776
60776
60776
60775
60774
60774
60771
60771
60771
60770
60769
60768
60768
60767
60767
60766
60762
60762
60762
60759
60757
60752
60752
60751
60750
60749
60747
60747
60746
60745
60745
60743
60742
60741
60741
60740
60738
60738
60737
60737
60737
60736
60734
60732
60730
60730
60729
60728
60728
60727
60727
60726
60726
60724
60723
60723
60722
60722
60721
60720
60718
60718
60718
60714
60712
60711
60709
60709
60709
60709
60708
60708
60708
60706
60704
60703
60701
60701
60701
60700
60698
60698
60697
60697
60696
60696
60694
60693
60693
60692
60692
60691
60691
60691
60690
60689
60689
60689
60689
60688
60688
60687
60686
60686
60686
60685
60683
60681
60681
60680
60679
60677
60676
60675
60674
60669
60669
60669
60669
60669
60668
60668
60667
60664
60664
60663
60663
60662
60657
60655
60655
60655
60654
60654
60654
60653
60651
60651
60651
60650
60649
60649
60648
60647
60645
60644
60644
60643
60641
60639
60638
60638
60637
60637
60636
60636
60635
60634
60633
60632
60632
60628
60628
60625
60624
60623
60622
60620
60619
60618
60618
60618
60616
60616
60615
60615
60614
60613
60612
60611
60610
60610
60608
60607
60607
60603
60601
60599
60599
60598
60598
60597
60596
60595
60593
60588
60587
60587
60586
60585
60584
60583
60583
60582
60581
60578
60578
60577
60577
60575
60574
60574
60574
60572
60571
60570
60568
60568
60567
60565
60565
60565
60564
60563
60563
60562
60560
60559
60559
60559
60558
60556
60555
60554
60554
60554
60548
60548
60547
60546
60544
60542
60539
60538
60537
60537
60537
60537
60536
60535
60534
60532
60530
60530
60530
60529
60529
60526
60525
60522
60520
60518
60518
60517
60516
60515
60514
60513
60512
60511
60511
60510
60509
60507
60506
60505
60505
60504
60504
60503
60503
60502
60496
60496
60494
60493
60493
60490
60490
60487
60485
60484
60480
60479
60479
60477
60477
60475
60475
60474
60474
60474
60473
60473
60473
60472
60470
60469
60469
60468
60468
60466
60463
60462
60460
60459
60457
60456
60455
60455
60454
60452
60452
60451
60450
60449
60442
60442
60441
60440
60440
60435
60435
60434
60434
60434
60433
60433
60432
60432
60432
60432
60431
60431
60430
60430
60429
60427
60427
60426
60425
60425
60421
60421
60420
60419
60419
60418
60416
60416
60415
60415
60412
60412
60410
60410
60409
60409
60409
60409
60407
60406
60405
60405
60404
60402
60401
60400
60399
60399
60396
60395
60395
60394
60394
60394
60393
60390
60389
60388
60387
60387
60386
60385
60384
60384
60383
60383
60383
60382
60381
60381
60379
60378
60377
60374
60374
60373
60372
60372
60371
60370
60370
60370
60369
60369
60368
60368
60367
60366
60365
60364
60363
60362
60362
60361
60361
60360
60360
60360
60359
60359
60357
60356
60356
60355
60354
60354
60351
60349
60349
60349
60348
60347
60346
60344
60342
60342
60341
60341
60339
60339
60339
60337
60334
60333
60333
60333
60329
60328
60327
60326
60325
60323
60320
60319
60319
60319
60317
60317
60316
60316
60314
60312
60312
60311
60307
60306
60306
60303
60302
60301
60301
60301
60299
60297
60296
60293
60293
60292
60288
60288
60287
60285
60284
60283
60283
60283
60281
60281
60281
60281
60281
60279
60278
60277
60276
60274
60271
60271
60271
60271
60269
60269
60268
60268
60262
60260
60260
60260
60259
60256
60255
60255
60254
60253
60252
60250
60250
60249
60249
60249
60248
60247
60247
60247
60246
60246
60244
60244
60242
60239
60236
60236
60234
60233
60232
60229
60227
60227
60225
60225
60224
60223
60223
60223
60222
60220
60219
60218
60218
60217
60216
60215
60213
60213
60212
60212
60211
60210
60210
60210
60209
60209
60208
60208
60207
60203
60201
60201
60200
60200
60197
60196
60196
60194
60194
60193
60191
60190
60190
60188
60187
60187
60187
60186
60184
60184
60184
60182
60181
60180
60180
60180
60178
60178
60173
60173
60173
60172
60170
60170
60169
60169
60167
60167
60166
60166
60165
60165
60163
60163
60160
60159
60159
60154
60154
60153
60153
60152
60150
60147
60146
60146
60144
60141
60140
60140
60139
60136
60136
60136
60135
60135
60134
60134
60133
60133
60129
60128
60128
60127
60126
60125
60123
60123
60122
60119
60119
60119
60118
60117
60117
60115
60115
60115
60114
60114
60113
60112
60112
60111
60111
60109
60109
60108
60107
60104
60104
60103
60102
60100
60098
60097
60096
60094
60094
60094
60093
60092
60091
60083
60082
60080
60079
60079
60073
60073
60071
60069
60068
60066
60065
60065
60064
60063
60063
60061
60060
60060
60059
60058
60058
60057
60057
60056
60056
60056
60056
60053
60052
60047
60047
60047
60047
60046
60044
60044
60043
60043
60043
60039
60038
60033
60033
60030
60029
60029
60028
60028
60028
60027
60025
60024
60023
60022
60021
60021
60020
60020
60018
60017
60017
60016
60015
60015
60015
60013
60012
60012
60011
60008
60007
60006
60003
60003
60000
59999
59998
59998
59996
59995
59994
59992
59991
59991
59991
59989
59984
59983
59981
59981
59977
59976
59976
59976
59973
59973
59973
59971
59971
59966
59966
59964
59964
59963
59962
59959
59959
59956
59955
59954
59954
59954
59953
59951
59951
59950
59950
59950
59949
59947
59945
59944
59944
59942
59941
59941
59941
59941
59941
59941
59940
59939
59939
59937
59937
59936
59935
59935
59933
59933
59933
59933
59932
59931
59930
59930
59930
59929
59927
59927
59926
59926
59925
59923
59922
59922
59920
59920
59919
59919
59918
59918
59917
59914
59913
59912
59912
59909
59906
59905
59903
59902
59902
59898
59898
59896
59895
59894
59893
59893
59892
59892
59891
59891
59890
59890
59890
59889
59888
59887
59886
59881
59881
59881
59880
59879
59877
59876
59874
59874
59872
59871
59871
59869
59869
59867
59866
59866
59865
59865
59864
59864
59863
59862
59862
59861
59860
59858
59858
59857
59856
59855
59854
59853
59850
59849
59849
59846
59844
59841
59841
59840
59837
59835
59833
59833
59833
59833
59833
59832
59830
59830
59829
59826
59824
59822
59821
59820
59818
59817
59816
59814
59812
59810
59809
59809
59809
59809
59808
59808
59808
59804
59804
59802
59801
59800
59800
59800
59796
59795
59795
59793
59791
59790
59788
59788
59787
59787
59787
59787
59785
59785
59783
59782
59782
59782
59781
59781
59780
59780
59778
59776
59775
59775
59769
59768
59767
59766
59763
59762
59760
59759
59757
59756
59756
59754
59753
59753
59752
59751
59748
59747
59745
59745
59745
59743
59742
59740
59737
59737
59736
59734
59734
59733
59732
59730
59730
59729
59728
59728
59726
59725
59724
59723
59723
59723
59720
59719
59719
59719
59718
59716
59715
59714
59714
59712
59711
59709
59707
59706
59706
59705
59704
59703
59703
59702
59702
59700
59700
59700
59699
59698
59698
59695
59694
59693
59693
59692
59691
59689
59687
59686
59685
59685
59685
59684
59683
59681
59681
59679
59679
59677
59677
59675
59674
59672
59671
59671
59671
59667
59665
59665
59664
59664
59661
59660
59658
59657
59657
59655
59653
59652
59651
59650
59648
59647
59647
59645
59644
59642
59642
59641
59641
59640
59640
59638
59636
59635
59633
59632
59631
59630
59630
59629
59629
59628
59627
59622
59621
59620
59620
59620
59619
59617
59616
59616
59615
59615
59615
59614
59613
59613
59612
59610
59609
59609
59608
59605
59604
59604
59603
59602
59601
59599
59597
59597
59597
59596
59596
59596
59596
59595
59594
59593
59591
59590
59590
59589
59589
59589
59588
59587
59586
59586
59583
59582
59578
59578
59577
59576
59574
59574
59572
59571
59570
59569
59569
59569
59567
59567
59565
59565
59564
59563
59563
59558
59558
59557
59557
59557
59556
59555
59555
59551
59549
59549
59547
59546
59543
59543
59542
59539
59538
59538
59536
59536
59536
59534
59534
59533
59532
59532
59532
59531
59530
59528
59527
59527
59526
59526
59523
59523
59520
59520
59520
59519
59519
59515
59515
59513
59513
59513
59512
59510
59510
59510
59510
59509
59508
59506
59506
59506
59504
59504
59504
59502
59501
59501
59499
59499
59496
59496
59494
59494
59493
59493
59491
59491
59489
59488
59488
59488
59487
59487
59487
59487
59485
59482
59482
59481
59481
59480
59479
59479
59477
59474
59473
59472
59470
59469
59469
59468
59467
59467
59464
59459
59459
59458
59456
59455
59455
59454
59452
59452
59452
59450
59450
59449
59447
59446
59445
59444
59444
59439
59439
59438
59437
59436
59435
59434
59431
59430
59430
59429
59427
59427
59427
59426
59425
59425
59424
59423
59421
59421
59420
59420
59417
59416
59415
59414
59412
59411
59410
59409
59409
59409
59407
59406
59405
59405
59404
59404
59404
59403
59403
59402
59402
59401
59401
59400
59399
59398
59398
59397
59394
59393
59393
59392
59392
59392
59390
59389
59386
59385
59385
59383
59382
59382
59382
59382
59380
59380
59379
59378
59377
59374
59374
59373
59373
59371
59370
59368
59366
59366
59364
59364
59362
59362
59360
59359
59359
59356
59354
59351
59350
59349
59348
59347
59346
59345
59344
59343
59343
59342
59340
59339
59338
59338
59337
59337
59337
59334
59334
59334
59331
59330
59327
59321
59320
59320
59319
59318
59318
59318
59317
59317
59316
59316
59315
59313
59312
59312
59311
59311
59310
59308
59307
59307
59303
59300
59298
59296
59294
59294
59293
59291
59291
59291
59287
59287
59287
59286
59286
59285
59284
59284
59283
59283
59282
59282
59281
59280
59278
59277
59277
59276
59274
59274
59273
59273
59272
59272
59270
59269
59268
59268
59267
59265
59263
59263
59262
59262
59262
59262
59260
59260
59257
59257
59256
59256
59256
59254
59252
59252
59252
59250
59250
59250
59250
59249
59249
59249
59248
59246
59246
59246
59245
59244
59243
59242
59241
59241
59241
59238
59236
59234
59234
59233
59232
59231
59230
59230
59228
59227
59227
59226
59225
59224
59224
59224
59221
59220
59219
59218
59216
59216
59214
59211
59205
59205
59204
59203
59202
59202
59202
59202
59201
59200
59200
59199
59199
59199
59197
59196
59196
59196
59196
59194
59194
59193
59192
59190
59187
59187
59186
59186
59185
59184
59182
59180
59179
59175
59173
59171
59171
59169
59169
59167
59166
59164
59163
59163
59163
59162
59161
59159
59159
59159
59156
59155
59155
59154
59154
59153
59153
59150
59150
59146
59145
59144
59144
59144
59144
59143
59141
59140
59139
59138
59136
59136
59136
59136
59135
59135
59135
59134
59133
59133
59132
59128
59127
59127
59126
59126
59125
59125
59125
59123
59123
59121
59119
59118
59117
59116
59116
59116
59114
59113
59113
59113
59113
59111
59109
59107
59106
59106
59106
59102
59100
59099
59098
59098
59097
59094
59094
59093
59090
59090
59089
59088
59088
59087
59086
59086
59084
59082
59080
59076
59076
59075
59073
59072
59070
59070
59069
59069
59068
59068
59067
59067
59066
59065
59065
59065
59065
59064
59063
59062
59062
59061
59061
59060
59060
59059
59053
59053
59050
59050
59049
59048
59047
59047
59046
59045
59045
59044
59042
59042
59042
59042
59042
59042
59041
59040
59040
59039
59038
59038
59038
59037
59037
59036
59036
59036
59035
59033
59032
59032
59032
59032
59032
59032
59031
59029
59026
59025
59025
59024
59023
59022
59021
59021
59020
59017
59016
59016
59014
59012
59012
59012
59011
59011
59009
59007
59007
59007
59006
59005
59004
59003
59002
59001
59001
59000
58999
58998
58998
58997
58997
58997
58996
58993
58992
58992
58991
58991
58990
58989
58988
58987
58987
58986
58986
58986
58979
58975
58973
58972
58970
58969
58966
58966
58965
58964
58961
58961
58961
58960
58958
58957
58951
58951
58946
58946
58945
58945
58945
58944
58943
58939
58936
58935
58931
58931
58930
58930
58930
58928
58925
58924
58922
58921
58920
58918
58916
58916
58915
58914
58909
58908
58903
58903
58903
58902
58899
58899
58898
58897
58896
58895
58894
58894
58887
58887
58886
58885
58885
58885
58884
58883
58882
58882
58881
58881
58880
58878
58877
58876
58875
58875
58874
58874
58873
58873
58871
58869
58867
58866
58866
58865
58864
58864
58863
58861
58858
58858
58857
58855
58854
58853
58852
58849
58841
58839
58839
58839
58839
58838
58837
58837
58836
58835
58832
58832
58828
58828
58828
58828
58827
58827
58827
58826
58824
58823
58822
58822
58822
58821
58821
58820
58820
58818
58818
58818
58817
58817
58816
58815
58815
58815
58812
58808
58808
58807
58807
58807
58801
58800
58799
58798
58796
58795
58794
58793
58793
58792
58791
58791
58790
58789
58787
58785
58785
58785
58784
58783
58783
58782
58782
58782
58781
58781
58780
58780
58779
58778
58775
58775
58774
58773
58772
58771
58770
58770
58766
58765
58765
58765
58763
58762
58761
58761
58761
58761
58760
58758
58755
58755
58753
58753
58751
58750
58749
58748
58747
58746
58746
58746
58745
58745
58745
58743
58743
58743
58742
58742
58742
58739
58739
58739
58738
58738
58737
58736
58735
58735
58735
58735
58734
58734
58734
58734
58734
58733
58730
58726
58724
58723
58722
58722
58722
58721
58721
58718
58718
58715
58713
58712
58712
58711
58710
58710
58710
58708
58705
58705
58704
58703
58699
58698
58697
58697
58696
58695
58694
58694
58693
58693
58692
58692
58691
58691
58691
58690
58690
58690
58689
58688
58688
58688
58687
58687
58684
58682
58682
58681
58681
58681
58678
58678
58678
58677
58677
58670
58670
58667
58667
58666
58666
58666
58666
58665
58663
58662
58662
58662
58662
58661
58661
58658
58657
58657
58656
58655
58654
58654
58652
58650
58650
58650
58649
58647
58647
58646
58645
58645
58644
58644
58642
58642
58638
58638
58637
58636
58635
58633
58632
58630
58629
58627
58627
58626
58626
58625
58625
58624
58624
58624
58623
58623
58623
58620
58620
58618
58618
58617
58617
58617
58615
58614
58613
58613
58611
58610
58609
58608
58608
58608
58607
58607
58604
58602
58602
58601
58600
58598
58598
58597
58596
58595
58595
58593
58593
58592
58592
58589
58588
58587
58587
58587
58585
58584
58584
58582
58580
58580
58579
58579
58579
58577
58575
58574
58573
58573
58571
58570
58569
58567
58563
58562
58562
58561
58561
58561
58558
58558
58557
58557
58557
58555
58554
58554
58554
58553
58552
58551
58549
58547
58545
58545
58544
58544
58541
58540
58539
58539
58538
58538
58537
58537
58536
58535
58535
58534
58532
58532
58529
58529
58528
58527
58527
58527
58525
58525
58523
58522
58519
58518
58517
58515
58514
58514
58514
58513
58513
58512
58510
58508
58508
58507
58507
58505
58504
58503
58502
58500
58500
58499
58499
58498
58496
58494
58493
58492
58492
58490
58489
58489
58489
58489
58488
58488
58488
58487
58487
58485
58485
58485
58484
58480
58479
58478
58477
58477
58473
58472
58471
58470
58470
58469
58468
58467
58466
58465
58464
58463
58463
58461
58460
58459
58458
58458
58457
58456
58454
58454
58452
58452
58452
58451
58450
58450
58449
58449
58449
58447
58446
58442
58440
58437
58437
58437
58436
58436
58436
58435
58434
58434
58432
58431
58431
58430
58430
58429
58428
58428
58427
58427
58427
58426
58425
58423
58422
58421
58420
58419
58412
58412
58412
58409
58408
58408
58407
58405
58405
58404
58403
58401
58397
58395
58394
58394
58394
58393
58392
58392
58392
58389
58389
58388
58388
58387
58387
58385
58384
58381
58379
58377
58376
58375
58374
58374
58374
58373
58372
58371
58371
58368
58368
58367
58365
58365
58365
58365
58364
58358
58358
58357
58355
58354
58352
58350
58347
58347
58344
58344
58343
58342
58339
58339
58339
58334
58331
58331
58329
58327
58325
58324
58324
58322
58322
58322
58321
58321
58320
58318
58317
58316
58316
58316
58314
58314
58314
58312
58312
58309
58308
58307
58306
58306
58304
58303
58303
58303
58302
58301
58299
58298
58298
58296
58296
58296
58295
58293
58292
58292
58290
58288
58287
58286
58283
58279
58278
58278
58278
58278
58276
58275
58274
58273
58272
58272
58271
58268
58268
58267
58263
58262
58260
58258
58258
58257
58256
58255
58254
58252
58248
58246
58244
58239
58238
58238
58237
58237
58237
58236
58234
58233
58233
58232
58232
58231
58230
58229
58229
58228
58227
58224
58224
58223
58221
58219
58218
58217
58217
58213
58210
58210
58210
58210
58209
58208
58208
58208
58207
58206
58204
58203
58201
58201
58201
58200
58200
58200
58199
58199
58199
58199
58197
58197
58196
58196
58192
58192
58191
58191
58189
58189
58188
58188
58188
58186
58185
58185
58185
58185
58183
58182
58182
58182
58181
58180
58179
58179
58178
58177
58175
58175
58174
58171
58171
58169
58169
58168
58168
58168
58166
58164
58164
58163
58162
58161
58161
58161
58160
58159
58158
58157
58156
58155
58154
58154
58154
58149
58148
58148
58147
58145
58144
58144
58140
58138
58138
58136
58135
58134
58132
58130
58129
58128
58128
58128
58127
58126
58123
58122
58121
58121
58119
58118
58117
58117
58115
58114
58113
58112
58109
58107
58107
58102
58102
58102
58102
58101
58100
58099
58099
58098
58095
58094
58093
58092
58090
58090
58088
58087
58086
58085
58084
58083
58083
58082
58082
58082
58081
58081
58080
58078
58072
58071
58071
58071
58069
58068
58068
58067
58067
58064
58062
58062
58059
58058
58058
58058
58055
58053
58053
58053
58051
58051
58051
58050
58050
58049
58044
58044
58044
58042
58042
58041
58040
58039
58039
58039
58038
58037
58037
58036
58036
58034
58032
58031
58029
58029
58029
58029
58027
58025
58024
58023
58023
58023
58022
58022
58022
58022
58022
58021
58021
58020
58020
58017
58017
58016
58012
58012
58011
58011
58010
58010
58009
58007
58007
58007
58004
58003
58001
58001
58000
58000
57999
57998
57995
57995
57995
57994
57993
57993
57990
57990
57990
57988
57986
57986
57985
57984
57984
57984
57983
57981
57981
57980
57980
57980
57980
57979
57978
57978
57977
57976
57976
57976
57975
57974
57972
57970
57970
57969
57968
57964
57963
57962
57961
57957
57957
57955
57953
57951
57949
57948
57946
57946
57944
57944
57940
57936
57936
57935
57935
57934
57933
57933
57933
57933
57933
57932
57931
57931
57929
57928
57927
57927
57925
57925
57924
57923
57922
57922
57921
57921
57920
57919
57918
57917
57917
57917
57916
57915
57913
57912
57912
57911
57910
57904
57904
57902
57900
57900
57897
57896
57896
57895
57895
57893
57893
57890
57885
57884
57882
57882
57881
57880
57879
57877
57877
57876
57875
57871
57871
57870
57868
57867
57867
57865
57865
57864
57864
57860
57859
57859
57858
57858
57858
57857
57856
57856
57855
57853
57850
57850
57849
57848
57846
57846
57846
57845
57845
57845
57845
57843
57843
57841
57840
57840
57837
57836
57836
57836
57834
57833
57831
57827
57827
57826
57826
57823
57823
57823
57821
57821
57821
57818
57818
57818
57815
57813
57812
57811
57810
57810
57808
57808
57805
57804
57804
57803
57803
57803
57800
57797
57797
57796
57795
57795
57794
57792
57792
57792
57791
57790
57789
57788
57788
57788
57787
57785
57784
57783
57783
57782
57781
57779
57778
57778
57776
57774
57773
57773
57773
57771
57771
57771
57771
57770
57769
57769
57768
57768
57767
57766
57764
57764
57762
57761
57761
57761
57759
57757
57756
57755
57755
57752
57748
57746
57746
57744
57744
57743
57743
57742
57741
57739
57738
57738
57737
57736
57736
57736
57735
57735
57734
57734
57733
57732
57731
57731
57731
57728
57726
57725
57724
57724
57723
57722
57721
57719
57716
57716
57714
57714
57711
57709
57707
57707
57705
57704
57702
57702
57701
57700
57700
57699
57699
57697
57697
57695
57695
57694
57694
57692
57692
57692
57692
57691
57690
57689
57689
57689
57689
57688
57688
57686
57685
57685
57684
57684
57684
57683
57682
57682
57682
57682
57682
57682
57680
57678
57677
57676
57676
57672
57670
57669
57669
57669
57668
57667
57666
57666
57666
57664
57663
57663
57662
57662
57662
57661
57661
57660
57659
57659
57659
57658
57658
57657
57655
57654
57654
57654
57654
57653
57653
57653
57652
57649
57646
57646
57645
57645
57645
57644
57643
57641
57641
57640
57639
57639
57639
57638
57638
57637
57637
57636
57635
57634
57633
57630
57629
57628
57627
57626
57626
57625
57624
57622
57622
57620
57619
57619
57618
57616
57616
57615
57614
57613
57611
57607
57607
57607
57603
57601
57600
57600
57600
57600
57598
57597
57597
57596
57595
57595
57594
57593
57592
57591
57590
57589
57587
57586
57586
57585
57585
57583
57583
57583
57581
57579
57579
57579
57578
57571
57571
57571
57570
57568
57568
57566
57566
57566
57565
57563
57563
57561
57561
57559
57558
57558
57553
57551
57549
57548
57547
57544
57544
57543
57543
57542
57540
57539
57538
57538
57537
57536
57536
57534
57533
57531
57530
57530
57529
57529
57528
57528
57528
57527
57526
57526
57526
57525
57525
57524
57522
57522
57521
57520
57520
57519
57517
57516
57516
57514
57514
57510
57508
57508
57507
57505
57505
57505
57503
57503
57500
57500
57498
57498
57494
57494
57494
57493
57489
57488
57488
57488
57487
57487
57487
57487
57486
57485
57481
57480
57480
57480
57479
57476
57476
57473
57472
57472
57472
57469
57469
57469
57469
57468
57466
57462
57461
57460
57458
57457
57453
57453
57453
57451
57451
57447
57443
57442
57442
57442
57441
57441
57440
57439
57438
57438
57437
57436
57435
57433
57432
57432
57431
57430
57430
57429
57428
57427
57427
57426
57426
57423
57419
57419
57419
57419
57418
57417
57416
57414
57413
57407
57406
57405
57405
57402
57401
57401
57396
57396
57396
57395
57394
57393
57391
57389
57389
57389
57387
57387
57387
57387
57387
57387
57385
57383
57383
57383
57381
57381
57379
57377
57377
57375
57374
57373
57373
57370
57368
57366
57365
57365
57364
57361
57360
57360
57359
57358
57356
57355
57355
57355
57354
57354
57354
57354
57354
57353
57353
57352
57351
57351
57350
57350
57349
57349
57347
57347
57346
57344
57342
57341
57339
57338
57338
57338
57338
57333
57333
57333
57332
57331
57331
57329
57328
57327
57326
57322
57320
57320
57320
57318
57317
57315
57315
57315
57314
57314
57313
57311
57308
57308
57307
57305
57305
57305
57305
57305
57304
57304
57304
57301
57298
57296
57296
57295
57293
57293
57291
57290
57290
57290
57290
57290
57289
57287
57287
57286
57286
57285
57283
57282
57281
57280
57279
57279
57278
57278
57278
57276
57275
57275
57274
57272
57271
57270
57270
57265
57264
57262
57261
57260
57256
57255
57253
57252
57250
57249
57249
57248
57248
57248
57247
57246
57244
57243
57240
57240
57240
57239
57239
57239
57239
57238
57238
57236
57235
57234
57234
57234
57234
57233
57232
57231
57231
57231
57229
57229
57229
57227
57225
57223
57223
57222
57220
57220
57219
57217
57216
57216
57215
57215
57214
57212
57211
57211
57211
57211
57210
57209
57209
57208
57206
57206
57205
57204
57202
57202
57200
57200
57200
57198
57198
57195
57195
57195
57194
57194
57192
57192
57191
57191
57189
57186
57186
57185
57185
57183
57183
57183
57182
57181
57180
57178
57177
57177
57177
57177
57175
57175
57175
57174
57174
57172
57170
57170
57168
57168
57166
57165
57164
57161
57161
57158
57158
57155
57153
57150
57150
57149
57146
57146
57144
57143
57142
57142
57142
57140
57140
57140
57138
57138
57138
57137
57134
57134
57134
57133
57132
57132
57131
57131
57130
57130
57129
57126
57124
57123
57123
57120
57120
57119
57118
57118
57114
57112
57111
57111
57110
57110
57108
57108
57106
57104
57103
57102
57101
57098
57098
57097
57097
57096
57096
57096
57095
57094
57093
57092
57090
57089
57088
57087
57087
57086
57086
57085
57083
57083
57083
57082
57080
57079
57077
57077
57076
57073
57073
57071
57070
57070
57069
57068
57067
57065
57064
57064
57064
57063
57062
57061
57061
57061
57057
57057
57057
57056
57056
57055
57051
57051
57050
57049
57048
57048
57047
57047
57045
57044
57044
57044
57044
57043
57043
57038
57037
57037
57035
57035
57035
57034
57034
57033
57032
57032
57031
57031
57029
57027
57026
57026
57026
57023
57023
57022
57022
57021
57020
57019
57018
57017
57016
57014
57012
57012
57010
57009
57009
57007
57005
57005
57000
56997
56997
56997
56996
56996
56995
56995
56995
56994
56994
56992
56991
56991
56990
56989
56987
56986
56985
56985
56982
56982
56979
56979
56978
56978
56978
56977
56976
56976
56975
56974
56974
56974
56974
56974
56974
56973
56973
56970
56970
56969
56969
56968
56966
56966
56965
56965
56964
56963
56961
56961
56957
56956
56956
56955
56955
56952
56951
56951
56951
56949
56949
56948
56948
56947
56947
56946
56945
56944
56943
56939
56938
56938
56936
56936
56936
56936
56936
56935
56935
56933
56932
56930
56930
56930
56929
56928
56926
56926
56924
56923
56922
56922
56922
56921
56921
56919
56918
56917
56916
56916
56916
56914
56911
56911
56910
56910
56909
56907
56906
56901
56899
56899
56898
56898
56898
56898
56897
56897
56895
56893
56893
56892
56892
56892
56891
56890
56890
56890
56889
56888
56887
56887
56885
56884
56884
56884
56883
56882
56881
56880
56879
56878
56876
56874
56873
56873
56872
56870
56870
56869
56869
56866
56865
56861
56859
56859
56858
56858
56857
56856
56855
56853
56853
56853
56851
56851
56850
56849
56848
56848
56846
56846
56844
56842
56842
56842
56840
56839
56839
56838
56833
56832
56829
56829
56828
56825
56825
56823
56823
56822
56822
56821
56821
56821
56820
56820
56819
56819
56818
56816
56815
56814
56814
56814
56812
56811
56811
56808
56806
56805
56805
56803
56801
56801
56799
56797
56797
56796
56796
56795
56794
56794
56793
56793
56792
56792
56792
56791
56790
56789
56788
56788
56787
56787
56786
56786
56785
56785
56784
56782
56779
56776
56775
56772
56770
56770
56767
56767
56766
56766
56765
56765
56762
56762
56762
56761
56760
56759
56756
56756
56754
56754
56752
56750
56750
56749
56749
56747
56746
56744
56743
56743
56741
56734
56732
56732
56730
56730
56728
56725
56725
56723
56722
56722
56719
56718
56717
56710
56709
56709
56708
56708
56707
56706
56706
56706
56706
56705
56705
56700
56700
56700
56699
56699
56697
56696
56693
56692
56691
56690
56690
56689
56689
56688
56685
56685
56682
56682
56681
56680
56679
56678
56678
56677
56677
56676
56676
56674
56674
56673
56672
56672
56672
56672
56671
56670
56670
56670
56668
56667
56667
56666
56665
56663
56660
56659
56659
56657
56655
56655
56654
56654
56654
56652
56651
56650
56650
56649
56649
56648
56646
56646
56644
56639
56639
56637
56636
56636
56635
56635
56634
56631
56629
56627
56627
56627
56626
56626
56625
56624
56621
56621
56619
56616
56615
56611
56610
56609
56608
56608
56607
56605
56605
56605
56604
56602
56602
56601
56601
56601
56600
56600
56598
56597
56596
56591
56591
56589
56587
56586
56586
56586
56584
56581
56580
56580
56577
56575
56572
56571
56569
56569
56569
56568
56568
56567
56567
56567
56565
56563
56560
56559
56555
56554
56552
56549
56544
56543
56543
56541
56539
56539
56538
56537
56537
56532
56531
56531
56530
56529
56529
56528
56528
56528
56526
56526
56525
56524
56521
56519
56517
56516
56513
56511
56510
56509
56506
56506
56505
56505
56505
56504
56503
56502
56502
56500
56499
56498
56498
56497
56497
56496
56495
56493
56493
56492
56490
56490
56488
56487
56487
56487
56481
56481
56480
56478
56478
56477
56475
56474
56472
56471
56471
56470
56469
56468
56468
56468
56466
56465
56465
56462
56461
56460
56456
56456
56456
56453
56453
56452
56452
56452
56452
56452
56450
56449
56448
56448
56445
56444
56443
56443
56442
56442
56441
56441
56438
56438
56437
56436
56436
56434
56430
56430
56430
56429
56428
56426
56423
56421
56419
56419
56417
56415
56415
56415
56415
56414
56413
56412
56411
56411
56405
56404
56403
56402
56396
56393
56392
56391
56391
56390
56388
56388
56386
56385
56383
56383
56382
56382
56381
56377
56377
56377
56375
56374
56369
56369
56369
56368
56368
56368
56367
56367
56366
56365
56365
56364
56362
56361
56360
56358
56357
56356
56355
56354
56354
56352
56352
56351
56350
56349
56349
56346
56345
56344
56344
56342
56342
56341
56341
56341
56340
56337
56337
56336
56335
56334
56333
56332
56332
56331
56329
56329
56328
56326
56326
56325
56324
56322
56321
56319
56318
56318
56316
56315
56315
56315
56314
56314
56314
56313
56313
56312
56311
56311
56311
56309
56309
56309
56308
56306
56306
56305
56305
56304
56303
56302
56301
56301
56300
56299
56299
56299
56298
56295
56295
56293
56292
56291
56289
56287
56286
56285
56282
56282
56280
56280
56279
56278
56277
56276
56274
56274
56273
56272
56271
56268
56266
56265
56262
56260
56260
56258
56257
56256
56255
56252
56252
56252
56251
56251
56250
56250
56249
56248
56245
56245
56245
56243
56243
56242
56242
56242
56241
56240
56240
56240
56240
56240
56239
56239
56238
56237
56237
56237
56234
56234
56234
56230
56230
56230
56230
56230
56229
56229
56228
56228
56226
56225
56222
56221
56221
56221
56221
56220
56218
56218
56218
56218
56218
56217
56216
56215
56214
56213
56213
56212
56211
56211
56211
56210
56209
56206
56206
56205
56205
56204
56203
56203
56201
56201
56198
56198
56198
56197
56197
56197
56197
56196
56196
56194
56192
56192
56191
56191
56189
56189
56188
56188
56187
56186
56185
56185
56184
56183
56182
56179
56178
56176
56175
56175
56175
56174
56174
56173
56173
56173
56173
56172
56172
56172
56170
56169
56168
56168
56165
56164
56164
56163
56163
56162
56162
56162
56161
56160
56160
56160
56158
56158
56157
56157
56156
56155
56154
56152
56151
56151
56151
56151
56150
56150
56150
56150
56149
56147
56145
56145
56143
56142
56139
56138
56138
56137
56137
56135
56135
56132
56132
56132
56132
56130
56129
56128
56127
56127
56127
56123
56120
56119
56118
56118
56117
56117
56117
56115
56115
56113
56113
56113
56113
56112
56112
56112
56111
56110
56108
56107
56105
56104
56104
56103
56103
56101
56100
56100
56100
56099
56097
56095
56095
56093
56092
56092
56091
56091
56091
56090
56089
56089
56088
56087
56087
56085
56083
56081
56080
56080
56079
56078
56078
56076
56076
56072
56071
56071
56071
56071
56069
56068
56066
56066
56064
56062
56060
56055
56055
56054
56053
56051
56050
56047
56046
56045
56045
56045
56044
56043
56041
56039
56039
56038
56038
56038
56037
56037
56036
56034
56033
56030
56030
56028
56028
56027
56026
56026
56022
56022
56021
56019
56019
56015
56015
56014
56013
56012
56012
56010
56010
56009
56009
56008
56006
56006
56005
56004
56001
56001
56000
55999
55997
55996
55996
55995
55995
55991
55990
55990
55989
55988
55987
55986
55986
55984
55982
55981
55981
55980
55978
55977
55976
55975
55974
55973
55973
55972
55971
55971
55970
55969
55968
55967
55964
55963
55962
55962
55961
55960
55958
55957
55956
55956
55955
55953
55952
55951
55950
55950
55949
55948
55948
55947
55946
55946
55946
55945
55942
55941
55941
55939
55938
55938
55938
55938
55937
55937
55936
55935
55933
55932
55929
55928
55928
55927
55926
55925
55925
55924
55923
55921
55921
55920
55920
55919
55919
55918
55915
55914
55913
55912
55912
55911
55911
55910
55910
55910
55908
55906
55906
55906
55904
55902
55900
55899
55899
55898
55897
55896
55896
55895
55894
55894
55892
55892
55892
55888
55887
55886
55880
55879
55879
55879
55878
55878
55875
55874
55874
55873
55873
55871
55871
55870
55867
55867
55867
55866
55863
55863
55862
55862
55861
55860
55857
55856
55856
55856
55854
55854
55852
55851
55848
55848
55847
55847
55846
55845
55844
55844
55842
55842
55841
55841
55841
55839
55839
55836
55834
55834
55834
55833
55833
55832
55830
55828
55827
55826
55826
55824
55824
55824
55822
55821
55820
55819
55819
55818
55817
55816
55816
55816
55816
55815
55815
55814
55813
55813
55811
55808
55808
55806
55806
55804
55803
55800
55798
55797
55796
55795
55794
55794
55794
55793
55791
55790
55789
55789
55787
55783
55783
55782
55779
55779
55779
55778
55777
55776
55776
55775
55775
55772
55770
55768
55766
55765
55763
55762
55762
55761
55760
55760
55760
55759
55759
55758
55758
55758
55758
55755
55755
55753
55753
55752
55752
55751
55749
55746
55744
55744
55744
55743
55742
55741
55739
55737
55737
55736
55735
55735
55733
55732
55732
55729
55729
55728
55726
55723
55721
55720
55720
55718
55718
55718
55713
55713
55712
55711
55711
55711
55709
55709
55709
55708
55707
55707
55706
55706
55706
55706
55706
55706
55706
55705
55704
55703
55703
55703
55703
55702
55702
55697
55697
55697
55695
55693
55691
55691
55691
55690
55690
55688
55687
55685
55684
55684
55683
55682
55681
55679
55679
55679
55679
55678
55677
55677
55676
55676
55674
55673
55672
55672
55671
55666
55666
55663
55662
55660
55659
55658
55657
55657
55656
55656
55656
55656
55654
55654
55654
55653
55653
55653
55648
55647
55647
55647
55647
55646
55645
55644
55643
55643
55642
55642
55639
55634
55634
55633
55632
55630
55630
55630
55629
55629
55628
55625
55622
55621
55617
55617
55616
55615
55615
55614
55612
55612
55612
55611
55611
55611
55610
55609
55604
55601
55600
55598
55597
55597
55597
55596
55594
55591
55589
55589
55587
55586
55586
55585
55582
55582
55582
55582
55581
55580
55580
55579
55579
55577
55576
55576
55576
55575
55574
55573
55573
55572
55571
55569
55569
55568
55567
55567
55566
55565
55564
55564
55563
55562
55562
55561
55560
55560
55557
55556
55553
55551
55551
55550
55546
55545
55544
55544
55543
55541
55541
55541
55541
55540
55537
55535
55535
55533
55533
55533
55532
55532
55532
55531
55527
55527
55527
55526
55524
55524
55523
55523
55521
55520
55516
55516
55515
55514
55514
55513
55513
55513
55512
55512
55512
55508
55508
55508
55507
55504
55502
55502
55500
55500
55499
55498
55498
55498
55498
55497
55497
55494
55493
55492
55491
55484
55484
55483
55480
55480
55478
55477
55477
55477
55475
55473
55472
55470
55469
55469
55469
55469
55468
55468
55467
55467
55465
55464
55463
55463
55461
55461
55459
55459
55456
55456
55455
55454
55454
55452
55450
55449
55449
55448
55445
55445
55444
55444
55442
55442
55441
55439
55439
55438
55438
55438
55437
55437
55437
55435
55434
55431
55431
55431
55431
55429
55429
55428
55427
55427
55427
55426
55426
55426
55423
55422
55422
55421
55421
55420
55419
55418
55418
55417
55416
55415
55414
55413
55412
55412
55410
55410
55407
55406
55405
55404
55402
55401
55399
55398
55398
55396
55395
55394
55394
55394
55391
55391
55387
55387
55387
55386
55384
55383
55383
55378
55377
55377
55376
55375
55374
55372
55372
55371
55370
55369
55369
55369
55367
55366
55364
55364
55363
55359
55359
55358
55357
55357
55356
55356
55355
55355
55355
55353
55353
55351
55349
55349
55349
55346
55346
55346
55344
55343
55342
55340
55338
55337
55336
55336
55334
55334
55331
55329
55329
55328
55328
55326
55323
55322
55322
55321
55320
55318
55318
55318
55316
55314
55309
55308
55308
55308
55307
55307
55307
55304
55304
55303
55302
55299
55299
55298
55298
55297
55297
55296
55295
55295
55294
55294
55291
55290
55289
55289
55287
55286
55285
55284
55284
55280
55280
55279
55279
55278
55277
55276
55276
55275
55275
55274
55273
55272
55271
55271
55268
55268
55268
55267
55266
55266
55265
55265
55265
55264
55263
55263
55262
55262
55261
55261
55259
55259
55256
55255
55255
55255
55255
55253
55252
55251
55251
55249
55249
55248
55248
55247
55246
55246
55246
55245
55245
55240
55239
55238
55238
55236
55235
55234
55233
55230
55230
55229
55229
55229
55225
55225
55225
55224
55223
55223
55222
55221
55219
55217
55217
55216
55216
55214
55213
55212
55212
55211
55208
55208
55206
55205
55204
55203
55201
55199
55199
55196
55195
55195
55193
55190
55189
55189
55187
55187
55187
55185
55185
55185
55185
55183
55181
55180
55180
55180
55178
55177
55176
55174
55174
55174
55173
55173
55172
55171
55169
55167
55167
55167
55166
55165
55165
55165
55165
55164
55164
55164
55163
55163
55163
55163
55162
55162
55162
55162
55160
55159
55159
55155
55154
55152
55151
55151
55149
55149
55148
55147
55147
55143
55142
55141
55140
55140
55138
55137
55135
55134
55134
55132
55132
55131
55130
55129
55128
55128
55126
55126
55126
55125
55123
55121
55120
55117
55117
55115
55113
55112
55111
55111
55109
55108
55105
55105
55103
55103
55102
55102
55101
55101
55099
55098
55098
55097
55097
55096
55096
55095
55092
55092
55091
55091
55090
55089
55089
55089
55088
55087
55086
55084
55081
55076
55075
55074
55073
55072
55072
55071
55071
55071
55069
55068
55067
55066
55065
55064
55064
55063
55062
55062
55062
55061
55061
55060
55059
55059
55059
55059
55057
55056
55056
55055
55053
55053
55052
55052
55050
55049
55046
55045
55043
55042
55041
55040
55040
55039
55037
55036
55035
55035
55034
55034
55031
55030
55027
55023
55020
55019
55019
55018
55015
55014
55013
55013
55013
55013
55012
55011
55008
55007
55004
55004
55004
55004
55004
55002
55002
55001
55000
55000
54997
54995
54994
54993
54993
54991
54990
54990
54990
54987
54986
54982
54982
54981
54981
54980
54980
54978
54977
54977
54975
54975
54970
54968
54968
54964
54964
54962
54961
54961
54959
54959
54958
54958
54956
54956
54956
54954
54952
54952
54952
54952
54951
54949
54948
54948
54948
54945
54945
54944
54943
54942
54942
54942
54941
54941
54941
54940
54940
54939
54939
54939
54938
54937
54937
54937
54935
54935
54929
54929
54928
54928
54927
54927
54927
54926
54925
54925
54923
54920
54919
54918
54917
54915
54912
54912
54909
54908
54904
54903
54902
54902
54902
54897
54896
54895
54895
54893
54892
54891
54890
54890
54887
54886
54885
54883
54883
54883
54882
54881
54880
54880
54880
54877
54877
54875
54873
54873
54872
54872
54871
54870
54868
54868
54868
54867
54866
54865
54864
54864
54864
54864
54862
54861
54860
54860
54859
54859
54858
54857
54856
54855
54854
54854
54853
54851
54849
54847
54847
54846
54846
54845
54842
54841
54841
54841
54840
54839
54838
54838
54837
54837
54835
54835
54832
54831
54830
54830
54829
54827
54826
54821
54821
54820
54820
54818
54815
54814
54814
54813
54811
54809
54808
54807
54806
54806
54806
54806
54805
54805
54805
54803
54802
54802
54800
54799
54799
54798
54797
54797
54796
54795
54795
54795
54795
54794
54792
54791
54790
54787
54786
54784
54784
54783
54782
54781
54781
54778
54778
54776
54776
54775
54774
54773
54773
54772
54772
54772
54771
54768
54766
54765
54765
54761
54761
54759
54758
54754
54752
54752
54752
54751
54751
54749
54749
54748
54746
54745
54744
54742
54741
54741
54741
54740
54739
54737
54737
54735
54734
54733
54733
54733
54732
54732
54731
54731
54730
54730
54730
54729
54729
54729
54728
54728
54728
54727
54724
54721
54721
54721
54720
54718
54716
54716
54713
54712
54711
54711
54711
54709
54708
54707
54706
54706
54704
54702
54701
54700
54700
54700
54699
54698
54697
54696
54692
54691
54690
54690
54688
54687
54687
54684
54683
54683
54680
54677
54675
54673
54673
54672
54669
54669
54667
54667
54666
54664
54664
54663
54663
54660
54660
54659
54658
54658
54658
54657
54656
54656
54656
54652
54650
54649
54649
54648
54648
54648
54647
54647
54646
54643
54640
54638
54637
54634
54632
54632
54631
54629
54628
54628
54627
54626
54625
54625
54624
54622
54620
54620
54615
54612
54611
54611
54604
54604
54601
54600
54600
54599
54598
54597
54596
54595
54595
54595
54593
54590
54590
54584
54582
54581
54579
54577
54575
54573
54572
54571
54571
54570
54566
54566
54564
54563
54562
54562
54562
54559
54559
54558
54556
54554
54554
54552
54552
54550
54547
54546
54546
54545
54544
54543
54542
54541
54540
54539
54538
54535
54534
54534
54534
54532
54532
54532
54528
54527
54527
54526
54525
54523
54522
54520
54519
54519
54519
54518
54518
54518
54518
54517
54517
54516
54515
54514
54513
54511
54509
54509
54508
54508
54507
54507
54507
54505
54504
54504
54504
54503
54503
54501
54500
54500
54500
54499
54498
54497
54496
54496
54495
54495
54494
54493
54489
54487
54487
54486
54485
54485
54485
54484
54484
54482
54480
54478
54478
54478
54477
54477
54475
54475
54475
54475
54473
54472
54472
54471
54469
54468
54468
54468
54465
54464
54464
54464
54461
54461
54461
54459
54458
54458
54458
54457
54456
54455
54455
54454
54454
54453
54452
54451
54451
54449
54449
54449
54447
54447
54446
54445
54444
54442
54441
54441
54438
54438
54437
54437
54436
54430
54430
54430
54426
54426
54424
54423
54420
54418
54417
54416
54414
54413
54412
54412
54411
54408
54406
54406
54403
54401
54400
54399
54399
54399
54398
54398
54397
54396
54394
54394
54392
54389
54388
54387
54386
54385
54385
54384
54381
54380
54379
54378
54375
54370
54370
54366
54366
54365
54363
54363
54361
54360
54360
54358
54357
54357
54357
54355
54355
54354
54354
54353
54350
54350
54349
54346
54344
54343
54338
54335
54335
54335
54334
54334
54333
54331
54331
54330
54329
54327
54324
54321
54321
54319
54319
54319
54319
54318
54317
54315
54315
54314
54313
54313
54313
54312
54310
54310
54308
54307
54307
54302
54302
54301
54299
54297
54296
54296
54295
54295
54295
54294
54293
54291
54289
54289
54289
54289
54289
54288
54286
54284
54282
54282
54280
54279
54278
54278
54277
54277
54277
54276
54275
54275
54275
54275
54272
54271
54270
54270
54269
54269
54269
54268
54267
54266
54266
54265
54264
54259
54256
54256
54254
54253
54253
54252
54250
54250
54250
54250
54249
54247
54246
54245
54245
54244
54244
54243
54242
54241
54240
54240
54240
54239
54237
54237
54233
54233
54233
54231
54231
54231
54231
54230
54230
54230
54227
54226
54222
54221
54216
54215
54215
54213
54213
54212
54211
54210
54210
54210
54209
54207
54207
54206
54204
54204
54204
54202
54201
54199
54198
54197
54196
54196
54196
54194
54191
54189
54189
54188
54187
54186
54185
54183
54183
54183
54183
54182
54182
54181
54180
54180
54179
54178
54177
54175
54174
54173
54172
54172
54169
54167
54167
54166
54166
54166
54165
54162
54161
54160
54160
54160
54160
54159
54157
54157
54156
54153
54152
54151
54148
54146
54146
54145
54145
54141
54141
54141
54140
54140
54140
54138
54136
54136
54136
54136
54135
54135
54135
54134
54132
54132
54131
54130
54130
54127
54126
54126
54125
54124
54122
54122
54121
54121
54120
54119
54119
54119
54117
54113
54112
54111
54109
54107
54105
54105
54103
54103
54099
54099
54098
54097
54096
54096
54094
54091
54088
54087
54087
54087
54085
54085
54083
54081
54079
54078
54078
54076
54076
54074
54073
54073
54072
54072
54071
54071
54071
54070
54070
54066
54066
54064
54064
54061
54060
54059
54058
54057
54057
54056
54055
54054
54054
54054
54053
54049
54047
54047
54046
54044
54044
54044
54044
54043
54043
54039
54039
54038
54037
54037
54034
54033
54032
54031
54031
54029
54028
54028
54028
54028
54027
54027
54026
54026
54024
54023
54021
54020
54020
54018
54017
54016
54015
54015
54013
54013
54012
54011
54010
54010
54008
54007
54005
54005
54005
54003
54002
54001
54001
54000
53999
53996
53996
53994
53992
53991
53991
53990
53989
53988
53984
53984
53981
53980
53978
53977
53977
53976
53976
53976
53975
53971
53969
53962
53961
53961
53961
53960
53958
53958
53957
53957
53955
53955
53954
53952
53952
53951
53951
53950
53950
53948
53947
53946
53946
53945
53943
53939
53938
53936
53935
53935
53934
53933
53932
53932
53932
53931
53928
53926
53926
53926
53925
53924
53924
53920
53920
53920
53919
53919
53918
53916
53915
53915
53913
53912
53912
53912
53912
53912
53911
53910
53909
53908
53907
53907
53906
53902
53901
53899
53898
53898
53898
53897
53896
53893
53892
53892
53891
53890
53889
53888
53888
53888
53887
53887
53886
53886
53886
53885
53885
53885
53884
53884
53882
53882
53880
53877
53876
53875
53875
53875
53874
53873
53872
53869
53868
53867
53867
53866
53866
53865
53865
53864
53863
53860
53857
53856
53855
53854
53853
53850
53850
53849
53848
53847
53846
53845
53845
53843
53843
53841
53839
53839
53838
53838
53837
53836
53836
53836
53836
53835
53835
53834
53834
53833
53832
53832
53831
53831
53830
53826
53825
53825
53824
53824
53822
53822
53819
53817
53817
53816
53815
53815
53814
53814
53814
53813
53810
53809
53809
53808
53806
53803
53801
53798
53798
53794
53793
53793
53791
53790
53790
53787
53786
53785
53784
53784
53782
53781
53780
53780
53778
53778
53778
53778
53776
53775
53773
53771
53771
53769
53769
53767
53766
53765
53765
53764
53763
53762
53762
53760
53760
53760
53758
53757
53756
53756
53756
53754
53753
53752
53751
53750
53750
53749
53748
53748
53748
53747
53746
53746
53745
53745
53745
53745
53743
53742
53741
53740
53740
53739
53738
53738
53735
53734
53733
53733
53733
53732
53731
53731
53730
53730
53729
53728
53728
53727
53726
53725
53725
53724
53724
53724
53723
53721
53719
53718
53718
53716
53716
53715
53714
53714
53714
53713
53713
53713
53711
53711
53710
53710
53710
53710
53709
53709
53708
53708
53708
53707
53707
53705
53702
53701
53699
53699
53699
53698
53697
53697
53697
53697
53696
53694
53694
53694
53692
53692
53690
53689
53689
53687
53687
53686
53685
53684
53683
53682
53681
53681
53680
53679
53678
53676
53676
53674
53674
53674
53669
53668
53667
53666
53666
53664
53664
53661
53661
53659
53659
53658
53657
53657
53656
53656
53656
53655
53654
53653
53653
53650
53650
53649
53649
53649
53646
53644
53643
53643
53642
53640
53640
53640
53639
53638
53636
53635
53635
53634
53633
53633
53632
53628
53627
53626
53626
53626
53625
53625
53625
53622
53621
53619
53619
53619
53616
53611
53609
53609
53608
53606
53605
53604
53598
53598
53595
53595
53594
53594
53592
53592
53591
53590
53590
53589
53588
53586
53585
53585
53584
53584
53582
53579
53578
53577
53576
53574
53571
53570
53570
53567
53565
53564
53564
53564
53563
53563
53561
53561
53561
53559
53557
53556
53555
53554
53554
53551
53551
53550
53547
53547
53547
53545
53544
53544
53540
53540
53540
53538
53537
53534
53533
53533
53531
53530
53530
53528
53527
53527
53525
53525
53524
53523
53523
53523
53523
53519
53519
53518
53518
53517
53515
53515
53515
53515
53512
53511
53510
53509
53509
53508
53508
53506
53505
53502
53500
53500
53500
53499
53499
53499
53498
53498
53497
53496
53496
53496
53495
53495
53494
53494
53493
53492
53492
53490
53490
53489
53488
53487
53487
53487
53486
53483
53482
53480
53478
53478
53476
53475
53473
53472
53470
53469
53469
53468
53468
53468
53467
53467
53465
53464
53463
53463
53463
53462
53461
53461
53461
53459
53459
53459
53458
53457
53457
53455
53455
53454
53454
53453
53453
53451
53450
53449
53447
53446
53445
53444
53444
53443
53442
53442
53442
53441
53441
53440
53440
53436
53434
53432
53431
53431
53424
53423
53421
53420
53420
53419
53417
53414
53412
53412
53411
53411
53410
53410
53409
53409
53408
53406
53405
53405
53405
53404
53404
53401
53400
53400
53399
53399
53397
53396
53394
53393
53393
53392
53392
53391
53390
53389
53389
53389
53388
53387
53386
53386
53385
53385
53384
53384
53383
53382
53379
53378
53376
53376
53375
53375
53374
53373
53372
53372
53370
53367
53366
53365
53365
53364
53364
53363
53362
53360
53359
53356
53353
53352
53350
53347
53346
53346
53342
53338
53338
53338
53338
53337
53337
53337
53337
53336
53335
53334
53334
53333
53332
53331
53328
53328
53327
53326
53325
53325
53324
53324
53324
53322
53319
53318
53317
53316
53316
53316
53315
53315
53314
53313
53311
53307
53307
53307
53307
53304
53302
53300
53300
53299
53298
53297
53296
53295
53295
53294
53294
53293
53292
53292
53292
53287
53286
53286
53284
53281
53281
53281
53280
53279
53279
53277
53277
53275
53272
53272
53271
53270
53269
53269
53267
53266
53264
53264
53261
53261
53260
53260
53260
53260
53259
53258
53257
53257
53254
53254
53251
53251
53251
53250
53250
53250
53249
53248
53248
53247
53246
53246
53237
53236
53235
53235
53233
53232
53231
53230
53229
53229
53228
53227
53226
53225
53225
53224
53221
53221
53220
53218
53217
53217
53216
53216
53216
53215
53215
53215
53214
53213
53213
53212
53210
53209
53208
53208
53203
53201
53200
53200
53199
53199
53198
53198
53197
53197
53195
53192
53191
53187
53187
53186
53182
53182
53181
53180
53179
53178
53178
53178
53177
53174
53173
53173
53172
53171
53170
53169
53167
53166
53165
53164
53164
53162
53162
53161
53159
53159
53156
53155
53152
53152
53151
53151
53149
53149
53148
53146
53146
53146
53146
53144
53144
53144
53144
53143
53142
53142
53142
53142
53141
53141
53140
53139
53138
53137
53137
53136
53136
53134
53134
53133
53132
53130
53130
53130
53130
53129
53128
53127
53127
53126
53126
53125
53124
53123
53122
53122
53121
53120
53119
53119
53116
53116
53114
53114
53113
53110
53108
53108
53106
53106
53106
53102
53101
53100
53098
53097
53097
53097
53096
53095
53093
53092
53092
53091
53090
53088
53088
53088
53088
53086
53086
53084
53083
53083
53082
53082
53081
53081
53075
53075
53074
53070
53070
53067
53067
53067
53067
53066
53066
53066
53064
53062
53062
53061
53060
53060
53058
53058
53056
53056
53056
53055
53054
53053
53053
53049
53049
53048
53044
53042
53041
53038
53037
53037
53036
53035
53034
53032
53032
53031
53027
53026
53024
53023
53023
53023
53023
53022
53022
53021
53021
53020
53019
53019
53018
53018
53017
53016
53016
53015
53013
53011
53009
53009
53009
53008
53008
53006
53006
53005
53005
53004
53004
53002
53002
53001
53000
53000
53000
52999
52999
52998
52997
52995
52994
52992
52991
52989
52988
52986
52986
52986
52986
52982
52980
52978
52977
52977
52976
52975
52975
52974
52973
52971
52971
52969
52969
52968
52968
52967
52966
52965
52964
52962
52962
52961
52958
52956
52955
52955
52955
52951
52951
52950
52948
52947
52947
52946
52945
52945
52945
52944
52944
52941
52941
52940
52940
52937
52936
52934
52933
52933
52932
52932
52932
52932
52931
52929
52927
52925
52923
52921
52920
52920
52919
52919
52918
52918
52918
52918
52917
52916
52916
52915
52915
52915
52915
52915
52914
52914
52914
52914
52913
52912
52911
52911
52911
52911
52909
52907
52907
52905
52905
52903
52902
52901
52899
52899
52898
52898
52897
52897
52896
52895
52895
52894
52894
52894
52894
52894
52891
52890
52887
52885
52885
52880
52880
52879
52876
52875
52875
52874
52872
52871
52870
52869
52867
52866
52866
52864
52864
52863
52862
52862
52858
52858
52855
52854
52853
52852
52852
52851
52848
52848
52847
52845
52845
52845
52843
52842
52841
52840
52840
52838
52837
52835
52834
52833
52832
52831
52830
52830
52829
52829
52828
52827
52826
52826
52823
52822
52822
52821
52820
52820
52818
52818
52818
52815
52815
52814
52813
52812
52812
52812
52812
52812
52812
52811
52811
52811
52810
52810
52810
52809
52809
52802
52802
52802
52802
52801
52800
52800
52800
52800
52799
52797
52797
52796
52795
52795
52794
52792
52791
52791
52790
52790
52790
52788
52787
52786
52783
52782
52782
52781
52780
52779
52778
52778
52777
52774
52773
52773
52773
52771
52767
52766
52766
52766
52764
52762
52762
52760
52760
52759
52757
52756
52755
52754
52753
52752
52751
52749
52749
52748
52747
52747
52746
52744
52743
52743
52742
52741
52741
52741
52740
52739
52738
52738
52737
52737
52736
52736
52735
52732
52731
52731
52729
52729
52729
52728
52727
52725
52725
52723
52723
52722
52721
52720
52720
52714
52713
52712
52712
52709
52708
52707
52707
52707
52706
52702
52698
52695
52693
52692
52689
52689
52689
52689
52687
52686
52686
52686
52685
52685
52684
52683
52683
52682
52682
52680
52679
52679
52679
52677
52676
52676
52676
52675
52672
52670
52669
52668
52666
52664
52664
52663
52663
52662
52662
52659
52659
52657
52657
52654
52653
52653
52652
52651
52650
52649
52648
52647
52646
52646
52644
52644
52642
52639
52638
52638
52638
52637
52637
52636
52636
52632
52631
52631
52631
52631
52630
52628
52623
52622
52621
52621
52620
52620
52619
52619
52619
52618
52618
52617
52615
52615
52614
52613
52612
52612
52611
52610
52610
52608
52607
52607
52605
52605
52603
52602
52602
52601
52600
52599
52599
52598
52597
52597
52597
52596
52595
52588
52587
52586
52583
52582
52581
52581
52580
52580
52579
52578
52575
52573
52572
52572
52572
52572
52571
52569
52568
52568
52567
52565
52562
52562
52562
52560
52558
52558
52554
52554
52553
52550
52550
52549
52548
52547
52547
52545
52545
52543
52542
52542
52541
52540
52540
52540
52539
52538
52538
52537
52537
52537
52535
52535
52534
52532
52531
52531
52530
52530
52530
52529
52528
52525
52524
52524
52524
52521
52521
52520
52519
52518
52517
52513
52513
52513
52512
52510
52506
52504
52504
52502
52501
52501
52500
52500
52499
52499
52498
52498
52495
52495
52493
52489
52486
52485
52484
52484
52482
52482
52482
52479
52478
52477
52477
52476
52474
52474
52473
52473
52472
52471
52471
52471
52471
52468
52467
52466
52466
52466
52465
52465
52465
52464
52458
52457
52456
52455
52455
52453
52451
52451
52450
52450
52449
52449
52448
52448
52447
52447
52447
52445
52444
52444
52444
52443
52443
52442
52442
52441
52441
52441
52441
52440
52439
52438
52437
52434
52433
52432
52431
52430
52430
52427
52425
52424
52423
52422
52422
52420
52418
52418
52418
52416
52415
52414
52413
52412
52412
52411
52411
52410
52409
52409
52408
52408
52408
52406
52406
52405
52403
52402
52400
52400
52397
52395
52395
52395
52395
52394
52394
52393
52393
52392
52392
52392
52391
52391
52390
52389
52388
52388
52386
52385
52384
52383
52383
52382
52380
52377
52377
52375
52375
52374
52373
52372
52371
52370
52370
52370
52369
52368
52368
52368
52365
52364
52363
52361
52360
52359
52358
52358
52357
52356
52356
52355
52352
52351
52349
52347
52346
52346
52346
52344
52344
52342
52342
52341
52341
52339
52334
52334
52334
52333
52332
52332
52330
52329
52327
52327
52324
52322
52320
52318
52314
52313
52313
52313
52312
52312
52312
52309
52309
52308
52307
52306
52306
52305
52305
52305
52305
52304
52303
52302
52295
52295
52295
52294
52293
52293
52292
52288
52286
52286
52283
52281
52280
52279
52278
52277
52277
52277
52276
52275
52275
52274
52273
52272
52272
52270
52267
52267
52265
52265
52265
52264
52264
52263
52263
52261
52261
52261
52260
52260
52258
52258
52258
52257
52256
52255
52255
52255
52255
52255
52254
52253
52249
52249
52248
52246
52242
52242
52242
52240
52239
52239
52238
52236
52236
52236
52236
52236
52235
52235
52230
52229
52229
52227
52227
52225
52225
52225
52224
52224
52221
52220
52217
52217
52216
52215
52214
52212
52211
52211
52210
52208
52206
52206
52202
52202
52197
52197
52196
52195
52195
52195
52195
52195
52194
52193
52191
52190
52189
52188
52188
52188
52185
52185
52178
52174
52174
52173
52172
52170
52168
52168
52165
52164
52163
52163
52162
52162
52159
52157
52157
52157
52157
52155
52154
52154
52152
52151
52151
52150
52150
52149
52146
52146
52146
52145
52143
52142
52141
52141
52139
52139
52138
52137
52135
52135
52134
52133
52133
52132
52131
52130
52129
52129
52128
52126
52125
52122
52120
52119
52115
52114
52113
52112
52111
52110
52109
52102
52102
52101
52101
52100
52099
52098
52098
52096
52095
52093
52091
52089
52089
52088
52087
52085
52085
52082
52082
52080
52078
52078
52076
52075
52074
52072
52068
52066
52065
52065
52064
52063
52063
52061
52061
52061
52060
52059
52059
52058
52057
52057
52057
52056
52055
52054
52054
52054
52053
52053
52049
52048
52047
52047
52046
52046
52043
52041
52040
52040
52039
52038
52035
52032
52032
52032
52032
52032
52031
52028
52027
52025
52025
52025
52025
52021
52021
52021
52020
52020
52019
52019
52019
52018
52018
52018
52015
52014
52014
52013
52011
52011
52010
52007
52005
52002
52001
52000
51999
51998
51997
51995
51994
51994
51992
51992
51991
51991
51991
51991
51989
51989
51989
51988
51987
51987
51985
51985
51985
51983
51981
51980
51978
51978
51975
51975
51974
51974
51972
51971
51971
51970
51968
51967
51966
51966
51966
51965
51964
51963
51961
51961
51960
51959
51959
51958
51954
51954
51951
51950
51949
51948
51948
51947
51945
51944
51941
51941
51940
51940
51940
51936
51935
51934
51933
51932
51931
51931
51930
51929
51927
51927
51926
51926
51924
51924
51922
51920
51920
51918
51916
51916
51915
51915
51911
51910
51908
51907
51906
51905
51905
51904
51904
51903
51902
51899
51899
51899
51898
51897
51897
51897
51897
51896
51893
51893
51889
51883
51883
51882
51881
51881
51880
51879
51879
51878
51877
51875
51875
51875
51873
51872
51869
51868
51868
51868
51867
51867
51867
51866
51866
51866
51866
51865
51865
51864
51862
51860
51858
51856
51856
51856
51856
51854
51854
51853
51852
51852
51851
51851
51850
51849
51848
51847
51847
51846
51845
51845
51844
51842
51842
51842
51840
51838
51837
51837
51834
51830
51829
51829
51829
51828
51828
51825
51823
51823
51822
51822
51821
51818
51817
51817
51816
51814
51813
51811
51810
51810
51806
51805
51804
51803
51799
51797
51796
51795
51794
51794
51792
51791
51790
51790
51790
51789
51786
51782
51782
51780
51779
51779
51777
51777
51776
51775
51774
51774
51774
51773
51773
51773
51771
51771
51771
51770
51769
51769
51768
51768
51767
51765
51764
51764
51761
51760
51760
51759
51757
51752
51752
51752
51749
51749
51747
51742
51741
51740
51740
51740
51739
51736
51736
51735
51735
51734
51734
51731
51731
51730
51730
51729
51728
51728
51727
51727
51725
51724
51724
51723
51723
51722
51722
51720
51720
51718
51717
51713
51712
51709
51708
51706
51706
51704
51704
51702
51700
51700
51699
51697
51693
51691
51691
51689
51688
51688
51688
51688
51687
51686
51686
51685
51685
51685
51684
51684
51682
51681
51680
51680
51680
51678
51674
51672
51671
51670
51669
51669
51666
51665
51663
51663
51662
51659
51659
51657
51655
51655
51654
51654
51651
51651
51648
51647
51647
51647
51645
51643
51642
51641
51641
51641
51640
51638
51637
51634
51634
51634
51633
51632
51631
51631
51630
51630
51628
51628
51627
51627
51625
51625
51625
51624
51624
51624
51623
51622
51621
51621
51621
51620
51620
51618
51618
51617
51616
51615
51614
51613
51612
51611
51611
51610
51610
51610
51609
51609
51608
51605
51604
51604
51603
51603
51602
51601
51599
51598
51595
51595
51594
51593
51593
51593
51590
51587
51587
51586
51585
51584
51581
51581
51580
51579
51577
51574
51573
51573
51571
51570
51569
51568
51568
51568
51565
51565
51564
51564
51562
51560
51558
51558
51558
51556
51555
51555
51555
51554
51554
51554
51554
51554
51553
51552
51552
51551
51550
51550
51549
51549
51549
51547
51547
51547
51546
51543
51539
51537
51537
51537
51535
51535
51532
51532
51532
51532
51531
51529
51528
51527
51527
51526
51525
51523
51521
51521
51519
51514
51513
51513
51513
51512
51511
51511
51510
51510
51508
51505
51504
51504
51504
51503
51501
51501
51499
51499
51498
51495
51494
51493
51492
51491
51490
51489
51489
51488
51487
51485
51485
51484
51483
51482
51480
51479
51479
51479
51479
51478
51477
51476
51476
51474
51474
51473
51471
51471
51471
51470
51469
51469
51468
51466
51465
51464
51464
51464
51462
51461
51459
51456
51453
51452
51451
51451
51450
51449
51449
51448
51448
51447
51445
51445
51445
51444
51444
51443
51443
51443
51440
51440
51439
51439
51439
51439
51438
51437
51437
51437
51434
51434
51432
51431
51431
51430
51430
51430
51425
51423
51423
51422
51421
51421
51420
51420
51419
51419
51418
51417
51416
51416
51416
51416
51416
51416
51414
51411
51411
51411
51410
51410
51407
51406
51405
51404
51404
51403
51403
51402
51402
51401
51400
51400
51400
51399
51397
51395
51394
51394
51394
51394
51392
51391
51389
51389
51387
51386
51385
51384
51381
51379
51379
51378
51378
51377
51372
51370
51369
51369
51367
51366
51366
51365
51365
51364
51363
51362
51362
51361
51360
51360
51359
51357
51356
51356
51355
51355
51354
51354
51351
51350
51350
51350
51349
51348
51348
51347
51346
51345
51345
51342
51337
51337
51336
51336
51335
51334
51333
51333
51332
51331
51330
51329
51326
51326
51324
51324
51323
51323
51322
51322
51320
51319
51319
51319
51318
51317
51316
51314
51312
51312
51311
51308
51307
51306
51306
51304
51303
51303
51303
51302
51302
51301
51300
51299
51299
51299
51297
51297
51288
51288
51287
51287
51287
51287
51286
51286
51283
51282
51282
51281
51281
51278
51277
51277
51276
51274
51273
51273
51273
51272
51271
51268
51267
51267
51266
51263
51263
51263
51262
51261
51261
51260
51259
51259
51259
51258
51254
51254
51249
51248
51247
51247
51247
51246
51246
51246
51243
51243
51243
51242
51241
51238
51238
51237
51236
51235
51233
51233
51231
51230
51230
51230
51229
51229
51228
51226
51226
51222
51219
51217
51216
51216
51216
51215
51215
51214
51214
51214
51214
51213
51211
51211
51211
51211
51209
51209
51209
51208
51207
51207
51207
51206
51205
51205
51205
51204
51203
51201
51201
51200
51197
51197
51196
51194
51191
51189
51188
51188
51188
51188
51188
51187
51186
51184
51184
51183
51182
51182
51182
51181
51178
51176
51175
51174
51173
51173
51173
51170
51170
51170
51169
51168
51168
51168
51167
51166
51162
51162
51162
51160
51159
51159
51159
51156
51156
51155
51155
51155
51154
51154
51153
51152
51152
51151
51150
51150
51150
51144
51144
51140
51140
51140
51139
51138
51136
51134
51134
51133
51132
51127
51127
51126
51124
51123
51122
51122
51121
51119
51117
51117
51114
51114
51114
51113
51113
51113
51112
51110
51110
51110
51110
51106
51104
51101
51100
51100
51099
51099
51098
51096
51095
51095
51094
51093
51090
51089
51089
51089
51089
51088
51087
51085
51085
51085
51084
51084
51084
51084
51084
51084
51084
51083
51081
51080
51079
51079
51078
51078
51077
51076
51075
51073
51073
51072
51072
51072
51072
51070
51070
51070
51068
51066
51065
51065
51061
51060
51060
51059
51059
51059
51057
51056
51054
51054
51054
51053
51051
51050
51049
51049
51047
51044
51043
51043
51038
51037
51036
51036
51035
51035
51034
51034
51033
51033
51033
51032
51032
51032
51029
51029
51027
51027
51022
51022
51021
51021
51020
51020
51018
51015
51015
51015
51015
51014
51012
51012
51011
51011
51011
51009
51009
51009
51007
51006
51005
51004
51002
51001
51000
50999
50998
50998
50998
50998
50998
50998
50994
50994
50993
50989
50988
50987
50986
50986
50983
50983
50982
50981
50981
50981
50981
50980
50978
50977
50977
50977
50977
50977
50973
50973
50972
50972
50970
50969
50968
50967
50965
50964
50963
50960
50958
50957
50956
50955
50954
50954
50953
50950
50949
50949
50948
50948
50947
50946
50946
50946
50946
50946
50945
50945
50943
50942
50941
50941
50939
50939
50937
50937
50937
50937
50936
50936
50935
50930
50929
50928
50928
50926
50926
50925
50925
50924
50923
50922
50921
50920
50920
50917
50917
50916
50915
50915
50913
50912
50912
50911
50911
50911
50910
50909
50908
50907
50907
50905
50904
50903
50901
50898
50898
50898
50897
50895
50893
50891
50890
50888
50888
50888
50886
50886
50885
50884
50883
50882
50880
50879
50878
50878
50878
50875
50874
50872
50871
50871
50870
50870
50869
50868
50867
50867
50865
50862
50862
50861
50860
50859
50859
50859
50856
50853
50852
50852
50851
50851
50849
50849
50847
50846
50845
50844
50844
50842
50841
50839
50835
50835
50832
50830
50829
50828
50827
50827
50826
50825
50824
50823
50821
50821
50819
50818
50818
50816
50813
50811
50808
50808
50807
50807
50807
50806
50806
50804
50804
50804
50802
50801
50799
50799
50798
50797
50797
50796
50795
50795
50794
50791
50791
50791
50790
50790
50789
50788
50787
50787
50787
50785
50785
50784
50783
50783
50782
50782
50782
50780
50779
50778
50777
50776
50774
50773
50772
50771
50771
50770
50770
50769
50769
50768
50768
50767
50766
50765
50763
50762
50762
50762
50761
50760
50759
50758
50757
50757
50757
50756
50756
50755
50754
50754
50752
50752
50752
50751
50751
50751
50750
50749
50749
50748
50746
50744
50741
50741
50740
50739
50738
50736
50736
50735
50732
50732
50729
50729
50727
50727
50722
50721
50721
50721
50720
50720
50718
50715
50713
50713
50713
50712
50712
50711
50711
50710
50708
50708
50707
50707
50707
50706
50705
50705
50704
50703
50703
50703
50702
50701
50700
50699
50695
50692
50691
50691
50690
50690
50688
50687
50687
50686
50685
50685
50683
50682
50682
50682
50681
50681
50680
50678
50678
50677
50677
50676
50675
50674
50672
50670
50669
50669
50669
50668
50668
50667
50666
50666
50664
50664
50664
50664
50663
50662
50660
50660
50658
50654
50651
50650
50650
50649
50649
50648
50646
50646
50645
50645
50644
50644
50643
50643
50641
50637
50635
50634
50630
50630
50627
50626
50625
50625
50625
50624
50624
50624
50623
50622
50621
50620
50619
50619
50617
50615
50614
50614
50614
50613
50613
50612
50612
50611
50611
50609
50608
50604
50602
50601
50599
50598
50597
50596
50596
50595
50595
50594
50594
50593
50592
50592
50592
50591
50590
50590
50588
50585
50584
50583
50583
50582
50582
50580
50580
50580
50580
50579
50579
50577
50576
50575
50575
50573
50573
50573
50573
50573
50568
50568
50566
50566
50565
50563
50560
50558
50558
50558
50556
50556
50554
50553
50553
50550
50548
50548
50547
50546
50544
50544
50543
50543
50541
50540
50540
50539
50538
50537
50536
50535
50535
50531
50529
50529
50529
50529
50528
50528
50526
50526
50525
50525
50524
50524
50523
50523
50523
50522
50522
50522
50521
50521
50520
50518
50518
50518
50517
50515
50514
50512
50512
50512
50512
50512
50512
50511
50510
50510
50507
50505
50504
50503
50503
50502
50501
50501
50500
50497
50496
50496
50495
50495
50495
50489
50487
50485
50483
50483
50483
50482
50480
50480
50479
50479
50478
50478
50478
50478
50477
50477
50474
50473
50472
50472
50469
50469
50469
50467
50466
50465
50463
50462
50460
50459
50458
50457
50457
50457
50455
50454
50454
50454
50453
50453
50450
50447
50447
50444
50443
50442
50441
50439
50438
50437
50436
50436
50436
50433
50432
50430
50429
50428
50424
50424
50424
50423
50423
50421
50421
50421
50418
50417
50416
50416
50415
50415
50414
50414
50412
50411
50409
50408
50408
50408
50407
50405
50405
50404
50403
50402
50401
50400
50399
50398
50396
50395
50395
50395
50394
50394
50393
50392
50390
50389
50389
50386
50386
50385
50383
50383
50383
50383
50381
50379
50377
50377
50377
50377
50376
50375
50374
50374
50372
50370
50370
50368
50368
50368
50366
50366
50366
50365
50365
50363
50363
50363
50362
50361
50360
50359
50358
50357
50356
50356
50355
50355
50355
50353
50350
50349
50348
50347
50344
50343
50343
50343
50342
50342
50342
50341
50339
50338
50338
50337
50336
50336
50332
50332
50331
50330
50330
50328
50326
50325
50324
50323
50321
50320
50320
50320
50319
50319
50316
50315
50314
50314
50313
50313
50312
50312
50310
50307
50307
50306
50306
50305
50303
50303
50301
50301
50300
50299
50299
50298
50298
50298
50296
50294
50294
50294
50294
50293
50293
50292
50291
50291
50291
50291
50290
50288
50287
50286
50286
50285
50285
50284
50284
50283
50279
50278
50277
50276
50276
50276
50275
50274
50274
50273
50273
50273
50273
50271
50271
50269
50269
50269
50267
50263
50262
50259
50258
50257
50255
50255
50255
50254
50254
50252
50251
50248
50248
50247
50246
50246
50246
50245
50245
50245
50244
50244
50243
50241
50241
50240
50240
50240
50238
50238
50237
50237
50236
50231
50231
50230
50230
50229
50229
50228
50226
50226
50225
50224
50222
50220
50220
50220
50218
50217
50216
50216
50216
50215
50215
50214
50211
50210
50210
50210
50210
50210
50208
50207
50205
50203
50201
50201
50200
50200
50198
50198
50198
50197
50196
50194
50193
50193
50192
50191
50191
50191
50190
50190
50190
50186
50186
50186
50185
50183
50182
50179
50178
50178
50177
50177
50176
50176
50175
50174
50173
50172
50172
50168
50167
50167
50166
50165
50165
50164
50163
50162
50162
50161
50161
50159
50159
50157
50157
50157
50156
50155
50154
50154
50153
50153
50151
50150
50150
50148
50148
50147
50146
50146
50146
50145
50142
50141
50140
50138
50136
50135
50135
50133
50133
50131
50131
50131
50131
50130
50130
50128
50126
50125
50125
50125
50124
50124
50123
50123
50122
50122
50122
50120
50120
50120
50114
50112
50112
50111
50111
50111
50110
50110
50109
50108
50106
50106
50106
50105
50105
50105
50104
50104
50104
50104
50104
50104
50104
50103
50102
50099
50099
50098
50097
50096
50094
50093
50090
50089
50088
50088
50087
50087
50085
50082
50078
50077
50077
50077
50076
50076
50075
50074
50074
50073
50072
50070
50070
50070
50068
50067
50067
50066
50065
50065
50064
50064
50063
50063
50063
50061
50060
50059
50058
50055
50055
50054
50052
50052
50051
50050
50050
50049
50049
50048
50046
50046
50043
50043
50036
50034
50034
50032
50032
50032
50032
50030
50029
50027
50027
50026
50026
50025
50021
50021
50018
50018
50017
50016
50016
50015
50013
50013
50013
50012
50012
50010
50010
50010
50006
50005
50004
50004
50003
50002
50001
50001
49999
49998
49998
49996
49996
49995
49995
49995
49994
49993
49993
49992
49991
49989
49988
49987
49987
49986
49986
49985
49984
49984
49984
49984
49983
49983
49982
49981
49980
49979
49979
49978
49977
49976
49975
49974
49972
49970
49969
49969
49968
49967
49967
49966
49964
49963
49963
49962
49962
49961
49961
49961
49960
49959
49957
49957
49955
49954
49954
49952
49952
49948
49947
49946
49945
49945
49944
49944
49942
49940
49938
49938
49936
49935
49933
49932
49932
49931
49928
49926
49926
49921
49919
49918
49918
49917
49916
49914
49911
49909
49909
49906
49905
49904
49902
49901
49901
49899
49899
49898
49898
49897
49897
49895
49894
49894
49893
49889
49887
49886
49886
49884
49883
49882
49880
49880
49879
49879
49879
49878
49878
49877
49877
49875
49875
49871
49870
49870
49870
49869
49868
49868
49866
49864
49861
49860
49859
49859
49855
49854
49854
49853
49853
49852
49852
49851
49851
49850
49849
49849
49849
49847
49846
49846
49844
49843
49842
49841
49840
49839
49839
49838
49837
49837
49835
49833
49833
49833
49832
49831
49831
49831
49829
49829
49828
49827
49827
49826
49825
49825
49823
49818
49817
49817
49817
49816
49815
49814
49812
49811
49810
49808
49808
49806
49806
49806
49805
49802
49802
49802
49800
49800
49799
49799
49799
49798
49797
49796
49795
49793
49792
49791
49790
49789
49788
49788
49786
49784
49783
49783
49783
49782
49782
49782
49782
49782
49780
49779
49779
49778
49777
49776
49775
49774
49774
49774
49772
49771
49771
49771
49771
49770
49770
49769
49769
49768
49765
49765
49764
49764
49762
49762
49761
49761
49761
49758
49757
49755
49755
49755
49752
49751
49750
49748
49746
49746
49745
49745
49745
49744
49744
49742
49740
49740
49737
49737
49736
49734
49734
49733
49732
49732
49731
49730
49730
49728
49728
49725
49725
49724
49723
49722
49721
49720
49719
49717
49717
49717
49716
49716
49714
49713
49712
49712
49709
49708
49704
49703
49703
49703
49703
49702
49702
49700
49699
49699
49699
49698
49698
49697
49697
49695
49695
49695
49695
49695
49694
49694
49693
49693
49693
49690
49689
49689
49688
49687
49687
49687
49686
49685
49684
49683
49681
49681
49680
49678
49677
49676
49676
49675
49673
49672
49672
49672
49671
49671
49671
49670
49670
49668
49667
49667
49664
49663
49663
49662
49662
49662
49661
49660
49660
49660
49660
49659
49657
49657
49655
49655
49653
49653
49651
49650
49649
49647
49644
49644
49643
49643
49642
49642
49641
49641
49641
49640
49639
49638
49637
49636
49636
49636
49636
49635
49635
49635
49633
49633
49632
49629
49626
49625
49624
49624
49623
49623
49622
49621
49620
49619
49617
49616
49616
49615
49615
49615
49612
49612
49610
49609
49609
49608
49607
49607
49604
49601
49600
49599
49599
49598
49597
49597
49596
49595
49595
49594
49594
49593
49593
49593
49592
49592
49589
49588
49587
49586
49586
49585
49584
49584
49582
49581
49579
49579
49578
49578
49576
49574
49572
49572
49569
49567
49567
49567
49566
49565
49563
49562
49562
49556
49555
49554
49554
49552
49552
49549
49549
49546
49546
49545
49545
49544
49544
49543
49542
49541
49541
49540
49539
49537
49535
49535
49534
49533
49530
49530
49529
49525
49525
49525
49524
49521
49521
49520
49519
49518
49518
49518
49516
49515
49512
49511
49510
49509
49508
49507
49507
49505
49505
49504
49504
49503
49503
49502
49502
49501
49501
49500
49500
49500
49499
49499
49499
49498
49498
49498
49497
49495
49490
49490
49489
49488
49486
49486
49485
49485
49484
49484
49483
49482
49482
49480
49479
49477
49475
49471
49471
49470
49469
49469
49469
49467
49467
49466
49464
49461
49461
49461
49460
49460
49458
49458
49458
49458
49456
49456
49453
49451
49451
49450
49450
49449
49449
49449
49448
49446
49442
49442
49440
49439
49439
49436
49436
49434
49431
49430
49421
49420
49419
49418
49417
49416
49415
49415
49413
49412
49411
49411
49409
49408
49406
49405
49404
49403
49402
49400
49400
49399
49398
49398
49397
49396
49393
49393
49392
49390
49389
49388
49387
49385
49385
49384
49383
49383
49382
49382
49380
49379
49379
49378
49378
49377
49376
49376
49375
49375
49374
49373
49372
49372
49371
49371
49370
49369
49368
49368
49366
49366
49366
49365
49362
49361
49360
49359
49359
49358
49357
49356
49356
49352
49350
49349
49348
49346
49346
49344
49343
49341
49340
49340
49339
49338
49338
49338
49337
49332
49330
49330
49329
49328
49328
49328
49326
49325
49325
49323
49321
49321
49320
49318
49316
49315
49313
49312
49312
49312
49312
49311
49311
49310
49306
49306
49306
49305
49305
49303
49302
49300
49298
49297
49297
49295
49295
49295
49294
49294
49293
49292
49291
49290
49289
49289
49289
49289
49288
49288
49286
49286
49283
49282
49280
49279
49276
49275
49274
49267
49265
49264
49264
49263
49262
49257
49254
49252
49251
49250
49249
49247
49247
49246
49246
49246
49244
49241
49241
49240
49240
49239
49239
49239
49238
49236
49235
49232
49231
49230
49229
49229
49225
49224
49220
49220
49219
49218
49216
49215
49214
49213
49212
49211
49211
49211
49208
49207
49205
49204
49204
49202
49201
49197
49195
49194
49194
49191
49191
49191
49190
49190
49188
49188
49188
49187
49185
49185
49183
49181
49181
49180
49180
49180
49178
49178
49177
49177
49176
49176
49176
49174
49173
49173
49173
49172
49170
49170
49170
49167
49167
49165
49164
49162
49161
49160
49160
49159
49159
49158
49158
49157
49157
49157
49156
49153
49152
49148
49148
49147
49147
49147
49141
49140
49140
49137
49136
49136
49134
49132
49132
49132
49132
49130
49129
49128
49128
49128
49126
49125
49124
49124
49122
49121
49120
49120
49118
49117
49116
49115
49115
49114
49114
49114
49113
49111
49111
49110
49110
49108
49107
49106
49105
49105
49104
49103
49101
49095
49095
49095
49093
49093
49092
49091
49091
49091
49090
49088
49088
49086
49084
49084
49084
49084
49082
49081
49081
49081
49081
49081
49078
49077
49076
49076
49072
49072
49071
49071
49070
49069
49069
49068
49068
49067
49067
49065
49065
49064
49063
49060
49058
49058
49057
49057
49057
49056
49056
49055
49054
49054
49054
49050
49049
49049
49047
49047
49047
49046
49044
49042
49041
49041
49041
49040
49039
49038
49036
49036
49035
49034
49032
49032
49030
49028
49024
49023
49023
49021
49020
49019
49016
49016
49016
49015
49014
49011
49010
49010
49009
49009
49009
49008
49008
49006
49005
49003
49002
49002
49001
49001
48998
48997
48996
48996
48994
48993
48993
48992
48992
48992
48988
48987
48986
48985
48984
48983
48983
48981
48981
48980
48980
48980
48980
48979
48979
48977
48976
48974
48974
48972
48972
48972
48972
48971
48970
48969
48968
48968
48964
48962
48962
48960
48959
48959
48959
48958
48957
48956
48955
48954
48954
48953
48949
48948
48946
48945
48945
48943
48940
48938
48936
48936
48935
48935
48934
48934
48934
48934
48931
48929
48928
48927
48925
48924
48924
48923
48922
48922
48921
48920
48919
48919
48919
48916
48915
48914
48914
48914
48911
48909
48908
48908
48907
48907
48907
48906
48906
48904
48904
48904
48901
48900
48899
48898
48898
48895
48893
48893
48891
48890
48890
48889
48889
48888
48886
48885
48885
48883
48882
48881
48881
48880
48878
48876
48876
48875
48875
48875
48872
48871
48871
48871
48870
48870
48869
48868
48867
48866
48865
48864
48864
48863
48861
48860
48859
48859
48858
48858
48856
48855
48854
48851
48847
48843
48843
48843
48843
48840
48839
48838
48837
48833
48832
48831
48827
48826
48825
48823
48823
48822
48822
48821
48820
48819
48819
48818
48818
48815
48812
48812
48810
48810
48809
48809
48806
48805
48805
48804
48804
48803
48802
48801
48800
48800
48797
48796
48795
48794
48794
48792
48792
48789
48786
48784
48781
48778
48775
48774
48774
48774
48773
48773
48771
48770
48770
48769
48769
48768
48766
48766
48763
48762
48762
48761
48760
48759
48759
48759
48758
48758
48758
48756
48755
48755
48753
48752
48751
48749
48747
48746
48745
48744
48742
48740
48739
48739
48738
48737
48737
48735
48735
48734
48733
48732
48732
48731
48729
48728
48728
48727
48726
48726
48725
48724
48719
48719
48715
48714
48714
48713
48713
48711
48710
48710
48710
48709
48708
48707
48706
48706
48706
48704
48700
48700
48699
48698
48697
48696
48696
48691
48691
48691
48690
48689
48689
48689
48688
48682
48680
48679
48679
48678
48676
48676
48675
48675
48675
48675
48673
48673
48672
48671
48671
48671
48671
48671
48670
48669
48669
48668
48665
48663
48663
48662
48662
48661
48660
48660
48658
48656
48656
48656
48655
48655
48654
48654
48654
48652
48652
48651
48650
48650
48650
48648
48648
48647
48646
48646
48645
48645
48642
48642
48642
48641
48641
48639
48637
48636
48635
48634
48634
48632
48632
48630
48628
48627
48627
48626
48624
48623
48623
48622
48622
48619
48619
48618
48617
48615
48615
48615
48614
48614
48613
48612
48611
48611
48610
48610
48606
48605
48605
48600
48597
48596
48595
48595
48594
48594
48593
48592
48591
48591
48591
48590
48590
48590
48587
48586
48585
48585
48584
48582
48582
48581
48580
48580
48578
48578
48578
48577
48575
48575
48575
48574
48574
48571
48569
48567
48566
48564
48564
48564
48564
48563
48561
48561
48561
48561
48558
48558
48558
48556
48556
48555
48550
48549
48549
48547
48547
48544
48544
48543
48543
48543
48541
48541
48539
48539
48539
48538
48536
48536
48535
48535
48535
48534
48534
48533
48533
48530
48529
48529
48528
48528
48528
48525
48524
48524
48524
48523
48523
48522
48520
48520
48519
48514
48513
48511
48510
48509
48508
48508
48508
48507
48506
48506
48504
48501
48500
48499
48499
48499
48498
48497
48496
48494
48494
48493
48493
48493
48492
48492
48491
48490
48489
48488
48487
48486
48486
48485
48483
48483
48479
48478
48477
48476
48474
48474
48473
48472
48472
48471
48469
48469
48468
48468
48467
48467
48467
48466
48466
48466
48466
48466
48463
48463
48462
48462
48460
48459
48459
48459
48457
48457
48456
48455
48455
48454
48454
48453
48450
48450
48450
48449
48449
48449
48449
48448
48447
48447
48447
48445
48445
48444
48443
48443
48443
48442
48439
48439
48434
48432
48432
48431
48430
48430
48430
48424
48424
48423
48423
48423
48422
48419
48416
48416
48415
48415
48415
48413
48412
48407
48407
48407
48406
48405
48404
48404
48402
48400
48399
48396
48396
48396
48395
48395
48395
48394
48391
48391
48391
48390
48389
48389
48388
48386
48386
48385
48383
48382
48382
48380
48380
48379
48378
48378
48378
48377
48377
48375
48374
48374
48373
48372
48371
48371
48371
48371
48370
48370
48368
48366
48365
48365
48360
48357
48356
48355
48352
48350
48349
48349
48348
48348
48348
48348
48347
48346
48345
48343
48343
48342
48342
48341
48341
48340
48340
48338
48338
48336
48334
48334
48334
48332
48332
48331
48329
48329
48329
48329
48327
48325
48324
48321
48318
48318
48316
48316
48316
48316
48315
48312
48311
48308
48308
48307
48307
48306
48306
48305
48305
48304
48303
48302
48301
48299
48298
48298
48298
48297
48295
48294
48293
48292
48291
48291
48290
48289
48289
48288
48287
48286
48282
48282
48281
48280
48280
48280
48278
48275
48274
48274
48274
48271
48270
48268
48268
48267
48267
48266
48266
48264
48264
48264
48262
48261
48260
48260
48259
48258
48257
48256
48254
48252
48251
48251
48251
48251
48249
48246
48245
48245
48245
48244
48243
48241
48241
48240
48240
48238
48237
48235
48235
48235
48233
48229
48229
48229
48229
48227
48226
48224
48223
48223
48223
48222
48221
48221
48220
48219
48219
48219
48217
48216
48215
48215
48214
48214
48213
48213
48213
48212
48211
48211
48211
48211
48204
48204
48203
48203
48201
48201
48200
48200
48196
48195
48194
48194
48193
48192
48191
48190
48190
48190
48188
48188
48188
48186
48185
48185
48185
48184
48183
48182
48181
48178
48178
48178
48177
48176
48176
48173
48172
48171
48167
48167
48166
48166
48166
48165
48165
48162
48162
48162
48161
48157
48154
48154
48152
48152
48151
48151
48150
48149
48148
48147
48146
48143
48141
48141
48140
48138
48134
48133
48133
48133
48132
48132
48129
48128
48128
48126
48123
48123
48119
48119
48115
48115
48111
48110
48110
48109
48108
48108
48106
48104
48101
48101
48099
48097
48096
48094
48094
48093
48092
48092
48091
48091
48090
48090
48088
48087
48086
48086
48085
48085
48085
48084
48083
48082
48080
48076
48076
48075
48075
48074
48073
48072
48072
48070
48070
48069
48067
48067
48065
48064
48062
48062
48060
48058
48055
48055
48054
48054
48051
48050
48049
48048
48048
48048
48047
48047
48044
48041
48041
48040
48040
48040
48038
48036
48035
48034
48033
48033
48033
48032
48031
48031
48031
48028
48027
48026
48025
48020
48019
48017
48016
48015
48014
48013
48013
48013
48009
48009
48009
48008
48007
48005
48005
48005
48002
48002
48000
48000
48000
47999
47999
47999
47998
47998
47997
47996
47996
47995
47995
47995
47990
47990
47990
47987
47986
47984
47984
47984
47982
47981
47981
47980
47980
47977
47976
47976
47976
47976
47976
47974
47973
47972
47972
47971
47971
47966
47966
47965
47965
47965
47962
47962
47962
47961
47960
47959
47958
47958
47956
47954
47954
47953
47952
47952
47951
47950
47950
47950
47949
47948
47948
47948
47947
47947
47945
47944
47943
47942
47942
47942
47942
47942
47942
47941
47941
47941
47940
47940
47938
47937
47936
47935
47935
47934
47934
47934
47934
47932
47932
47931
47930
47928
47928
47926
47926
47922
47920
47920
47919
47918
47918
47916
47914
47912
47910
47908
47908
47908
47907
47906
47906
47903
47901
47899
47897
47895
47894
47892
47891
47888
47887
47885
47884
47882
47880
47879
47878
47878
47878
47878
47878
47877
47875
47874
47867
47865
47863
47862
47860
47860
47859
47858
47857
47857
47856
47856
47855
47854
47850
47848
47846
47845
47845
47844
47844
47844
47844
47843
47842
47841
47836
47835
47833
47831
47831
47831
47830
47829
47827
47827
47825
47825
47823
47823
47822
47821
47820
47820
47819
47817
47817
47816
47816
47815
47814
47814
47812
47812
47811
47810
47807
47806
47804
47803
47803
47802
47799
47799
47798
47798
47796
47796
47794
47792
47792
47789
47788
47786
47786
47783
47783
47782
47782
47781
47780
47779
47779
47777
47777
47776
47775
47774
47773
47772
47772
47772
47769
47769
47767
47765
47762
47761
47761
47760
47759
47758
47757
47757
47756
47756
47754
47753
47751
47751
47750
47750
47749
47747
47747
47746
47746
47746
47746
47743
47743
47741
47740
47740
47739
47737
47734
47734
47733
47731
47730
47729
47729
47728
47728
47728
47725
47725
47724
47724
47723
47723
47723
47722
47718
47715
47715
47714
47714
47714
47713
47712
47711
47711
47711
47710
47707
47707
47707
47705
47705
47705
47705
47702
47702
47702
47702
47701
47699
47696
47695
47693
47693
47693
47692
47692
47691
47690
47689
47689
47688
47685
47684
47683
47682
47682
47681
47680
47679
47678
47676
47674
47674
47673
47671
47671
47671
47670
47670
47668
47667
47667
47665
47665
47663
47662
47662
47659
47659
47658
47656
47656
47655
47655
47653
47650
47650
47649
47649
47646
47643
47642
47641
47639
47637
47636
47636
47636
47635
47635
47634
47630
47628
47628
47627
47627
47627
47623
47620
47619
47618
47617
47616
47615
47614
47612
47608
47608
47607
47606
47605
47604
47602
47601
47600
47600
47598
47597
47597
47597
47596
47595
47595
47590
47588
47588
47587
47586
47586
47584
47583
47583
47582
47579
47577
47576
47576
47576
47576
47576
47576
47576
47575
47575
47574
47574
47573
47573
47572
47572
47571
47569
47569
47568
47568
47568
47568
47567
47567
47567
47565
47565
47565
47565
47564
47564
47563
47563
47562
47561
47561
47561
47560
47560
47558
47555
47555
47555
47554
47551
47549
47548
47548
47546
47546
47544
47544
47544
47544
47542
47541
47540
47539
47538
47538
47538
47537
47537
47536
47534
47534
47533
47533
47532
47529
47528
47528
47527
47526
47525
47524
47523
47522
47522
47522
47521
47521
47520
47519
47519
47518
47517
47514
47514
47514
47514
47513
47512
47512
47511
47511
47508
47503
47501
47496
47496
47495
47494
47493
47492
47492
47492
47491
47489
47487
47485
47484
47483
47482
47482
47480
47480
47479
47479
47478
47478
47478
47473
47473
47472
47471
47471
47470
47470
47469
47468
47468
47467
47467
47466
47465
47465
47464
47464
47463
47460
47459
47459
47459
47459
47458
47458
47458
47456
47454
47454
47453
47452
47451
47449
47448
47447
47447
47446
47444
47444
47443
47440
47439
47437
47437
47436
47435
47434
47434
47434
47434
47433
47433
47432
47431
47431
47430
47430
47429
47425
47423
47423
47423
47422
47421
47419
47413
47413
47412
47412
47412
47411
47410
47410
47408
47407
47407
47407
47405
47404
47401
47401
47401
47400
47399
47397
47397
47397
47396
47395
47395
47392
47392
47389
47388
47388
47388
47386
47385
47384
47381
47381
47379
47378
47378
47377
47375
47374
47374
47372
47372
47368
47368
47368
47366
47366
47366
47366
47365
47365
47365
47364
47361
47360
47359
47359
47358
47358
47357
47357
47356
47356
47355
47355
47354
47353
47352
47350
47348
47347
47346
47345
47344
47344
47344
47343
47342
47342
47341
47339
47338
47338
47338
47338
47337
47336
47335
47335
47333
47333
47333
47332
47329
47329
47328
47328
47328
47327
47327
47325
47322
47322
47319
47319
47319
47318
47318
47317
47316
47316
47315
47314
47313
47312
47312
47311
47311
47311
47311
47310
47308
47306
47306
47305
47305
47304
47304
47303
47302
47301
47300
47299
47299
47298
47297
47295
47293
47288
47287
47287
47287
47286
47284
47284
47283
47282
47281
47279
47277
47276
47275
47275
47274
47274
47274
47274
47272
47272
47272
47271
47270
47268
47268
47268
47267
47265
47264
47263
47262
47261
47260
47259
47258
47257
47256
47255
47255
47255
47255
47254
47254
47253
47251
47250
47246
47245
47244
47244
47244
47244
47243
47243
47243
47243
47242
47241
47240
47240
47239
47238
47238
47238
47236
47236
47236
47236
47235
47235
47234
47234
47233
47233
47232
47230
47230
47229
47228
47226
47225
47225
47225
47225
47224
47224
47224
47223
47223
47222
47221
47221
47219
47218
47217
47217
47216
47216
47214
47213
47212
47212
47212
47211
47210
47208
47206
47206
47206
47206
47206
47205
47204
47203
47203
47202
47200
47199
47196
47195
47192
47192
47191
47190
47188
47187
47187
47186
47186
47185
47185
47182
47180
47180
47180
47180
47178
47178
47177
47177
47176
47176
47175
47174
47173
47172
47170
47170
47167
47167
47167
47167
47162
47160
47159
47159
47158
47156
47150
47149
47148
47146
47143
47142
47138
47137
47136
47135
47135
47133
47132
47131
47129
47128
47128
47125
47123
47122
47121
47121
47121
47120
47120
47119
47116
47116
47114
47113
47113
47111
47110
47108
47105
47104
47104
47101
47100
47099
47098
47098
47098
47096
47095
47095
47095
47094
47094
47094
47094
47094
47093
47093
47091
47090
47089
47089
47088
47088
47084
47083
47082
47082
47081
47079
47076
47075
47075
47075
47075
47073
47073
47073
47072
47072
47071
47071
47070
47066
47063
47058
47057
47057
47057
47056
47055
47055
47053
47051
47050
47049
47049
47048
47048
47048
47047
47046
47046
47045
47043
47042
47041
47040
47040
47040
47040
47039
47038
47037
47037
47037
47036
47036
47036
47035
47034
47032
47030
47029
47028
47028
47027
47027
47027
47025
47024
47024
47021
47021
47020
47019
47018
47017
47015
47015
47015
47014
47014
47014
47013
47012
47011
47009
47008
47008
47008
47004
47002
47002
46997
46997
46997
46997
46996
46996
46995
46995
46993
46993
46992
46992
46992
46992
46992
46991
46990
46988
46987
46985
46985
46985
46983
46983
46983
46983
46981
46981
46980
46975
46975
46974
46974
46974
46971
46970
46969
46966
46962
46962
46958
46958
46958
46957
46950
46950
46948
46948
46946
46945
46945
46944
46942
46942
46940
46939
46939
46934
46934
46933
46933
46933
46933
46930
46930
46930
46929
46929
46928
46927
46926
46924
46924
46923
46923
46920
46918
46916
46915
46915
46915
46915
46914
46914
46914
46913
46913
46911
46911
46907
46905
46905
46905
46903
46901
46901
46897
46895
46894
46892
46892
46889
46889
46888
46888
46888
46888
46887
46885
46885
46884
46883
46882
46882
46881
46880
46879
46874
46874
46873
46873
46872
46872
46871
46869
46868
46868
46868
46867
46865
46864
46860
46860
46859
46858
46857
46856
46856
46855
46855
46854
46853
46852
46850
46849
46848
46848
46847
46846
46845
46845
46845
46845
46845
46844
46844
46844
46843
46842
46838
46838
46836
46834
46834
46833
46833
46831
46829
46828
46827
46824
46823
46823
46823
46822
46822
46822
46821
46820
46817
46817
46816
46816
46815
46813
46810
46808
46806
46804
46804
46802
46802
46800
46800
46799
46798
46798
46797
46797
46795
46794
46794
46793
46791
46790
46789
46789
46788
46788
46788
46786
46784
46783
46783
46782
46781
46780
46780
46778
46776
46774
46772
46772
46771
46771
46770
46770
46769
46768
46768
46767
46767
46766
46765
46765
46765
46764
46763
46761
46760
46758
46758
46757
46756
46756
46756
46755
46753
46753
46751
46751
46747
46747
46747
46746
46745
46745
46744
46744
46744
46742
46739
46734
46734
46732
46732
46732
46732
46728
46728
46725
46724
46724
46722
46722
46721
46720
46720
46720
46719
46717
46717
46716
46716
46716
46715
46714
46714
46712
46712
46710
46707
46707
46706
46706
46704
46704
46703
46703
46702
46701
46701
46699
46699
46698
46698
46698
46698
46698
46697
46695
46694
46692
46691
46691
46688
46683
46683
46682
46682
46682
46681
46681
46681
46680
46679
46678
46677
46677
46674
46673
46671
46670
46669
46668
46668
46668
46668
46668
46666
46665
46663
46662
46661
46660
46660
46659
46658
46658
46658
46657
46657
46657
46657
46656
46655
46654
46653
46651
46650
46650
46648
46648
46647
46647
46645
46644
46644
46644
46641
46641
46640
46639
46638
46638
46636
46635
46635
46634
46629
46628
46628
46627
46625
46624
46624
46624
46623
46622
46621
46620
46619
46619
46618
46617
46617
46616
46616
46615
46615
46614
46614
46613
46612
46611
46611
46610
46610
46606
46606
46604
46604
46601
46598
46596
46596
46593
46593
46590
46589
46589
46589
46586
46586
46586
46584
46584
46583
46583
46582
46579
46577
46576
46576
46576
46576
46574
46573
46572
46571
46571
46568
46568
46564
46563
46562
46558
46557
46556
46556
46555
46554
46551
46551
46550
46548
46547
46542
46538
46537
46537
46536
46535
46535
46534
46534
46534
46533
46531
46531
46529
46528
46528
46528
46527
46524
46524
46523
46521
46521
46520
46519
46519
46517
46514
46514
46513
46511
46511
46510
46510
46509
46508
46508
46507
46506
46504
46502
46501
46500
46500
46500
46498
46497
46497
46495
46494
46494
46493
46493
46491
46491
46489
46489
46488
46485
46483
46483
46482
46480
46479
46478
46478
46478
46477
46477
46476
46476
46474
46472
46470
46470
46470
46469
46469
46469
46466
46466
46465
46465
46464
46462
46460
46460
46459
46457
46457
46456
46456
46456
46455
46455
46455
46452
46452
46451
46450
46448
46448
46448
46448
46448
46444
46444
46442
46441
46441
46440
46439
46439
46439
46438
46438
46436
46435
46433
46433
46431
46431
46430
46429
46429
46428
46428
46425
46424
46423
46423
46422
46421
46420
46420
46420
46418
46416
46415
46415
46414
46410
46407
46407
46405
46405
46405
46405
46404
46404
46403
46403
46401
46400
46400
46400
46399
46398
46396
46395
46394
46393
46391
46391
46390
46390
46389
46388
46387
46385
46384
46383
46383
46381
46381
46380
46378
46378
46373
46371
46370
46369
46369
46369
46369
46368
46368
46367
46366
46365
46364
46364
46363
46363
46361
46360
46359
46358
46358
46358
46357
46357
46356
46355
46355
46352
46348
46345
46344
46344
46340
46338
46337
46336
46335
46334
46333
46332
46330
46330
46329
46328
46328
46327
46326
46326
46326
46325
46321
46318
46318
46316
46315
46314
46313
46312
46311
46311
46311
46309
46308
46308
46307
46307
46304
46303
46302
46300
46298
46298
46297
46296
46292
46291
46288
46287
46286
46286
46285
46284
46280
46279
46277
46276
46275
46272
46271
46268
46267
46265
46263
46262
46261
46260
46260
46258
46258
46256
46256
46256
46256
46254
46252
46251
46251
46250
46249
46249
46248
46248
46246
46246
46245
46244
46243
46242
46242
46241
46241
46241
46240
46238
46238
46237
46235
46234
46233
46232
46231
46230
46229
46229
46228
46228
46226
46225
46224
46224
46221
46220
46220
46219
46219
46219
46218
46218
46217
46216
46214
46214
46214
46211
46210
46210
46209
46209
46209
46208
46207
46206
46205
46203
46202
46202
46202
46196
46193
46192
46191
46191
46190
46190
46189
46189
46189
46188
46188
46186
46185
46185
46185
46183
46182
46182
46181
46181
46181
46181
46180
46180
46179
46179
46178
46175
46173
46172
46171
46168
46165
46165
46164
46164
46162
46161
46160
46159
46159
46157
46157
46157
46156
46156
46155
46154
46154
46154
46150
46150
46149
46148
46146
46146
46146
46146
46143
46142
46139
46137
46136
46136
46136
46134
46133
46132
46132
46132
46131
46130
46128
46127
46127
46126
46126
46122
46122
46122
46121
46120
46120
46120
46119
46117
46115
46113
46113
46111
46111
46107
46105
46103
46102
46101
46099
46099
46098
46097
46096
46095
46095
46094
46093
46093
46092
46092
46091
46091
46089
46088
46087
46086
46085
46084
46084
46083
46082
46079
46076
46076
46074
46074
46074
46074
46073
46073
46071
46067
46067
46067
46065
46064
46063
46060
46059
46059
46059
46058
46058
46058
46057
46057
46057
46056
46055
46055
46055
46055
46053
46053
46051
46051
46049
46048
46048
46045
46045
46044
46041
46040
46040
46039
46037
46036
46034
46034
46034
46030
46030
46029
46025
46025
46023
46021
46021
46021
46018
46015
46014
46013
46013
46013
46012
46012
46012
46011
46010
46008
46007
46007
46005
46002
46000
46000
45997
45993
45992
45990
45990
45988
45988
45988
45987
45987
45987
45986
45985
45985
45984
45984
45980
45979
45979
45977
45975
45974
45968
45967
45966
45965
45964
45964
45964
45964
45963
45962
45960
45959
45957
45956
45956
45953
45953
45953
45951
45949
45949
45948
45947
45945
45944
45944
45944
45944
45943
45941
45941
45940
45939
45938
45936
45935
45935
45933
45932
45930
45929
45929
45927
45926
45925
45925
45924
45921
45920
45919
45918
45917
45916
45916
45914
45914
45906
45905
45904
45902
45902
45901
45900
45900
45899
45898
45898
45893
45891
45887
45886
45886
45886
45885
45885
45884
45883
45881
45880
45877
45876
45875
45874
45874
45871
45870
45870
45869
45867
45864
45864
45861
45859
45858
45858
45858
45856
45856
45854
45852
45851
45851
45851
45850
45850
45849
45849
45849
45848
45848
45847
45846
45845
45844
45843
45842
45841
45839
45838
45838
45836
45836
45836
45836
45835
45834
45833
45831
45830
45830
45829
45827
45827
45824
45822
45820
45820
45819
45819
45819
45819
45819
45818
45818
45818
45818
45818
45817
45815
45815
45814
45812
45811
45811
45810
45810
45808
45808
45808
45807
45805
45804
45803
45799
45797
45796
45794
45794
45791
45790
45790
45789
45788
45786
45784
45783
45783
45783
45782
45781
45781
45779
45777
45777
45774
45771
45770
45770
45770
45765
45764
45764
45763
45762
45762
45761
45760
45760
45759
45759
45758
45757
45756
45755
45753
45752
45751
45751
45748
45747
45747
45747
45746
45744
45744
45743
45742
45741
45741
45740
45738
45735
45735
45735
45734
45733
45732
45731
45731
45730
45730
45730
45730
45729
45729
45726
45724
45723
45723
45723
45721
45721
45718
45717
45717
45715
45715
45713
45713
45713
45711
45710
45710
45709
45708
45706
45706
45704
45704
45703
45703
45703
45702
45702
45701
45700
45698
45698
45698
45696
45696
45695
45693
45693
45693
45691
45690
45689
45688
45687
45687
45686
45684
45681
45681
45679
45679
45677
45675
45674
45673
45671
45670
45670
45670
45668
45667
45663
45662
45662
45662
45661
45661
45661
45660
45657
45656
45655
45654
45653
45651
45647
45646
45646
45646
45645
45644
45643
45641
45640
45638
45637
45637
45637
45637
45636
45635
45635
45635
45634
45634
45633
45631
45631
45629
45628
45628
45628
45628
45627
45625
45624
45623
45623
45621
45619
45619
45619
45619
45618
45614
45614
45613
45610
45610
45608
45608
45608
45607
45606
45605
45605
45603
45602
45602
45601
45600
45599
45599
45599
45599
45599
45598
45597
45594
45592
45592
45590
45589
45588
45588
45586
45586
45585
45585
45584
45583
45583
45580
45578
45578
45577
45576
45576
45575
45572
45572
45572
45571
45570
45570
45569
45568
45565
45564
45563
45560
45559
45557
45557
45556
45555
45555
45552
45551
45551
45550
45549
45548
45547
45545
45545
45544
45543
45543
45542
45542
45541
45541
45539
45536
45535
45533
45530
45530
45530
45528
45528
45527
45527
45527
45527
45526
45526
45525
45525
45523
45522
45522
45522
45520
45519
45519
45517
45516
45516
45514
45513
45513
45512
45510
45509
45509
45509
45508
45507
45502
45500
45499
45498
45498
45498
45498
45498
45497
45496
45494
45493
45492
45492
45487
45487
45486
45486
45483
45482
45481
45481
45480
45479
45477
45477
45475
45474
45473
45472
45471
45471
45470
45467
45465
45462
45462
45462
45460
45460
45458
45457
45457
45456
45455
45454
45451
45451
45450
45450
45450
45448
45448
45445
45445
45443
45442
45442
45442
45442
45442
45440
45438
45438
45436
45434
45434
45432
45432
45431
45430
45429
45429
45429
45429
45429
45425
45424
45423
45423
45420
45419
45419
45418
45418
45415
45414
45414
45412
45409
45408
45407
45407
45405
45403
45403
45402
45400
45399
45399
45398
45397
45396
45394
45392
45390
45386
45385
45383
45383
45382
45382
45381
45381
45381
45380
45379
45379
45379
45379
45376
45376
45376
45375
45368
45367
45365
45362
45361
45357
45353
45353
45353
45353
45353
45353
45352
45350
45348
45347
45347
45347
45346
45346
45346
45345
45345
45345
45345
45343
45343
45341
45340
45340
45340
45339
45339
45338
45337
45337
45334
45331
45331
45331
45331
45330
45329
45327
45327
45327
45326
45323
45323
45323
45322
45321
45318
45318
45317
45316
45316
45315
45314
45311
45311
45310
45309
45307
45307
45305
45304
45304
45303
45302
45300
45300
45299
45298
45297
45296
45295
45295
45293
45292
45291
45289
45289
45288
45287
45287
45283
45283
45282
45279
45277
45277
45277
45276
45276
45275
45275
45271
45271
45270
45270
45270
45268
45267
45267
45266
45264
45264
45263
45263
45261
45261
45260
45259
45259
45258
45257
45257
45256
45256
45256
45255
45255
45254
45254
45252
45251
45250
45249
45249
45248
45247
45246
45245
45244
45244
45242
45239
45239
45236
45235
45235
45233
45233
45232
45232
45232
45231
45231
45231
45230
45229
45227
45226
45226
45224
45223
45222
45220
45219
45217
45217
45215
45213
45213
45212
45209
45207
45207
45205
45205
45201
45201
45199
45199
45198
45197
45196
45196
45196
45195
45195
45193
45192
45192
45192
45192
45192
45191
45191
45190
45190
45187
45187
45187
45186
45186
45185
45184
45184
45183
45183
45183
45182
45180
45180
45180
45180
45176
45174
45172
45171
45170
45170
45169
45169
45167
45167
45164
45162
45162
45162
45159
45159
45157
45157
45157
45156
45155
45154
45154
45153
45152
45152
45151
45151
45144
45141
45137
45137
45137
45137
45136
45135
45134
45133
45133
45132
45132
45131
45131
45130
45128
45128
45128
45127
45124
45122
45122
45121
45119
45118
45116
45115
45111
45110
45108
45108
45107
45105
45105
45104
45103
45102
45102
45100
45100
45099
45097
45097
45096
45095
45094
45092
45091
45091
45090
45089
45086
45086
45086
45084
45080
45080
45078
45078
45075
45071
45070
45068
45066
45066
45066
45065
45065
45064
45064
45063
45063
45062
45060
45060
45059
45057
45057
45056
45056
45053
45053
45053
45053
45052
45051
45051
45050
45049
45048
45047
45045
45045
45044
45044
45042
45041
45038
45035
45034
45033
45032
45029
45025
45024
45024
45022
45021
45020
45019
45019
45018
45016
45016
45016
45016
45013
45013
45012
45012
45008
45008
45007
45007
45000
44998
44998
44996
44993
44993
44993
44993
44992
44991
44991
44991
44990
44989
44989
44988
44988
44988
44988
44986
44986
44985
44985
44984
44981
44978
44977
44977
44974
44974
44973
44973
44972
44972
44970
44970
44969
44968
44966
44966
44964
44963
44963
44959
44959
44959
44957
44957
44956
44956
44955
44955
44954
44953
44951
44951
44950
44948
44947
44946
44946
44946
44945
44945
44944
44944
44944
44940
44940
44939
44939
44938
44936
44933
44932
44929
44928
44928
44928
44927
44926
44923
44923
44923
44921
44919
44919
44918
44917
44917
44916
44916
44916
44915
44913
44912
44912
44910
44910
44908
44908
44907
44906
44905
44903
44901
44901
44899
44898
44895
44894
44893
44893
44888
44887
44886
44885
44884
44884
44882
44881
44879
44876
44875
44875
44874
44873
44869
44868
44868
44867
44866
44865
44862
44861
44860
44859
44859
44859
44857
44856
44856
44856
44855
44855
44854
44853
44853
44853
44852
44848
44846
44846
44845
44845
44845
44844
44843
44841
44841
44841
44839
44836
44835
44834
44834
44834
44833
44833
44832
44832
44831
44827
44826
44825
44825
44823
44821
44821
44819
44816
44815
44815
44815
44815
44813
44812
44811
44810
44809
44809
44808
44805
44805
44804
44804
44803
44803
44800
44800
44797
44797
44797
44796
44794
44793
44793
44791
44791
44791
44790
44790
44789
44786
44785
44784
44784
44782
44782
44781
44781
44781
44780
44777
44774
44773
44773
44772
44771
44771
44771
44770
44769
44767
44767
44766
44763
44763
44762
44762
44760
44759
44759
44759
44758
44756
44756
44755
44755
44754
44752
44751
44751
44751
44744
44743
44743
44742
44742
44742
44741
44740
44738
44736
44736
44735
44735
44734
44732
44731
44729
44729
44727
44727
44726
44724
44721
44720
44718
44718
44717
44716
44715
44712
44712
44711
44711
44708
44705
44705
44703
44702
44701
44700
44699
44696
44696
44695
44695
44693
44692
44692
44691
44691
44690
44690
44689
44687
44687
44685
44684
44683
44682
44677
44677
44677
44676
44676
44673
44672
44670
44670
44669
44668
44665
44665
44665
44664
44662
44660
44658
44657
44656
44655
44655
44654
44652
44651
44650
44648
44647
44646
44644
44644
44644
44643
44642
44640
44640
44640
44639
44639
44638
44638
44637
44637
44636
44635
44634
44634
44632
44632
44631
44628
44628
44628
44628
44627
44626
44625
44624
44624
44624
44624
44624
44622
44619
44618
44618
44615
44615
44615
44613
44613
44612
44610
44608
44608
44607
44606
44606
44605
44603
44602
44602
44601
44601
44600
44599
44596
44594
44592
44592
44592
44590
44589
44588
44588
44587
44587
44586
44583
44582
44581
44581
44579
44578
44574
44573
44573
44573
44573
44572
44572
44571
44571
44570
44569
44566
44566
44566
44565
44564
44564
44563
44563
44563
44562
44561
44558
44558
44557
44557
44556
44556
44556
44553
44552
44552
44551
44550
44548
44546
44546
44546
44545
44544
44542
44541
44540
44540
44539
44538
44538
44537
44537
44536
44535
44535
44535
44533
44532
44532
44532
44529
44528
44527
44527
44526
44526
44526
44525
44524
44523
44522
44522
44522
44521
44519
44517
44517
44513
44513
44512
44512
44511
44510
44510
44507
44506
44506
44503
44502
44500
44499
44499
44498
44496
44495
44495
44494
44493
44493
44492
44492
44490
44489
44485
44484
44483
44483
44482
44482
44481
44481
44478
44476
44475
44473
44472
44471
44471
44471
44470
44469
44469
44468
44467
44467
44466
44466
44464
44464
44462
44462
44462
44461
44461
44460
44458
44458
44456
44454
44453
44453
44452
44452
44452
44451
44450
44450
44449
44447
44447
44446
44445
44445
44445
44442
44442
44442
44441
44440
44439
44438
44438
44436
44431
44431
44430
44429
44429
44428
44428
44428
44427
44426
44419
44419
44418
44418
44417
44415
44414
44414
44413
44413
44413
44413
44411
44411
44411
44410
44410
44409
44409
44408
44408
44405
44404
44404
44402
44402
44401
44401
44401
44400
44397
44397
44391
44391
44390
44389
44389
44388
44385
44385
44384
44384
44383
44383
44382
44378
44377
44377
44376
44375
44375
44375
44374
44373
44373
44372
44372
44371
44371
44370
44369
44366
44365
44364
44362
44361
44361
44361
44359
44358
44358
44355
44355
44352
44350
44350
44348
44348
44346
44345
44344
44344
44343
44341
44340
44339
44338
44338
44336
44335
44332
44331
44330
44329
44328
44327
44327
44327
44326
44325
44323
44323
44323
44322
44322
44322
44321
44321
44320
44320
44320
44319
44317
44316
44316
44315
44315
44314
44314
44314
44314
44314
44313
44313
44312
44312
44311
44310
44308
44308
44306
44305
44304
44304
44303
44303
44303
44303
44302
44302
44301
44301
44300
44299
44297
44297
44294
44293
44291
44288
44287
44287
44286
44286
44286
44285
44284
44284
44284
44282
44281
44281
44279
44277
44277
44276
44276
44274
44273
44273
44273
44272
44272
44269
44267
44266
44265
44262
44262
44262
44262
44260
44258
44257
44257
44254
44253
44253
44249
44248
44246
44244
44244
44243
44241
44241
44240
44239
44237
44235
44234
44234
44234
44234
44231
44229
44227
44226
44225
44225
44219
44218
44217
44216
44215
44214
44214
44214
44212
44210
44210
44210
44210
44210
44209
44208
44207
44206
44205
44205
44204
44204
44202
44202
44200
44200
44200
44199
44198
44197
44196
44192
44191
44191
44189
44189
44183
44182
44182
44181
44180
44180
44180
44180
44178
44176
44176
44175
44175
44174
44174
44171
44169
44169
44167
44167
44166
44166
44165
44163
44163
44162
44162
44161
44161
44161
44161
44160
44160
44159
44158
44157
44156
44155
44155
44151
44150
44149
44148
44147
44147
44146
44146
44146
44146
44144
44142
44141
44141
44139
44138
44138
44137
44137
44136
44135
44133
44131
44131
44130
44129
44128
44127
44127
44127
44126
44125
44123
44123
44121
44121
44117
44117
44116
44115
44115
44110
44109
44109
44108
44108
44105
44105
44104
44104
44101
44101
44100
44098
44097
44097
44096
44094
44085
44084
44082
44079
44078
44077
44074
44074
44073
44073
44073
44068
44067
44066
44066
44065
44064
44064
44062
44061
44059
44059
44058
44056
44055
44054
44053
44050
44049
44049
44048
44048
44048
44047
44047
44047
44046
44046
44046
44045
44045
44044
44042
44041
44039
44038
44038
44036
44035
44034
44033
44033
44030
44029
44028
44027
44027
44026
44026
44024
44020
44017
44017
44016
44016
44016
44013
44012
44010
44007
44006
44005
44005
44004
44003
44003
44000
44000
43999
43996
43996
43993
43992
43992
43990
43990
43987
43986
43984
43983
43983
43981
43980
43978
43978
43978
43978
43976
43976
43974
43973
43973
43973
43971
43971
43971
43970
43968
43968
43967
43965
43963
43960
43959
43959
43958
43958
43957
43956
43956
43956
43953
43951
43951
43951
43950
43950
43950
43949
43949
43948
43947
43947
43947
43945
43945
43944
43944
43943
43942
43941
43940
43939
43938
43938
43938
43936
43935
43935
43935
43933
43933
43932
43927
43924
43923
43922
43920
43919
43919
43918
43917
43916
43914
43912
43911
43911
43910
43907
43907
43907
43906
43906
43904
43904
43904
43902
43901
43899
43899
43897
43897
43897
43896
43895
43892
43891
43889
43886
43885
43885
43883
43883
43882
43881
43880
43880
43880
43879
43876
43874
43874
43873
43873
43872
43871
43870
43869
43869
43869
43868
43867
43867
43863
43861
43861
43861
43860
43860
43859
43858
43858
43856
43856
43856
43855
43854
43854
43853
43853
43853
43849
43849
43848
43847
43847
43847
43845
43845
43841
43839
43838
43838
43838
43835
43834
43832
43831
43831
43830
43830
43830
43828
43828
43827
43825
43825
43825
43822
43821
43819
43819
43818
43815
43813
43813
43812
43812
43811
43809
43809
43808
43806
43805
43804
43804
43800
43798
43795
43795
43794
43794
43794
43793
43791
43791
43791
43789
43789
43786
43786
43786
43783
43781
43781
43780
43779
43779
43778
43775
43775
43774
43771
43770
43770
43767
43766
43763
43763
43761
43760
43758
43756
43753
43752
43751
43749
43749
43748
43748
43747
43747
43746
43746
43745
43745
43745
43744
43744
43740
43739
43737
43734
43734
43734
43734
43733
43732
43731
43729
43729
43728
43728
43727
43726
43725
43724
43722
43722
43720
43718
43718
43718
43718
43717
43717
43716
43716
43715
43715
43714
43713
43711
43711
43708
43707
43706
43704
43701
43700
43696
43695
43695
43694
43694
43693
43693
43692
43692
43692
43691
43689
43686
43685
43685
43685
43683
43680
43680
43674
43673
43672
43671
43671
43671
43670
43669
43669
43669
43669
43667
43667
43666
43665
43665
43664
43664
43664
43664
43663
43663
43663
43663
43661
43660
43659
43659
43658
43657
43657
43656
43654
43654
43651
43651
43644
43643
43643
43642
43641
43641
43641
43641
43640
43639
43639
43639
43638
43633
43631
43630
43629
43628
43624
43623
43619
43618
43617
43616
43616
43616
43616
43612
43612
43612
43612
43611
43610
43610
43609
43609
43608
43607
43606
43605
43605
43604
43603
43601
43600
43599
43597
43596
43596
43594
43594
43592
43591
43589
43589
43587
43586
43585
43584
43582
43581
43581
43580
43576
43574
43573
43573
43573
43571
43570
43570
43569
43567
43565
43565
43565
43564
43564
43564
43561
43560
43559
43559
43558
43556
43556
43556
43556
43556
43555
43555
43552
43552
43552
43550
43550
43550
43549
43545
43544
43542
43540
43539
43538
43536
43535
43535
43534
43532
43531
43531
43531
43530
43528
43526
43523
43523
43522
43521
43519
43519
43518
43517
43517
43517
43515
43515
43512
43512
43512
43511
43510
43507
43507
43505
43505
43502
43502
43500
43500
43494
43492
43492
43491
43487
43483
43483
43483
43483
43482
43482
43481
43481
43479
43478
43477
43476
43472
43470
43470
43469
43469
43468
43465
43464
43460
43459
43458
43457
43454
43453
43453
43452
43452
43451
43450
43449
43449
43449
43449
43448
43448
43446
43444
43443
43443
43443
43441
43440
43438
43438
43438
43438
43438
43437
43437
43434
43432
43431
43430
43429
43428
43428
43428
43428
43427
43427
43427
43426
43426
43423
43423
43421
43421
43420
43419
43418
43418
43417
43417
43416
43414
43414
43413
43413
43411
43410
43410
43408
43405
43404
43403
43402
43401
43400
43400
43399
43398
43397
43397
43396
43396
43396
43395
43391
43389
43389
43388
43387
43386
43385
43384
43384
43384
43377
43376
43375
43374
43374
43373
43373
43372
43372
43368
43367
43365
43364
43364
43360
43359
43359
43358
43358
43356
43356
43354
43354
43353
43351
43351
43349
43347
43346
43345
43343
43342
43342
43341
43340
43340
43339
43339
43336
43336
43335
43335
43331
43331
43330
43330
43328
43327
43327
43325
43324
43323
43323
43323
43322
43321
43319
43317
43316
43315
43315
43315
43314
43313
43312
43312
43312
43312
43309
43308
43307
43306
43306
43304
43301
43300
43299
43298
43297
43297
43295
43295
43295
43294
43294
43292
43291
43291
43289
43288
43284
43284
43283
43283
43280
43279
43279
43279
43276
43274
43272
43270
43270
43270
43269
43265
43264
43264
43263
43262
43261
43261
43259
43258
43255
43254
43254
43253
43251
43250
43248
43248
43248
43247
43245
43244
43243
43241
43241
43241
43240
43239
43236
43236
43235
43232
43232
43231
43230
43227
43226
43226
43226
43223
43220
43220
43220
43219
43218
43217
43216
43216
43215
43213
43212
43212
43210
43210
43205
43205
43204
43201
43199
43198
43198
43198
43196
43195
43194
43193
43192
43192
43190
43190
43190
43190
43189
43189
43188
43187
43187
43186
43185
43185
43185
43184
43182
43182
43181
43181
43181
43180
43180
43178
43178
43178
43176
43175
43175
43173
43173
43172
43171
43171
43171
43171
43170
43169
43168
43166
43166
43164
43163
43162
43162
43161
43161
43161
43160
43159
43159
43158
43156
43154
43153
43152
43152
43152
43151
43149
43149
43148
43147
43146
43143
43142
43142
43141
43139
43136
43135
43134
43134
43132
43131
43129
43128
43125
43124
43123
43123
43121
43121
43120
43119
43117
43115
43115
43114
43114
43113
43113
43109
43109
43109
43106
43106
43106
43103
43101
43099
43099
43097
43097
43096
43096
43095
43093
43093
43092
43091
43089
43088
43088
43086
43084
43084
43083
43083
43083
43082
43079
43077
43077
43076
43076
43076
43075
43075
43072
43071
43068
43066
43066
43065
43065
43064
43063
43062
43062
43061
43058
43058
43057
43051
43051
43051
43050
43049
43049
43049
43048
43048
43044
43043
43043
43040
43036
43035
43035
43034
43032
43031
43031
43031
43028
43027
43025
43023
43022
43021
43021
43020
43020
43019
43018
43014
43014
43012
43012
43011
43009
43008
43008
43008
43004
43003
43002
43002
43002
42999
42997
42996
42995
42994
42993
42993
42991
42991
42988
42985
42983
42983
42980
42979
42978
42978
42977
42976
42975
42975
42973
42969
42969
42969
42968
42966
42965
42964
42964
42964
42962
42962
42962
42959
42958
42957
42956
42955
42955
42955
42954
42948
42947
42946
42945
42943
42943
42943
42939
42939
42929
42927
42926
42926
42925
42924
42923
42922
42921
42921
42921
42920
42920
42918
42918
42917
42915
42915
42914
42913
42908
42908
42906
42906
42906
42904
42904
42904
42904
42902
42900
42900
42898
42897
42895
42893
42892
42889
42887
42886
42884
42882
42880
42879
42876
42875
42875
42875
42874
42872
42872
42872
42871
42870
42870
42869
42869
42869
42866
42866
42866
42865
42864
42864
42863
42863
42862
42860
42860
42857
42855
42854
42853
42852
42852
42852
42849
42849
42848
42847
42847
42845
42842
42842
42842
42842
42842
42841
42841
42840
42838
42836
42836
42835
42834
42834
42831
42829
42829
42829
42826
42826
42823
42823
42822
42822
42822
42821
42820
42818
42815
42815
42813
42813
42811
42809
42808
42806
42805
42805
42805
42804
42803
42802
42802
42800
42799
42797
42797
42792
42792
42789
42789
42788
42788
42788
42785
42784
42784
42782
42781
42780
42779
42779
42776
42773
42771
42771
42770
42769
42768
42767
42764
42762
42762
42762
42762
42760
42759
42758
42757
42752
42751
42750
42750
42750
42750
42749
42748
42747
42747
42746
42746
42746
42745
42744
42743
42743
42741
42740
42737
42737
42737
42736
42735
42733
42733
42729
42728
42728
42728
42725
42725
42724
42724
42723
42722
42722
42720
42720
42719
42719
42717
42717
42715
42713
42712
42711
42708
42708
42707
42707
42706
42706
42701
42701
42701
42700
42697
42696
42696
42694
42694
42694
42694
42692
42692
42688
42687
42685
42685
42684
42682
42681
42681
42681
42680
42679
42678
42678
42678
42673
42673
42671
42671
42669
42667
42666
42666
42666
42664
42661
42660
42659
42659
42658
42657
42657
42654
42654
42652
42651
42650
42650
42649
42648
42648
42647
42646
42645
42645
42641
42640
42640
42640
42640
42638
42637
42636
42636
42635
42633
42631
42629
42627
42627
42626
42623
42623
42621
42619
42619
42618
42618
42616
42615
42612
42611
42610
42609
42606
42606
42605
42605
42605
42603
42603
42601
42597
42596
42595
42594
42592
42592
42591
42590
42589
42587
42586
42585
42585
42584
42584
42583
42583
42581
42580
42579
42575
42574
42573
42571
42571
42571
42570
42568
42568
42567
42566
42566
42566
42566
42565
42565
42564
42564
42562
42562
42562
42562
42562
42561
42560
42559
42558
42558
42558
42555
42554
42553
42551
42550
42550
42550
42550
42549
42549
42548
42548
42548
42547
42547
42543
42543
42542
42542
42540
42537
42537
42536
42535
42533
42532
42531
42529
42529
42528
42528
42528
42528
42527
42527
42527
42526
42525
42524
42524
42523
42523
42522
42519
42518
42518
42516
42516
42515
42513
42512
42511
42511
42510
42508
42506
42504
42503
42503
42502
42502
42502
42501
42501
42500
42500
42499
42498
42498
42497
42493
42491
42491
42491
42491
42490
42488
42487
42486
42485
42485
42482
42481
42480
42479
42479
42477
42473
42472
42472
42464
42461
42460
42459
42458
42457
42456
42456
42455
42452
42449
42449
42448
42448
42448
42445
42443
42441
42439
42438
42438
42438
42434
42430
42429
42428
42426
42423
42421
42421
42421
42421
42421
42420
42418
42418
42417
42416
42415
42414
42414
42414
42410
42409
42409
42409
42408
42406
42406
42402
42400
42399
42399
42399
42398
42397
42392
42392
42392
42390
42390
42388
42386
42386
42385
42384
42383
42380
42379
42378
42376
42374
42374
42374
42373
42372
42372
42371
42371
42371
42370
42369
42368
42366
42366
42363
42362
42361
42361
42359
42358
42357
42354
42353
42352
42352
42351
42351
42351
42351
42350
42350
42349
42348
42345
42344
42342
42341
42340
42340
42339
42338
42338
42337
42336
42334
42333
42333
42333
42329
42329
42329
42328
42327
42326
42326
42325
42325
42323
42322
42322
42318
42316
42313
42311
42311
42311
42310
42310
42308
42307
42307
42306
42305
42304
42303
42303
42301
42300
42300
42298
42298
42297
42297
42294
42294
42294
42294
42293
42292
42289
42286
42286
42283
42282
42280
42280
42279
42275
42275
42274
42274
42273
42269
42269
42268
42268
42268
42268
42268
42267
42266
42266
42265
42264
42264
42259
42259
42255
42255
42252
42252
42251
42250
42250
42249
42245
42245
42242
42241
42240
42239
42236
42236
42235
42233
42231
42231
42229
42228
42227
42225
42222
42221
42220
42220
42219
42218
42217
42216
42214
42213
42213
42213
42213
42211
42211
42211
42210
42210
42208
42208
42208
42208
42207
42205
42205
42203
42202
42199
42199
42197
42196
42196
42195
42193
42193
42192
42192
42192
42192
42192
42188
42188
42184
42181
42180
42180
42179
42178
42178
42177
42176
42176
42175
42174
42172
42172
42172
42172
42171
42171
42167
42167
42167
42164
42163
42163
42162
42160
42160
42158
42158
42156
42155
42155
42154
42154
42153
42152
42150
42150
42149
42148
42147
42147
42146
42143
42143
42138
42138
42136
42136
42135
42135
42133
42133
42128
42127
42127
42125
42125
42124
42121
42119
42119
42118
42118
42118
42118
42115
42110
42108
42106
42105
42104
42103
42102
42102
42101
42101
42100
42098
42097
42097
42095
42094
42094
42092
42091
42091
42090
42089
42089
42089
42089
42088
42087
42085
42085
42084
42084
42083
42083
42082
42079
42078
42077
42075
42073
42072
42070
42070
42069
42069
42066
42065
42065
42062
42061
42060
42059
42057
42052
42049
42048
42047
42047
42045
42044
42041
42041
42041
42040
42039
42038
42038
42036
42036
42035
42034
42033
42033
42032
42032
42029
42028
42027
42027
42026
42024
42024
42023
42022
42022
42021
42020
42020
42019
42018
42012
42012
42010
42009
42009
42008
42008
42007
42006
42006
42005
42003
42000
42000
41998
41998
41997
41997
41995
41995
41994
41994
41992
41992
41991
41989
41989
41988
41987
41987
41987
41987
41986
41984
41983
41983
41982
41982
41982
41982
41979
41979
41976
41975
41975
41974
41973
41973
41972
41969
41968
41968
41967
41966
41966
41965
41965
41964
41962
41960
41959
41959
41957
41956
41956
41955
41954
41952
41951
41949
41947
41947
41946
41944
41942
41941
41941
41937
41937
41936
41933
41933
41932
41932
41932
41931
41928
41927
41927
41926
41926
41923
41922
41922
41922
41922
41921
41920
41919
41918
41918
41918
41917
41916
41916
41916
41916
41914
41913
41911
41910
41909
41909
41909
41909
41909
41908
41907
41906
41906
41906
41903
41903
41900
41900
41900
41900
41899
41899
41898
41897
41896
41895
41894
41894
41891
41891
41890
41887
41887
41887
41886
41883
41882
41882
41879
41877
41876
41875
41875
41873
41873
41873
41872
41871
41870
41870
41870
41868
41868
41866
41866
41863
41863
41863
41862
41860
41860
41859
41858
41858
41856
41856
41856
41854
41854
41852
41852
41851
41849
41844
41843
41840
41840
41836
41835
41835
41834
41833
41832
41832
41832
41829
41827
41826
41826
41826
41825
41824
41822
41822
41821
41821
41820
41818
41817
41816
41816
41816
41812
41811
41809
41807
41806
41805
41803
41802
41801
41801
41800
41800
41799
41798
41796
41794
41793
41792
41789
41788
41787
41787
41784
41784
41780
41779
41779
41778
41778
41777
41777
41776
41776
41775
41774
41774
41772
41772
41771
41769
41768
41767
41766
41764
41759
41759
41759
41757
41756
41756
41754
41753
41753
41752
41751
41749
41749
41749
41748
41747
41746
41745
41745
41743
41742
41741
41740
41739
41738
41738
41737
41737
41735
41735
41735
41734
41733
41733
41732
41731
41730
41728
41726
41722
41721
41720
41720
41719
41717
41717
41713
41713
41710
41705
41705
41703
41703
41702
41702
41702
41701
41701
41700
41698
41698
41698
41698
41698
41697
41697
41696
41696
41694
41692
41692
41692
41689
41689
41686
41686
41683
41681
41679
41679
41678
41678
41677
41677
41676
41676
41676
41674
41674
41673
41671
41667
41666
41665
41664
41664
41662
41661
41661
41661
41660
41657
41656
41656
41656
41654
41653
41652
41651
41651
41651
41650
41650
41648
41646
41644
41640
41639
41638
41638
41637
41635
41635
41634
41634
41632
41631
41631
41630
41629
41628
41628
41627
41627
41626
41626
41626
41625
41625
41625
41623
41623
41621
41620
41620
41619
41618
41617
41616
41611
41611
41609
41609
41609
41609
41608
41607
41607
41607
41604
41603
41603
41602
41602
41600
41599
41599
41598
41598
41597
41597
41595
41593
41589
41588
41587
41587
41585
41584
41584
41584
41583
41582
41578
41578
41574
41574
41572
41572
41571
41570
41570
41569
41567
41567
41566
41565
41565
41562
41561
41561
41561
41559
41558
41557
41557
41556
41556
41556
41555
41553
41551
41550
41549
41549
41545
41544
41543
41542
41540
41539
41538
41538
41535
41535
41535
41534
41533
41532
41531
41525
41525
41524
41522
41522
41520
41517
41516
41514
41513
41512
41512
41511
41511
41510
41510
41509
41509
41509
41509
41508
41507
41507
41507
41505
41505
41502
41502
41502
41501
41501
41500
41500
41499
41498
41498
41497
41496
41494
41490
41489
41488
41488
41487
41483
41481
41481
41479
41477
41474
41473
41471
41470
41468
41465
41464
41464
41464
41463
41463
41462
41462
41459
41458
41458
41456
41456
41454
41450
41449
41447
41447
41446
41446
41445
41443
41442
41442
41441
41440
41439
41438
41438
41438
41436
41435
41435
41435
41434
41433
41432
41430
41430
41430
41430
41428
41428
41428
41427
41425
41425
41425
41423
41422
41422
41420
41419
41416
41416
41413
41413
41411
41410
41409
41407
41406
41405
41404
41403
41403
41402
41402
41402
41401
41400
41400
41399
41399
41397
41397
41395
41395
41394
41394
41393
41391
41390
41389
41388
41388
41388
41387
41387
41386
41385
41385
41384
41383
41383
41380
41380
41378
41378
41378
41377
41377
41375
41375
41374
41374
41373
41373
41370
41365
41364
41363
41363
41362
41361
41361
41357
41356
41355
41355
41352
41352
41350
41349
41348
41346
41346
41345
41345
41344
41344
41343
41343
41343
41342
41339
41338
41338
41336
41335
41334
41333
41333
41333
41331
41331
41330
41330
41329
41329
41329
41325
41322
41321
41321
41321
41320
41319
41318
41317
41316
41315
41314
41314
41313
41311
41310
41310
41308
41308
41308
41307
41307
41306
41306
41303
41301
41299
41299
41298
41297
41296
41296
41295
41294
41292
41291
41290
41290
41287
41287
41286
41283
41283
41280
41279
41279
41279
41279
41277
41276
41276
41276
41276
41276
41275
41274
41273
41272
41272
41270
41270
41268
41268
41268
41267
41262
41262
41262
41260
41259
41258
41258
41257
41256
41256
41255
41254
41252
41252
41249
41248
41248
41247
41246
41244
41244
41243
41243
41243
41242
41241
41240
41240
41240
41234
41232
41232
41231
41230
41230
41228
41222
41220
41219
41218
41217
41215
41215
41214
41213
41213
41210
41210
41209
41208
41208
41207
41206
41204
41202
41199
41197
41197
41196
41196
41193
41193
41192
41191
41190
41188
41187
41187
41186
41184
41183
41181
41180
41180
41179
41178
41178
41177
41176
41175
41174
41172
41172
41172
41168
41167
41167
41166
41164
41162
41162
41161
41160
41159
41159
41159
41158
41158
41157
41157
41156
41155
41154
41153
41152
41152
41148
41148
41148
41146
41146
41146
41145
41142
41141
41140
41140
41139
41139
41139
41138
41138
41138
41137
41136
41135
41135
41131
41131
41130
41130
41130
41129
41129
41128
41126
41125
41124
41123
41121
41120
41120
41119
41118
41117
41117
41116
41115
41114
41112
41111
41111
41111
41109
41105
41104
41102
41101
41100
41100
41100
41098
41098
41098
41096
41095
41095
41094
41094
41093
41093
41092
41092
41092
41089
41088
41088
41086
41086
41085
41085
41085
41083
41082
41082
41081
41081
41081
41079
41077
41073
41069
41069
41069
41069
41068
41067
41067
41066
41065
41065
41064
41064
41063
41063
41062
41059
41057
41056
41056
41053
41053
41052
41052
41051
41051
41050
41050
41047
41046
41046
41045
41044
41044
41043
41043
41041
41040
41039
41039
41039
41039
41038
41038
41037
41037
41036
41036
41036
41035
41034
41034
41033
41033
41032
41032
41032
41031
41031
41029
41027
41024
41023
41022
41022
41022
41020
41020
41019
41017
41017
41014
41012
41011
41011
41010
41010
41009
41008
41008
41008
41007
41007
41006
41005
41004
40999
40997
40997
40997
40995
40995
40994
40993
40992
40991
40990
40989
40989
40989
40987
40987
40985
40984
40980
40977
40977
40975
40973
40973
40973
40971
40971
40970
40970
40969
40969
40969
40968
40968
40967
40965
40965
40964
40964
40964
40963
40963
40962
40962
40962
40960
40958
40958
40958
40956
40955
40951
40951
40950
40950
40947
40947
40947
40946
40945
40945
40945
40943
40941
40941
40939
40939
40938
40936
40936
40936
40935
40933
40931
40930
40930
40929
40927
40927
40926
40926
40926
40925
40925
40922
40921
40919
40918
40917
40917
40916
40915
40913
40912
40910
40910
40909
40908
40908
40906
40905
40905
40903
40902
40900
40899
40897
40895
40894
40893
40892
40891
40889
40889
40888
40887
40886
40885
40884
40883
40882
40882
40881
40881
40878
40877
40877
40877
40876
40875
40875
40875
40874
40871
40863
40859
40858
40858
40856
40855
40854
40850
40849
40846
40845
40845
40844
40842
40840
40839
40839
40837
40836
40836
40836
40836
40835
40832
40826
40826
40825
40822
40822
40821
40821
40820
40820
40820
40818
40818
40817
40817
40817
40816
40816
40815
40814
40813
40813
40811
40811
40811
40808
40807
40807
40807
40806
40806
40803
40803
40803
40802
40801
40801
40801
40801
40800
40799
40799
40798
40796
40795
40795
40793
40793
40792
40791
40788
40787
40787
40787
40787
40785
40782
40782
40782
40782
40779
40778
40777
40776
40775
40773
40773
40771
40770
40767
40767
40765
40765
40765
40765
40762
40762
40761
40761
40760
40759
40757
40757
40756
40754
40754
40753
40753
40751
40750
40750
40749
40748
40748
40748
40747
40747
40747
40747
40746
40744
40744
40743
40740
40739
40738
40738
40736
40734
40732
40732
40729
40729
40729
40729
40729
40727
40726
40726
40719
40719
40717
40717
40712
40711
40709
40707
40707
40707
40706
40706
40702
40702
40702
40702
40700
40699
40697
40697
40696
40694
40694
40694
40693
40692
40692
40692
40691
40688
40686
40686
40684
40683
40682
40682
40682
40681
40679
40678
40678
40677
40675
40674
40674
40673
40672
40670
40669
40667
40665
40664
40663
40660
40659
40658
40658
40657
40656
40654
40653
40652
40652
40649
40649
40648
40647
40645
40644
40641
40640
40640
40639
40638
40638
40635
40632
40631
40630
40630
40630
40627
40626
40625
40624
40623
40622
40622
40621
40621
40620
40620
40618
40617
40617
40616
40613
40612
40612
40611
40611
40610
40610
40609
40609
40608
40608
40606
40606
40605
40604
40604
40604
40603
40602
40601
40601
40599
40596
40595
40595
40595
40595
40593
40593
40592
40590
40590
40589
40589
40587
40583
40583
40583
40583
40581
40580
40577
40574
40573
40573
40573
40571
40569
40569
40566
40565
40564
40563
40562
40561
40560
40560
40558
40557
40557
40557
40557
40556
40556
40555
40554
40554
40551
40547
40546
40545
40544
40542
40542
40541
40541
40541
40540
40539
40538
40538
40538
40537
40537
40536
40536
40535
40533
40531
40530
40529
40529
40529
40529
40526
40523
40522
40521
40519
40516
40515
40515
40514
40512
40512
40511
40510
40510
40507
40502
40501
40498
40497
40495
40494
40494
40494
40493
40492
40492
40491
40490
40490
40489
40487
40486
40485
40483
40483
40483
40481
40481
40481
40480
40479
40478
40478
40477
40476
40473
40472
40471
40471
40471
40469
40468
40467
40467
40466
40465
40464
40462
40461
40461
40460
40460
40457
40456
40455
40454
40453
40451
40448
40448
40448
40445
40445
40443
40442
40442
40442
40442
40441
40440
40439
40437
40433
40431
40427
40427
40427
40426
40425
40424
40424
40423
40423
40422
40421
40420
40420
40420
40418
40417
40417
40417
40416
40415
40414
40412
40411
40411
40409
40408
40405
40405
40404
40404
40403
40402
40401
40400
40399
40397
40397
40396
40395
40395
40395
40395
40392
40391
40390
40389
40388
40388
40386
40385
40384
40384
40383
40382
40382
40381
40381
40381
40378
40378
40377
40377
40376
40375
40371
40370
40368
40368
40363
40363
40362
40361
40360
40359
40357
40357
40357
40357
40357
40356
40356
40356
40355
40354
40354
40352
40349
40348
40347
40347
40347
40346
40346
40346
40344
40344
40344
40343
40343
40342
40342
40342
40338
40336
40336
40335
40335
40334
40334
40331
40328
40327
40327
40327
40325
40324
40324
40324
40323
40323
40323
40321
40321
40321
40318
40317
40317
40315
40315
40313
40312
40310
40308
40307
40307
40306
40305
40304
40304
40303
40301
40300
40297
40297
40295
40295
40295
40295
40294
40292
40290
40288
40287
40285
40282
40280
40279
40277
40275
40275
40274
40274
40272
40272
40271
40270
40269
40269
40268
40267
40267
40266
40266
40264
40264
40264
40263
40263
40261
40260
40259
40259
40252
40252
40252
40251
40251
40250
40250
40248
40247
40247
40242
40242
40241
40241
40240
40240
40238
40238
40237
40237
40234
40234
40231
40229
40229
40228
40228
40227
40226
40226
40225
40221
40221
40220
40220
40219
40218
40217
40217
40217
40216
40215
40215
40214
40212
40212
40208
40208
40207
40206
40206
40205
40204
40203
40202
40202
40198
40198
40197
40196
40193
40192
40191
40190
40189
40189
40187
40187
40187
40186
40184
40184
40183
40182
40180
40177
40177
40177
40174
40173
40173
40173
40173
40172
40172
40172
40171
40171
40166
40166
40165
40164
40163
40161
40160
40158
40157
40157
40157
40157
40156
40155
40155
40155
40154
40154
40153
40153
40151
40151
40150
40149
40148
40147
40145
40143
40142
40141
40140
40138
40137
40132
40131
40128
40127
40127
40126
40126
40125
40124
40123
40120
40120
40120
40115
40115
40114
40113
40109
40108
40107
40105
40105
40104
40104
40103
40102
40101
40101
40101
40101
40100
40100
40098
40096
40096
40096
40094
40093
40093
40092
40090
40090
40089
40088
40084
40083
40082
40082
40080
40079
40079
40078
40077
40076
40075
40074
40073
40071
40071
40071
40070
40069
40068
40064
40063
40060
40059
40058
40058
40057
40056
40056
40055
40053
40052
40052
40051
40050
40049
40049
40046
40045
40041
40040
40040
40038
40035
40035
40033
40032
40029
40027
40027
40026
40023
40022
40021
40019
40019
40018
40018
40017
40017
40015
40014
40014
40014
40013
40012
40011
40007
40005
40003
40002
39999
39998
39997
39997
39996
39996
39995
39994
39992
39991
39990
39989
39987
39986
39982
39982
39982
39982
39981
39981
39980
39980
39980
39979
39977
39977
39974
39973
39972
39972
39972
39971
39970
39970
39970
39969
39969
39967
39967
39964
39964
39960
39960
39960
39959
39957
39956
39955
39955
39955
39955
39954
39953
39953
39952
39951
39951
39950
39946
39944
39944
39943
39942
39941
39940
39939
39937
39936
39936
39933
39932
39932
39931
39931
39931
39930
39928
39928
39927
39927
39926
39925
39923
39923
39921
39921
39919
39917
39912
39911
39910
39909
39907
39906
39906
39905
39905
39904
39904
39903
39901
39901
39897
39895
39894
39893
39892
39892
39891
39890
39888
39887
39886
39885
39885
39885
39885
39884
39884
39882
39882
39881
39878
39877
39877
39876
39874
39872
39872
39871
39869
39869
39869
39868
39868
39868
39867
39867
39866
39866
39864
39863
39861
39860
39860
39859
39859
39859
39858
39856
39856
39856
39854
39852
39852
39852
39849
39849
39848
39848
39847
39847
39846
39845
39844
39844
39842
39841
39839
39839
39838
39838
39838
39837
39835
39834
39832
39831
39829
39828
39828
39828
39827
39826
39825
39825
39823
39823
39823
39821
39821
39819
39818
39818
39818
39816
39815
39814
39812
39811
39810
39808
39807
39806
39804
39803
39802
39802
39801
39798
39794
39792
39789
39787
39787
39786
39786
39784
39782
39781
39775
39775
39774
39772
39771
39771
39768
39768
39767
39767
39766
39766
39766
39766
39764
39763
39761
39760
39760
39759
39759
39759
39759
39758
39758
39756
39756
39755
39754
39750
39749
39748
39748
39747
39746
39745
39745
39745
39745
39744
39743
39740
39740
39739
39736
39733
39732
39732
39731
39730
39725
39724
39721
39719
39718
39716
39716
39715
39715
39715
39712
39710
39709
39709
39707
39707
39706
39703
39703
39702
39699
39699
39699
39698
39692
39692
39691
39690
39689
39689
39689
39688
39686
39686
39685
39684
39684
39683
39683
39683
39682
39676
39673
39671
39671
39669
39668
39667
39667
39664
39662
39662
39660
39660
39659
39658
39656
39656
39655
39653
39653
39652
39650
39649
39648
39647
39647
39646
39645
39644
39644
39641
39640
39638
39637
39637
39636
39636
39635
39635
39632
39632
39631
39630
39630
39630
39628
39627
39626
39625
39625
39623
39621
39618
39617
39616
39615
39615
39614
39610
39609
39609
39608
39608
39607
39607
39606
39606
39603
39603
39602
39601
39600
39599
39598
39598
39597
39597
39596
39595
39595
39592
39592
39591
39591
39590
39589
39586
39585
39585
39584
39583
39583
39583
39582
39581
39579
39579
39574
39572
39571
39570
39569
39569
39568
39568
39566
39566
39562
39562
39560
39558
39558
39557
39555
39555
39555
39554
39554
39551
39551
39549
39548
39547
39545
39545
39545
39544
39543
39543
39541
39541
39541
39541
39540
39540
39539
39535
39534
39531
39530
39529
39528
39526
39526
39525
39525
39524
39520
39520
39519
39518
39518
39517
39516
39515
39512
39511
39508
39507
39506
39503
39503
39501
39501
39500
39499
39499
39498
39498
39496
39496
39492
39491
39490
39489
39489
39484
39483
39481
39481
39480
39480
39480
39479
39477
39475
39474
39474
39472
39471
39470
39469
39468
39468
39467
39466
39466
39466
39464
39463
39461
39455
39451
39450
39450
39448
39445
39445
39445
39444
39443
39443
39442
39440
39440
39439
39438
39438
39437
39435
39434
39433
39433
39433
39432
39431
39431
39428
39424
39420
39420
39418
39418
39417
39417
39417
39414
39414
39414
39414
39413
39413
39413
39412
39410
39407
39407
39404
39402
39401
39401
39400
39400
39398
39397
39394
39393
39391
39390
39390
39389
39389
39388
39388
39386
39385
39385
39385
39384
39384
39384
39383
39381
39378
39377
39377
39376
39375
39374
39374
39373
39373
39371
39371
39371
39370
39370
39369
39369
39367
39365
39364
39363
39362
39362
39360
39360
39360
39359
39359
39359
39358
39357
39357
39356
39355
39354
39353
39353
39352
39351
39350
39349
39349
39349
39348
39347
39347
39346
39345
39344
39343
39343
39342
39342
39341
39341
39340
39340
39338
39337
39337
39337
39336
39336
39333
39332
39331
39329
39328
39327
39326
39326
39325
39324
39323
39320
39318
39316
39314
39314
39313
39313
39312
39310
39309
39309
39308
39306
39305
39305
39303
39303
39299
39299
39298
39298
39298
39296
39295
39294
39292
39289
39289
39288
39288
39287
39286
39286
39285
39285
39284
39283
39283
39283
39282
39282
39281
39279
39278
39276
39276
39275
39272
39270
39270
39269
39269
39269
39268
39267
39267
39267
39267
39267
39262
39260
39259
39257
39257
39255
39254
39253
39252
39251
39251
39249
39248
39248
39248
39247
39247
39247
39246
39246
39246
39246
39246
39245
39244
39243
39242
39240
39239
39238
39237
39237
39237
39231
39230
39229
39228
39227
39226
39225
39224
39224
39224
39223
39223
39223
39223
39222
39222
39220
39220
39216
39216
39216
39216
39216
39215
39214
39213
39213
39213
39213
39212
39212
39211
39211
39211
39211
39210
39210
39206
39203
39202
39202
39201
39198
39197
39197
39197
39195
39194
39194
39194
39193
39192
39191
39191
39190
39189
39189
39189
39188
39188
39183
39182
39182
39179
39178
39176
39176
39174
39174
39173
39172
39172
39170
39167
39166
39164
39164
39163
39163
39161
39161
39155
39155
39155
39154
39153
39153
39149
39149
39149
39148
39147
39147
39147
39146
39144
39142
39141
39141
39138
39135
39135
39134
39133
39133
39132
39131
39129
39128
39126
39126
39126
39125
39125
39119
39118
39117
39117
39116
39116
39116
39114
39114
39113
39113
39112
39111
39110
39109
39108
39105
39105
39104
39104
39103
39103
39101
39101
39101
39100
39099
39099
39098
39097
39094
39094
39092
39092
39091
39089
39087
39086
39085
39083
39083
39082
39082
39081
39078
39076
39075
39073
39069
39066
39064
39061
39060
39056
39056
39054
39053
39053
39052
39052
39051
39051
39050
39050
39049
39048
39047
39046
39046
39046
39045
39045
39045
39044
39042
39041
39040
39040
39037
39036
39033
39033
39030
39030
39029
39028
39028
39026
39025
39025
39024
39023
39018
39018
39015
39012
39012
39012
39010
39008
39007
39000
38999
38999
38998
38997
38997
38995
38994
38993
38990
38990
38989
38985
38983
38982
38981
38981
38980
38978
38973
38973
38972
38971
38971
38970
38969
38969
38968
38967
38967
38966
38963
38962
38962
38962
38962
38961
38959
38958
38958
38957
38955
38955
38955
38955
38955
38953
38952
38951
38951
38949
38948
38948
38947
38947
38946
38946
38944
38939
38939
38938
38937
38937
38935
38935
38933
38933
38933
38932
38931
38928
38928
38926
38925
38924
38924
38921
38920
38920
38920
38917
38917
38917
38914
38913
38912
38911
38911
38911
38905
38904
38904
38901
38901
38899
38898
38897
38897
38895
38895
38893
38893
38893
38891
38891
38890
38889
38889
38888
38888
38887
38887
38885
38885
38882
38880
38877
38877
38877
38876
38875
38875
38875
38874
38874
38872
38871
38871
38869
38868
38868
38866
38866
38866
38866
38865
38864
38864
38860
38860
38860
38858
38856
38856
38854
38853
38851
38851
38850
38849
38849
38847
38847
38846
38844
38839
38838
38838
38838
38837
38837
38836
38835
38835
38834
38833
38831
38831
38829
38827
38827
38825
38824
38823
38822
38820
38820
38819
38818
38817
38816
38815
38813
38813
38812
38812
38811
38811
38810
38810
38809
38809
38807
38806
38806
38806
38805
38803
38803
38803
38803
38801
38800
38799
38797
38796
38794
38794
38794
38793
38792
38792
38791
38791
38789
38787
38786
38782
38781
38778
38777
38772
38770
38769
38768
38767
38767
38767
38765
38764
38764
38763
38763
38762
38762
38761
38760
38760
38759
38757
38756
38756
38754
38754
38753
38751
38751
38750
38750
38750
38749
38746
38746
38745
38739
38739
38739
38737
38736
38736
38735
38734
38733
38730
38730
38730
38730
38728
38727
38724
38723
38720
38715
38715
38715
38714
38713
38713
38712
38711
38709
38708
38706
38705
38704
38702
38702
38702
38700
38699
38699
38699
38699
38698
38697
38696
38695
38695
38694
38694
38693
38693
38691
38691
38689
38689
38687
38685
38684
38683
38682
38682
38681
38681
38680
38679
38679
38679
38677
38677
38674
38671
38670
38670
38670
38669
38669
38667
38667
38665
38664
38662
38656
38656
38655
38654
38654
38654
38653
38652
38651
38649
38648
38647
38645
38642
38641
38640
38640
38636
38635
38634
38633
38632
38632
38632
38631
38627
38627
38624
38624
38623
38623
38623
38622
38619
38616
38615
38615
38614
38614
38611
38610
38610
38609
38609
38608
38607
38606
38606
38605
38603
38603
38601
38601
38600
38600
38599
38598
38598
38598
38597
38597
38597
38596
38596
38594
38593
38593
38592
38591
38587
38587
38587
38586
38585
38585
38585
38584
38584
38583
38583
38582
38582
38580
38579
38579
38578
38577
38576
38576
38576
38575
38574
38574
38572
38571
38571
38571
38569
38566
38565
38564
38563
38560
38560
38558
38558
38555
38555
38554
38553
38552
38551
38551
38550
38549
38549
38548
38548
38548
38546
38546
38543
38543
38542
38541
38540
38540
38540
38538
38538
38537
38537
38536
38535
38535
38533
38532
38531
38530
38529
38528
38526
38525
38523
38523
38523
38522
38522
38520
38519
38519
38516
38514
38514
38513
38510
38509
38508
38508
38506
38506
38505
38505
38504
38504
38503
38503
38503
38502
38501
38498
38496
38495
38494
38494
38492
38491
38490
38488
38487
38486
38486
38486
38486
38485
38483
38481
38481
38478
38478
38478
38477
38476
38476
38475
38475
38474
38474
38469
38469
38468
38467
38467
38467
38467
38466
38465
38465
38465
38464
38464
38463
38463
38460
38457
38456
38454
38454
38453
38450
38449
38449
38449
38448
38447
38446
38445
38445
38443
38443
38442
38442
38442
38440
38439
38436
38435
38435
38434
38434
38433
38432
38431
38431
38430
38428
38428
38426
38424
38423
38423
38423
38421
38420
38419
38417
38414
38414
38414
38414
38412
38412
38411
38410
38409
38408
38407
38406
38405
38405
38404
38404
38402
38401
38401
38400
38399
38399
38399
38397
38395
38388
38388
38387
38386
38385
38385
38384
38382
38382
38381
38379
38379
38377
38376
38372
38372
38370
38369
38369
38369
38368
38368
38367
38366
38365
38365
38364
38364
38362
38361
38360
38360
38359
38358
38357
38357
38356
38353
38353
38353
38353
38352
38351
38351
38349
38348
38347
38346
38346
38345
38343
38343
38342
38342
38339
38338
38338
38337
38337
38335
38333
38333
38332
38332
38329
38328
38327
38326
38325
38325
38324
38323
38323
38322
38322
38322
38320
38320
38320
38316
38315
38313
38312
38310
38309
38309
38308
38305
38304
38302
38301
38298
38298
38298
38297
38296
38296
38295
38294
38294
38290
38289
38288
38287
38286
38285
38282
38281
38280
38278
38278
38276
38274
38274
38274
38273
38273
38273
38272
38271
38270
38270
38270
38269
38268
38268
38268
38268
38267
38267
38266
38266
38266
38266
38266
38265
38264
38264
38264
38261
38260
38259
38259
38259
38258
38257
38257
38256
38256
38255
38253
38251
38249
38249
38249
38248
38247
38244
38244
38243
38242
38241
38241
38240
38240
38238
38237
38237
38235
38235
38233
38231
38230
38229
38229
38228
38226
38225
38223
38222
38222
38220
38219
38219
38219
38218
38218
38217
38216
38214
38213
38213
38213
38212
38211
38211
38208
38207
38207
38205
38205
38205
38203
38203
38202
38199
38197
38193
38190
38190
38189
38188
38186
38186
38184
38184
38184
38182
38181
38181
38180
38179
38177
38175
38175
38174
38173
38173
38173
38173
38172
38170
38170
38169
38168
38167
38165
38165
38165
38163
38163
38161
38161
38160
38159
38159
38159
38159
38158
38158
38157
38157
38157
38154
38153
38151
38150
38150
38150
38147
38146
38144
38143
38143
38143
38142
38142
38140
38140
38139
38138
38137
38136
38135
38134
38134
38133
38132
38132
38131
38131
38130
38129
38127
38126
38125
38124
38117
38113
38112
38112
38109
38108
38107
38105
38105
38104
38104
38103
38103
38103
38102
38100
38099
38099
38097
38097
38097
38096
38095
38095
38092
38091
38091
38090
38089
38088
38088
38087
38086
38085
38084
38083
38082
38082
38080
38079
38079
38078
38078
38077
38077
38076
38076
38075
38071
38071
38069
38067
38066
38065
38065
38064
38062
38060
38059
38056
38055
38054
38054
38053
38053
38052
38052
38050
38044
38044
38043
38041
38041
38039
38038
38037
38037
38034
38031
38031
38029
38029
38029
38028
38027
38027
38027
38026
38025
38025
38023
38022
38021
38021
38020
38017
38016
38015
38015
38012
38011
38010
38009
38008
38006
38005
38005
38005
38004
38001
38001
38000
38000
37995
37995
37995
37991
37990
37990
37990
37990
37988
37984
37982
37981
37979
37979
37977
37974
37974
37974
37974
37974
37973
37973
37972
37971
37971
37970
37967
37967
37966
37965
37965
37965
37964
37964
37962
37962
37961
37958
37956
37956
37956
37955
37955
37955
37954
37954
37952
37951
37949
37948
37947
37946
37946
37945
37943
37942
37942
37941
37941
37940
37939
37938
37938
37937
37936
37936
37936
37934
37933
37928
37927
37926
37922
37921
37919
37919
37918
37916
37915
37914
37912
37912
37910
37907
37907
37905
37904
37900
37899
37898
37896
37893
37890
37890
37887
37886
37886
37886
37885
37885
37885
37885
37885
37884
37884
37883
37882
37881
37878
37876
37875
37874
37873
37871
37869
37868
37868
37866
37865
37863
37862
37862
37861
37860
37860
37859
37859
37858
37858
37857
37857
37856
37855
37853
37853
37852
37851
37851
37851
37850
37850
37847
37845
37845
37842
37840
37840
37839
37837
37835
37834
37834
37832
37832
37832
37831
37830
37830
37830
37829
37827
37827
37826
37825
37824
37823
37823
37821
37819
37818
37817
37817
37816
37815
37812
37812
37812
37810
37809
37808
37806
37806
37805
37805
37804
37802
37800
37796
37795
37795
37792
37789
37789
37788
37788
37786
37785
37785
37785
37785
37784
37784
37783
37783
37781
37781
37781
37780
37778
37778
37777
37776
37776
37775
37774
37773
37773
37772
37771
37771
37770
37769
37767
37766
37765
37764
37763
37759
37758
37757
37756
37753
37752
37752
37752
37752
37749
37748
37747
37746
37746
37746
37745
37743
37740
37739
37737
37736
37736
37735
37735
37734
37734
37733
37731
37731
37731
37730
37727
37725
37719
37719
37718
37718
37717
37717
37717
37716
37716
37715
37715
37714
37713
37713
37710
37710
37709
37708
37707
37706
37706
37704
37704
37702
37701
37701
37701
37701
37701
37701
37701
37700
37699
37697
37692
37692
37690
37689
37688
37687
37686
37685
37685
37685
37684
37684
37684
37684
37683
37683
37683
37681
37680
37679
37679
37679
37677
37676
37674
37673
37673
37672
37671
37669
37668
37667
37667
37667
37666
37663
37661
37661
37658
37657
37656
37655
37654
37654
37653
37653
37652
37652
37652
37651
37650
37649
37649
37649
37649
37648
37648
37647
37647
37646
37645
37644
37644
37643
37643
37643
37642
37641
37641
37640
37639
37639
37638
37637
37637
37635
37634
37634
37631
37630
37629
37628
37628
37628
37627
37627
37626
37626
37625
37622
37621
37620
37615
37614
37614
37613
37612
37611
37611
37610
37609
37609
37608
37607
37606
37605
37605
37600
37598
37595
37593
37593
37592
37592
37592
37592
37591
37590
37590
37588
37588
37587
37585
37584
37583
37582
37581
37581
37580
37579
37579
37576
37575
37575
37574
37574
37574
37574
37572
37571
37569
37568
37566
37564
37563
37560
37559
37557
37557
37557
37556
37555
37554
37554
37553
37551
37548
37547
37546
37546
37544
37543
37542
37542
37541
37540
37540
37538
37538
37536
37536
37535
37535
37535
37534
37534
37534
37533
37530
37529
37528
37528
37527
37527
37527
37524
37522
37522
37522
37521
37519
37518
37517
37517
37517
37515
37514
37512
37512
37511
37511
37510
37510
37509
37509
37508
37507
37507
37506
37505
37505
37500
37499
37499
37499
37497
37496
37495
37495
37495
37494
37493
37491
37491
37490
37488
37488
37488
37487
37487
37484
37484
37483
37483
37483
37481
37478
37477
37475
37473
37472
37471
37470
37470
37469
37469
37468
37468
37467
37466
37466
37464
37463
37463
37463
37462
37461
37461
37461
37460
37460
37460
37459
37458
37457
37456
37453
37451
37451
37449
37448
37447
37446
37445
37445
37444
37444
37443
37442
37441
37441
37440
37439
37439
37438
37437
37437
37437
37435
37431
37431
37431
37431
37431
37430
37430
37429
37429
37428
37428
37427
37426
37426
37424
37424
37423
37419
37418
37416
37415
37415
37414
37413
37413
37412
37411
37410
37410
37408
37406
37404
37404
37403
37403
37402
37401
37401
37400
37400
37399
37399
37397
37397
37397
37396
37395
37393
37391
37390
37386
37386
37384
37384
37383
37382
37381
37381
37380
37380
37379
37379
37375
37373
37372
37372
37372
37370
37370
37369
37369
37369
37366
37362
37361
37360
37360
37360
37359
37359
37359
37358
37357
37356
37354
37354
37354
37353
37352
37349
37348
37348
37347
37346
37345
37344
37343
37342
37342
37342
37341
37340
37339
37338
37336
37335
37334
37333
37333
37333
37332
37331
37331
37331
37330
37330
37329
37328
37328
37327
37327
37326
37325
37324
37324
37322
37321
37321
37319
37319
37318
37317
37316
37314
37313
37310
37310
37308
37307
37307
37306
37304
37303
37302
37301
37301
37300
37297
37295
37294
37293
37291
37290
37289
37288
37288
37287
37287
37287
37285
37280
37280
37278
37276
37274
37274
37273
37272
37270
37269
37269
37268
37268
37265
37264
37264
37263
37263
37263
37261
37261
37260
37259
37259
37258
37257
37254
37253
37250
37250
37247
37244
37244
37244
37244
37242
37241
37241
37241
37241
37237
37235
37234
37233
37231
37228
37228
37227
37226
37225
37224
37222
37222
37221
37221
37220
37220
37219
37218
37218
37218
37216
37215
37213
37213
37212
37212
37212
37211
37211
37210
37208
37207
37206
37205
37204
37204
37204
37203
37203
37201
37199
37197
37193
37191
37191
37191
37191
37191
37189
37188
37188
37188
37187
37186
37183
37180
37180
37180
37179
37179
37178
37178
37178
37176
37175
37174
37173
37171
37170
37167
37165
37163
37163
37163
37163
37163
37162
37162
37160
37158
37158
37157
37156
37155
37154
37153
37152
37151
37150
37148
37147
37144
37143
37143
37141
37141
37140
37139
37139
37136
37136
37136
37133
37129
37129
37126
37125
37123
37122
37122
37120
37119
37119
37119
37118
37118
37117
37117
37115
37115
37114
37113
37111
37110
37106
37104
37102
37100
37100
37099
37093
37093
37092
37091
37089
37089
37088
37088
37086
37085
37084
37084
37083
37081
37079
37079
37078
37078
37076
37075
37075
37073
37072
37071
37071
37069
37068
37068
37068
37068
37067
37065
37065
37065
37065
37064
37064
37063
37061
37057
37057
37056
37055
37054
37054
37053
37052
37052
37051
37051
37049
37048
37047
37046
37046
37042
37041
37040
37039
37038
37037
37037
37036
37035
37035
37035
37034
37034
37032
37032
37029
37029
37029
37027
37026
37023
37023
37023
37023
37022
37022
37020
37019
37017
37017
37017
37016
37016
37015
37015
37015
37014
37014
37012
37012
37010
37007
37004
37003
37003
37001
37000
36999
36999
36996
36995
36995
36995
36994
36992
36989
36988
36988
36986
36984
36984
36983
36982
36981
36981
36980
36980
36980
36978
36977
36971
36969
36969
36967
36966
36965
36964
36963
36962
36960
36960
36960
36956
36955
36954
36952
36952
36951
36951
36951
36951
36951
36950
36950
36948
36948
36947
36946
36945
36945
36945
36942
36939
36938
36937
36937
36936
36936
36935
36932
36931
36931
36929
36927
36926
36925
36924
36924
36923
36923
36922
36922
36922
36921
36921
36921
36921
36920
36918
36917
36917
36915
36915
36915
36914
36914
36913
36913
36912
36909
36908
36907
36906
36906
36905
36905
36904
36902
36901
36901
36901
36899
36896
36895
36895
36895
36895
36891
36891
36890
36889
36888
36888
36888
36888
36887
36886
36885
36885
36883
36881
36881
36880
36880
36879
36878
36877
36877
36875
36874
36874
36873
36873
36872
36871
36871
36869
36869
36869
36868
36865
36863
36860
36859
36858
36858
36854
36853
36853
36853
36853
36851
36850
36849
36848
36844
36843
36843
36843
36843
36840
36838
36837
36837
36833
36833
36832
36831
36830
36830
36828
36828
36828
36828
36827
36825
36824
36823
36822
36819
36819
36819
36818
36818
36817
36815
36814
36814
36813
36811
36809
36807
36806
36806
36805
36804
36802
36802
36802
36800
36799
36799
36798
36794
36794
36791
36791
36789
36789
36789
36789
36788
36787
36785
36785
36785
36783
36783
36782
36782
36781
36781
36778
36778
36773
36772
36772
36771
36771
36770
36767
36766
36764
36763
36763
36760
36760
36758
36757
36757
36756
36756
36751
36749
36748
36748
36747
36746
36742
36742
36740
36738
36738
36736
36736
36735
36734
36732
36732
36732
36729
36728
36727
36726
36725
36724
36722
36722
36722
36722
36722
36720
36719
36717
36717
36716
36716
36715
36715
36712
36712
36711
36708
36707
36707
36707
36707
36707
36707
36706
36705
36705
36705
36704
36704
36703
36703
36703
36701
36701
36701
36699
36699
36698
36698
36697
36695
36693
36693
36693
36692
36692
36691
36689
36689
36688
36688
36687
36686
36685
36685
36682
36680
36679
36679
36678
36676
36676
36675
36675
36675
36673
36672
36672
36669
36665
36664
36664
36663
36660
36658
36658
36658
36657
36657
36654
36654
36653
36653
36651
36650
36649
36646
36644
36644
36643
36643
36641
36640
36639
36638
36637
36637
36636
36635
36635
36635
36634
36633
36633
36632
36631
36630
36630
36629
36628
36628
36627
36627
36626
36625
36625
36622
36621
36620
36619
36616
36615
36614
36613
36612
36611
36609
36609
36608
36605
36605
36605
36604
36603
36603
36602
36601
36601
36598
36598
36597
36596
36596
36595
36593
36593
36592
36591
36590
36589
36587
36586
36586
36583
36583
36582
36580
36574
36574
36573
36570
36567
36565
36563
36562
36560
36557
36556
36556
36555
36554
36551
36550
36546
36544
36543
36542
36542
36541
36541
36541
36540
36540
36540
36539
36538
36538
36535
36535
36534
36534
36534
36533
36533
36532
36530
36530
36530
36529
36529
36529
36528
36527
36526
36526
36524
36524
36524
36523
36523
36521
36520
36519
36519
36518
36518
36518
36516
36516
36515
36515
36513
36513
36512
36510
36509
36508
36508
36508
36508
36505
36505
36504
36503
36503
36503
36502
36500
36499
36499
36499
36499
36496
36496
36490
36490
36488
36488
36487
36487
36486
36483
36483
36483
36481
36481
36480
36480
36478
36478
36477
36476
36474
36471
36470
36469
36469
36468
36462
36462
36462
36460
36460
36458
36458
36457
36456
36456
36455
36455
36454
36452
36452
36451
36451
36451
36448
36444
36443
36443
36442
36438
36438
36437
36433
36431
36429
36429
36429
36429
36428
36428
36428
36426
36425
36424
36424
36423
36423
36422
36420
36418
36416
36416
36415
36414
36413
36410
36409
36408
36408
36407
36406
36404
36404
36401
36401
36400
36400
36400
36399
36398
36397
36397
36397
36397
36396
36396
36393
36393
36392
36391
36389
36389
36386
36386
36386
36385
36383
36382
36382
36380
36379
36379
36378
36376
36374
36374
36374
36374
36374
36368
36368
36368
36368
36367
36367
36367
36366
36363
36361
36360
36358
36358
36358
36356
36355
36354
36353
36351
36351
36350
36348
36341
36341
36340
36340
36338
36337
36334
36333
36329
36329
36329
36329
36328
36326
36326
36322
36321
36321
36320
36320
36319
36318
36318
36317
36317
36314
36314
36314
36313
36311
36311
36311
36311
36310
36310
36310
36305
36304
36303
36303
36301
36301
36300
36297
36297
36297
36295
36294
36291
36290
36289
36288
36288
36288
36288
36286
36284
36283
36282
36280
36279
36279
36277
36277
36276
36276
36275
36274
36274
36273
36272
36272
36270
36269
36269
36269
36269
36269
36268
36268
36267
36266
36266
36266
36266
36263
36263
36263
36263
36262
36260
36260
36260
36260
36258
36258
36256
36254
36254
36254
36252
36250
36250
36250
36248
36245
36245
36245
36243
36241
36239
36235
36233
36233
36232
36231
36230
36228
36228
36226
36225
36225
36220
36218
36218
36216
36213
36211
36209
36207
36207
36205
36204
36204
36204
36203
36203
36203
36202
36197
36194
36193
36192
36190
36189
36188
36188
36188
36186
36185
36184
36181
36181
36179
36178
36177
36177
36176
36176
36175
36174
36173
36173
36171
36170
36168
36168
36166
36164
36163
36162
36161
36160
36160
36156
36155
36154
36154
36154
36153
36152
36151
36149
36149
36148
36148
36144
36144
36143
36143
36139
36137
36135
36133
36132
36131
36131
36131
36131
36131
36131
36130
36129
36129
36128
36128
36128
36128
36127
36124
36124
36124
36122
36121
36116
36115
36114
36114
36114
36113
36113
36112
36112
36111
36111
36109
36109
36107
36105
36103
36103
36099
36099
36098
36097
36097
36097
36096
36095
36094
36093
36092
36091
36090
36090
36089
36089
36088
36084
36083
36081
36081
36081
36080
36080
36080
36080
36078
36078
36076
36074
36074
36074
36072
36072
36071
36069
36068
36068
36067
36067
36066
36066
36066
36065
36063
36063
36062
36061
36061
36060
36059
36056
36056
36055
36055
36054
36054
36053
36053
36052
36050
36050
36048
36048
36047
36043
36040
36040
36037
36035
36034
36033
36033
36032
36032
36032
36032
36032
36030
36029
36028
36027
36027
36026
36025
36024
36024
36023
36022
36022
36021
36020
36020
36019
36019
36018
36018
36017
36015
36014
36014
36011
36007
36007
36006
36001
36000
35999
35999
35998
35998
35997
35997
35991
35991
35990
35990
35990
35988
35987
35987
35987
35987
35986
35985
35984
35982
35982
35980
35980
35979
35979
35979
35978
35978
35977
35976
35973
35973
35972
35972
35972
35971
35970
35968
35962
35959
35959
35957
35956
35955
35955
35954
35953
35953
35952
35951
35951
35950
35949
35949
35948
35946
35945
35940
35938
35938
35938
35938
35937
35936
35935
35935
35933
35933
35932
35932
35932
35930
35928
35928
35926
35926
35925
35924
35923
35923
35923
35922
35921
35921
35921
35920
35919
35919
35917
35917
35916
35916
35916
35916
35915
35915
35915
35915
35914
35911
35909
35908
35907
35907
35905
35905
35904
35904
35903
35903
35903
35902
35902
35902
35900
35900
35900
35898
35897
35896
35896
35894
35893
35889
35889
35888
35884
35883
35881
35880
35880
35879
35879
35877
35877
35875
35875
35873
35871
35868
35867
35865
35864
35864
35864
35862
35861
35861
35859
35858
35857
35855
35855
35854
35854
35854
35853
35852
35851
35849
35849
35848
35846
35845
35845
35844
35843
35840
35838
35838
35837
35836
35836
35835
35832
35832
35831
35830
35829
35827
35826
35826
35825
35824
35823
35822
35821
35821
35820
35817
35816
35816
35815
35815
35815
35814
35814
35814
35814
35812
35811
35808
35807
35801
35798
35797
35797
35797
35797
35796
35795
35795
35795
35794
35794
35793
35792
35790
35790
35789
35785
35784
35783
35779
35779
35777
35776
35775
35774
35773
35773
35773
35772
35769
35768
35768
35767
35767
35765
35763
35762
35760
35758
35758
35756
35756
35755
35754
35753
35751
35749
35748
35747
35745
35745
35744
35744
35744
35744
35742
35741
35738
35738
35735
35733
35732
35731
35728
35728
35725
35723
35722
35722
35719
35719
35719
35718
35716
35715
35715
35715
35714
35714
35714
35713
35713
35712
35712
35712
35711
35708
35707
35705
35703
35702
35701
35700
35697
35697
35697
35697
35696
35696
35696
35695
35694
35691
35691
35688
35688
35688
35687
35683
35683
35683
35683
35680
35679
35678
35678
35678
35677
35676
35675
35675
35673
35673
35673
35672
35672
35672
35672
35671
35670
35670
35670
35668
35668
35668
35667
35667
35666
35665
35664
35664
35664
35664
35662
35660
35659
35658
35658
35658
35656
35656
35655
35655
35653
35653
35653
35651
35651
35648
35647
35647
35646
35644
35644
35644
35643
35642
35640
35639
35639
35639
35638
35637
35635
35634
35633
35633
35632
35632
35632
35631
35631
35631
35630
35630
35627
35627
35626
35626
35625
35624
35624
35624
35623
35618
35618
35617
35614
35613
35612
35611
35610
35610
35606
35606
35604
35603
35601
35601
35600
35599
35599
35598
35598
35597
35597
35596
35596
35595
35593
35592
35590
35590
35589
35589
35585
35585
35582
35580
35579
35577
35575
35575
35575
35575
35573
35573
35572
35572
35571
35566
35565
35565
35565
35564
35562
35562
35562
35560
35560
35559
35559
35557
35556
35556
35555
35555
35552
35551
35551
35550
35550
35550
35549
35549
35547
35546
35544
35544
35541
35541
35541
35540
35540
35540
35539
35533
35531
35530
35529
35529
35528
35528
35528
35528
35527
35526
35526
35525
35523
35523
35521
35521
35520
35520
35519
35517
35516
35516
35516
35516
35515
35514
35513
35513
35511
35511
35510
35509
35508
35508
35508
35507
35507
35507
35506
35506
35505
35504
35504
35504
35500
35498
35496
35496
35495
35495
35495
35493
35493
35492
35491
35490
35490
35490
35490
35488
35486
35486
35485
35485
35484
35484
35484
35483
35483
35483
35483
35481
35481
35481
35479
35479
35479
35478
35476
35476
35475
35472
35472
35471
35471
35471
35465
35465
35465
35464
35464
35464
35463
35463
35463
35461
35459
35458
35458
35458
35457
35456
35456
35454
35454
35454
35453
35452
35452
35452
35451
35448
35448
35448
35444
35443
35439
35439
35437
35435
35434
35434
35433
35433
35432
35432
35432
35431
35429
35428
35427
35427
35427
35427
35427
35426
35426
35425
35424
35422
35421
35421
35420
35420
35418
35417
35416
35416
35414
35413
35412
35412
35412
35410
35409
35409
35406
35406
35405
35405
35404
35404
35403
35402
35402
35402
35400
35396
35395
35394
35394
35394
35393
35392
35391
35390
35388
35387
35387
35385
35381
35381
35378
35377
35377
35376
35375
35374
35372
35372
35372
35369
35368
35368
35368
35366
35365
35363
35363
35359
35358
35357
35356
35356
35355
35355
35354
35354
35353
35353
35352
35351
35350
35350
35348
35348
35346
35345
35342
35341
35341
35339
35339
35338
35337
35337
35335
35331
35331
35331
35330
35329
35328
35327
35327
35326
35326
35325
35325
35323
35323
35322
35321
35320
35320
35319
35319
35319
35315
35313
35313
35312
35311
35310
35309
35309
35307
35307
35306
35306
35305
35305
35304
35302
35302
35296
35294
35293
35292
35291
35290
35288
35287
35287
35285
35285
35285
35283
35282
35281
35281
35281
35279
35277
35273
35273
35273
35273
35270
35268
35266
35266
35265
35265
35265
35263
35263
35261
35261
35261
35259
35258
35256
35256
35256
35253
35253
35253
35252
35252
35251
35251
35249
35246
35246
35244
35243
35242
35241
35239
35239
35238
35237
35237
35235
35235
35233
35233
35231
35230
35230
35229
35226
35226
35225
35225
35225
35223
35222
35221
35220
35219
35218
35218
35216
35214
35214
35213
35213
35213
35210
35209
35208
35207
35204
35204
35204
35202
35201
35201
35200
35200
35199
35196
35196
35194
35194
35192
35191
35191
35189
35188
35187
35182
35182
35182
35181
35181
35180
35179
35178
35178
35176
35176
35176
35175
35175
35175
35174
35174
35174
35174
35174
35174
35173
35173
35173
35169
35168
35166
35165
35165
35164
35162
35162
35160
35160
35160
35160
35159
35159
35156
35156
35156
35156
35155
35154
35153
35152
35152
35149
35148
35148
35147
35146
35146
35146
35145
35145
35145
35144
35140
35137
35133
35132
35130
35128
35128
35126
35126
35126
35124
35122
35119
35117
35117
35117
35116
35115
35115
35114
35114
35113
35112
35110
35109
35109
35108
35107
35107
35107
35104
35104
35104
35104
35103
35103
35103
35102
35102
35100
35099
35098
35097
35097
35096
35095
35095
35095
35094
35093
35092
35091
35088
35088
35086
35086
35085
35082
35081
35079
35079
35079
35079
35078
35077
35077
35076
35075
35075
35075
35074
35073
35072
35071
35070
35070
35067
35065
35064
35064
35062
35062
35059
35059
35058
35053
35053
35050
35050
35049
35048
35048
35048
35048
35047
35046
35043
35043
35042
35041
35040
35039
35038
35038
35038
35036
35036
35034
35034
35033
35033
35033
35030
35027
35025
35022
35022
35020
35020
35017
35016
35015
35014
35013
35012
35011
35011
35010
35010
35006
35006
35005
35005
35004
35001
35001
35000
35000
34999
34998
34996
34995
34992
34992
34992
34991
34991
34990
34988
34988
34988
34988
34988
34987
34986
34985
34985
34985
34984
34982
34978
34975
34972
34971
34971
34971
34971
34969
34966
34966
34966
34964
34964
34963
34962
34960
34959
34959
34959
34958
34958
34958
34957
34956
34956
34955
34955
34955
34954
34953
34952
34951
34951
34950
34950
34950
34948
34948
34946
34946
34946
34943
34942
34939
34939
34936
34936
34936
34935
34934
34932
34932
34931
34930
34930
34930
34929
34928
34924
34923
34923
34921
34920
34920
34920
34919
34919
34919
34916
34915
34914
34914
34914
34912
34911
34909
34908
34908
34907
34906
34906
34905
34905
34904
34903
34901
34900
34900
34899
34897
34897
34895
34894
34894
34892
34892
34891
34890
34890
34890
34890
34890
34889
34888
34887
34886
34886
34886
34882
34881
34880
34880
34879
34879
34877
34876
34876
34874
34873
34873
34873
34872
34871
34870
34868
34866
34866
34864
34860
34859
34858
34855
34854
34854
34853
34853
34853
34852
34849
34847
34847
34846
34846
34846
34846
34845
34844
34844
34842
34841
34840
34840
34837
34835
34835
34833
34832
34832
34831
34830
34826
34824
34822
34822
34820
34820
34819
34818
34816
34816
34816
34815
34815
34815
34814
34810
34807
34807
34806
34805
34805
34803
34800
34800
34799
34799
34798
34798
34795
34795
34793
34792
34792
34792
34792
34791
34788
34788
34787
34787
34786
34784
34784
34783
34783
34782
34781
34781
34781
34781
34780
34778
34776
34776
34776
34775
34774
34773
34771
34771
34771
34771
34768
34768
34767
34767
34766
34764
34763
34762
34759
34759
34759
34756
34756
34754
34754
34754
34753
34753
34750
34750
34749
34748
34746
34746
34746
34745
34745
34742
34742
34742
34741
34741
34741
34740
34740
34740
34740
34739
34738
34737
34736
34734
34733
34730
34728
34727
34727
34726
34726
34725
34723
34722
34719
34719
34719
34717
34717
34716
34710
34710
34710
34709
34709
34707
34703
34701
34701
34700
34700
34700
34699
34698
34695
34694
34694
34694
34691
34691
34691
34689
34688
34688
34687
34685
34685
34684
34684
34684
34683
34683
34683
34682
34682
34681
34681
34680
34680
34679
34678
34678
34677
34675
34672
34671
34670
34670
34670
34670
34668
34668
34668
34662
34662
34661
34659
34656
34656
34655
34655
34653
34653
34653
34652
34651
34651
34650
34649
34648
34648
34647
34644
34644
34642
34641
34641
34641
34641
34640
34640
34640
34637
34635
34633
34632
34631
34629
34629
34629
34629
34627
34627
34624
34622
34622
34622
34620
34620
34619
34619
34618
34616
34613
34612
34612
34611
34611
34609
34609
34609
34603
34601
34600
34600
34598
34598
34598
34598
34598
34597
34594
34593
34593
34592
34589
34588
34587
34587
34584
34583
34582
34581
34580
34580
34579
34578
34578
34576
34575
34575
34574
34573
34570
34570
34570
34569
34568
34565
34565
34563
34563
34563
34561
34559
34558
34558
34556
34555
34553
34553
34553
34552
34550
34549
34547
34546
34545
34545
34544
34544
34543
34543
34543
34542
34538
34538
34537
34535
34533
34532
34529
34529
34529
34526
34526
34525
34524
34522
34522
34520
34515
34514
34509
34509
34507
34502
34502
34502
34501
34500
34499
34498
34497
34497
34494
34494
34493
34493
34493
34492
34491
34491
34491
34488
34488
34487
34487
34485
34484
34484
34482
34482
34480
34479
34477
34477
34474
34474
34473
34472
34471
34470
34468
34467
34467
34466
34465
34465
34462
34462
34461
34460
34459
34458
34458
34457
34457
34456
34455
34455
34455
34454
34451
34451
34450
34450
34449
34448
34446
34445
34445
34444
34442
34441
34440
34439
34439
34438
34438
34437
34436
34434
34430
34428
34427
34426
34426
34426
34425
34424
34423
34422
34422
34422
34421
34420
34416
34416
34416
34415
34414
34413
34412
34409
34409
34409
34408
34408
34406
34405
34404
34404
34403
34397
34397
34396
34395
34395
34395
34395
34395
34394
34393
34393
34391
34390
34387
34385
34385
34384
34383
34383
34382
34380
34379
34379
34379
34378
34377
34375
34375
34374
34372
34371
34371
34369
34369
34368
34368
34367
34367
34366
34365
34364
34362
34361
34361
34360
34358
34356
34355
34352
34352
34350
34348
34347
34345
34342
34342
34341
34341
34340
34339
34338
34338
34338
34338
34335
34334
34332
34332
34331
34330
34329
34325
34324
34324
34319
34318
34318
34318
34318
34317
34317
34315
34313
34313
34311
34308
34305
34303
34302
34302
34300
34299
34296
34296
34295
34292
34291
34291
34290
34289
34289
34288
34288
34287
34286
34285
34285
34283
34283
34282
34282
34282
34280
34279
34279
34277
34276
34276
34276
34276
34275
34275
34273
34273
34273
34273
34271
34271
34270
34269
34268
34268
34267
34266
34266
34264
34263
34261
34260
34259
34259
34258
34258
34257
34257
34256
34256
34256
34255
34254
34254
34253
34252
34248
34248
34247
34246
34246
34243
34243
34242
34239
34239
34239
34237
34234
34234
34234
34231
34230
34227
34225
34224
34223
34223
34221
34219
34218
34218
34217
34216
34215
34214
34214
34213
34213
34213
34210
34210
34208
34208
34206
34206
34206
34206
34206
34204
34204
34204
34204
34202
34202
34202
34200
34199
34195
34192
34192
34191
34191
34187
34187
34185
34184
34183
34183
34182
34182
34180
34179
34179
34179
34178
34177
34177
34174
34173
34172
34172
34172
34170
34170
34169
34169
34169
34166
34165
34165
34164
34161
34161
34159
34159
34158
34158
34158
34156
34155
34153
34153
34152
34151
34150
34150
34149
34149
34148
34147
34147
34145
34143
34143
34142
34139
34139
34138
34137
34137
34136
34136
34133
34132
34131
34131
34130
34130
34129
34128
34128
34126
34126
34126
34124
34124
34123
34122
34121
34120
34118
34117
34113
34112
34112
34112
34110
34110
34108
34107
34106
34106
34103
34103
34103
34100
34099
34099
34098
34097
34094
34094
34093
34093
34093
34092
34092
34091
34089
34088
34087
34087
34084
34084
34083
34083
34083
34082
34081
34081
34081
34081
34080
34080
34077
34076
34076
34076
34075
34074
34074
34073
34073
34067
34064
34064
34062
34061
34060
34059
34058
34057
34057
34057
34056
34055
34055
34055
34051
34051
34050
34050
34048
34048
34046
34045
34043
34043
34040
34040
34039
34038
34038
34037
34037
34036
34034
34033
34033
34033
34033
34032
34031
34029
34029
34028
34027
34026
34023
34023
34022
34021
34020
34019
34019
34019
34019
34018
34018
34018
34014
34013
34011
34008
34008
34006
34006
34005
34004
34004
34004
34003
34003
34002
34002
34001
34001
33999
33998
33998
33997
33995
33995
33995
33993
33991
33987
33986
33984
33983
33982
33981
33980
33980
33980
33978
33974
33974
33973
33972
33972
33971
33970
33970
33969
33969
33967
33967
33967
33966
33966
33965
33965
33964
33962
33962
33962
33960
33958
33957
33955
33955
33954
33953
33953
33953
33950
33949
33946
33946
33945
33944
33943
33943
33943
33940
33939
33937
33937
33935
33935
33934
33932
33932
33932
33932
33932
33931
33931
33930
33930
33929
33929
33929
33929
33927
33927
33927
33926
33924
33924
33924
33922
33919
33919
33915
33915
33914
33912
33911
33911
33910
33908
33908
33907
33906
33906
33904
33904
33901
33901
33901
33900
33900
33900
33899
33897
33896
33894
33894
33893
33892
33891
33890
33890
33888
33887
33886
33885
33884
33884
33884
33883
33883
33880
33876
33876
33876
33875
33874
33874
33874
33873
33873
33873
33873
33872
33870
33870
33869
33868
33868
33867
33865
33860
33860
33860
33860
33858
33856
33855
33855
33854
33853
33853
33851
33849
33847
33844
33843
33843
33842
33840
33838
33838
33837
33837
33836
33836
33836
33836
33834
33834
33833
33833
33832
33832
33831
33829
33828
33828
33827
33826
33825
33823
33823
33821
33820
33819
33819
33818
33817
33817
33816
33816
33814
33812
33812
33809
33809
33807
33806
33805
33804
33804
33804
33802
33800
33799
33799
33798
33798
33796
33796
33795
33794
33792
33792
33791
33789
33787
33784
33784
33783
33783
33780
33779
33777
33777
33776
33776
33775
33774
33773
33773
33772
33772
33771
33771
33770
33769
33768
33767
33767
33763
33761
33759
33759
33758
33756
33755
33755
33755
33754
33753
33753
33752
33752
33750
33750
33748
33748
33747
33747
33746
33745
33745
33744
33744
33744
33742
33741
33740
33739
33734
33733
33733
33732
33731
33730
33730
33730
33728
33727
33726
33726
33725
33723
33723
33723
33721
33720
33719
33719
33718
33718
33717
33717
33717
33716
33715
33715
33712
33712
33710
33710
33709
33709
33708
33707
33707
33706
33706
33705
33704
33702
33699
33699
33697
33694
33694
33694
33692
33692
33690
33689
33688
33685
33683
33682
33681
33679
33678
33674
33670
33670
33668
33666
33665
33665
33664
33664
33664
33663
33663
33662
33662
33661
33660
33659
33659
33659
33656
33656
33656
33655
33654
33652
33652
33651
33649
33648
33648
33646
33646
33646
33646
33644
33643
33642
33642
33642
33640
33640
33639
33638
33638
33638
33637
33637
33636
33634
33634
33632
33632
33630
33630
33629
33625
33625
33624
33624
33624
33624
33624
33624
33623
33623
33621
33621
33621
33619
33619
33617
33616
33615
33613
33613
33613
33611
33611
33608
33608
33607
33606
33605
33605
33603
33603
33602
33602
33601
33597
33596
33595
33595
33593
33592
33592
33592
33589
33589
33589
33588
33588
33587
33585
33585
33585
33584
33584
33576
33574
33573
33572
33572
33571
33571
33570
33569
33564
33563
33563
33562
33562
33561
33561
33560
33559
33558
33557
33556
33556
33555
33554
33553
33552
33550
33548
33547
33546
33546
33544
33542
33541
33541
33539
33537
33537
33537
33536
33535
33535
33534
33534
33533
33533
33530
33529
33526
33526
33525
33522
33521
33519
33519
33518
33516
33514
33513
33513
33511
33509
33508
33508
33507
33504
33504
33500
33500
33499
33499
33499
33498
33498
33495
33495
33494
33493
33493
33490
33490
33490
33490
33489
33487
33487
33486
33485
33484
33484
33480
33480
33480
33478
33478
33478
33478
33478
33476
33476
33476
33475
33474
33473
33473
33473
33470
33469
33469
33468
33468
33467
33464
33464
33463
33463
33463
33462
33462
33461
33461
33460
33460
33459
33458
33456
33454
33454
33453
33452
33451
33451
33449
33449
33447
33447
33446
33445
33445
33444
33443
33443
33443
33441
33441
33441
33440
33439
33439
33435
33435
33434
33432
33431
33431
33430
33430
33429
33428
33427
33425
33425
33425
33424
33423
33422
33422
33422
33419
33418
33417
33417
33416
33416
33415
33415
33415
33415
33415
33414
33412
33411
33407
33407
33407
33406
33406
33405
33405
33402
33401
33401
33400
33399
33399
33398
33398
33393
33388
33387
33383
33382
33381
33380
33380
33378
33378
33377
33376
33376
33375
33375
33375
33374
33374
33374
33374
33373
33373
33370
33369
33368
33368
33368
33366
33366
33365
33365
33364
33363
33363
33363
33362
33361
33361
33360
33359
33359
33358
33355
33354
33353
33352
33351
33350
33350
33348
33348
33347
33346
33346
33343
33343
33342
33342
33341
33341
33340
33338
33336
33334
33333
33330
33329
33329
33328
33326
33324
33323
33322
33322
33322
33321
33320
33320
33318
33315
33315
33314
33313
33311
33309
33308
33307
33306
33306
33306
33305
33304
33301
33299
33299
33297
33297
33296
33295
33294
33293
33292
33291
33289
33289
33289
33288
33288
33288
33287
33287
33287
33285
33285
33285
33284
33283
33283
33281
33281
33280
33279
33278
33277
33276
33276
33275
33275
33275
33274
33273
33273
33271
33267
33265
33265
33264
33263
33260
33260
33259
33258
33258
33258
33258
33257
33256
33256
33256
33255
33254
33253
33252
33252
33250
33249
33249
33248
33247
33247
33246
33244
33244
33244
33244
33242
33242
33242
33241
33240
33240
33238
33238
33238
33237
33236
33236
33235
33235
33234
33233
33233
33231
33229
33226
33224
33223
33223
33222
33219
33218
33218
33216
33216
33216
33214
33214
33212
33211
33211
33210
33208
33207
33205
33204
33204
33200
33199
33199
33199
33198
33194
33194
33193
33191
33190
33189
33189
33187
33187
33186
33184
33184
33183
33183
33179
33179
33178
33176
33175
33175
33173
33172
33172
33172
33169
33169
33165
33163
33161
33160
33158
33158
33155
33153
33151
33151
33149
33149
33149
33145
33144
33144
33143
33142
33142
33142
33140
33138
33136
33136
33136
33135
33135
33135
33133
33131
33130
33130
33129
33129
33127
33125
33124
33123
33123
33122
33120
33118
33117
33116
33116
33115
33110
33108
33108
33107
33107
33105
33102
33101
33099
33098
33097
33095
33095
33094
33090
33090
33088
33087
33085
33085
33085
33084
33084
33084
33084
33083
33081
33081
33081
33080
33078
33076
33074
33072
33072
33071
33071
33070
33070
33070
33069
33067
33067
33066
33064
33063
33063
33063
33063
33062
33060
33060
33057
33056
33056
33055
33054
33052
33051
33051
33050
33050
33050
33048
33047
33047
33045
33042
33042
33039
33035
33033
33032
33029
33025
33022
33020
33020
33019
33018
33018
33017
33014
33014
33013
33011
33011
33008
33007
33006
33005
33004
33004
33003
33003
33001
33000
32997
32996
32995
32993
32992
32991
32991
32991
32991
32989
32989
32988
32987
32987
32986
32986
32986
32983
32983
32982
32982
32982
32981
32976
32976
32975
32975
32973
32972
32971
32970
32969
32967
32964
32961
32958
32958
32956
32955
32954
32953
32952
32950
32950
32949
32948
32948
32947
32947
32946
32946
32945
32942
32942
32940
32937
32936
32936
32933
32933
32933
32932
32932
32929
32929
32928
32927
32926
32923
32923
32923
32923
32919
32916
32916
32914
32913
32913
32912
32911
32908
32908
32902
32900
32899
32899
32898
32898
32897
32897
32896
32895
32895
32893
32893
32892
32892
32892
32891
32888
32887
32884
32884
32882
32882
32881
32880
32879
32876
32875
32872
32872
32872
32870
32869
32867
32867
32866
32865
32864
32863
32858
32858
32857
32855
32855
32853
32853
32852
32852
32851
32851
32851
32851
32850
32849
32848
32847
32847
32847
32846
32846
32842
32839
32838
32835
32835
32834
32833
32833
32833
32831
32829
32828
32826
32826
32822
32822
32820
32820
32819
32818
32817
32817
32812
32810
32809
32808
32807
32807
32807
32806
32806
32803
32803
32801
32799
32799
32799
32799
32798
32798
32796
32796
32795
32794
32793
32792
32792
32790
32789
32789
32788
32788
32787
32786
32786
32784
32784
32783
32783
32782
32782
32780
32780
32777
32777
32775
32774
32773
32771
32771
32770
32768
32768
32767
32767
32767
32767
32766
32765
32764
32764
32763
32759
32758
32756
32755
32754
32754
32754
32753
32752
32750
32750
32748
32747
32746
32745
32744
32742
32742
32742
32740
32740
32739
32737
32735
32735
32735
32734
32733
32732
32731
32730
32729
32729
32728
32728
32727
32727
32726
32725
32724
32724
32721
32721
32721
32720
32719
32718
32718
32717
32713
32711
32710
32710
32710
32709
32708
32707
32706
32704
32704
32704
32703
32703
32703
32703
32703
32698
32697
32697
32693
32690
32689
32687
32687
32686
32685
32685
32685
32680
32677
32676
32676
32676
32675
32673
32672
32668
32668
32668
32667
32666
32666
32665
32665
32665
32664
32663
32662
32661
32661
32661
32660
32659
32658
32657
32656
32654
32654
32652
32651
32651
32648
32647
32647
32645
32644
32642
32642
32641
32641
32641
32641
32641
32640
32639
32636
32635
32634
32633
32631
32631
32627
32627
32621
32619
32619
32616
32616
32615
32615
32615
32614
32613
32612
32612
32612
32611
32610
32606
32606
32604
32603
32603
32601
32599
32599
32598
32596
32595
32595
32590
32590
32590
32589
32588
32587
32586
32582
32581
32580
32580
32579
32578
32577
32575
32575
32572
32572
32570
32568
32568
32567
32566
32565
32565
32564
32562
32562
32561
32561
32560
32560
32559
32559
32558
32558
32557
32555
32555
32554
32554
32554
32553
32553
32553
32552
32552
32551
32551
32551
32550
32550
32549
32548
32546
32545
32544
32543
32542
32541
32540
32539
32539
32537
32536
32536
32534
32534
32534
32532
32530
32530
32529
32529
32529
32526
32526
32525
32524
32522
32522
32520
32520
32520
32518
32515
32515
32515
32514
32513
32510
32509
32508
32507
32506
32504
32504
32504
32502
32502
32501
32499
32496
32496
32495
32495
32494
32492
32492
32492
32487
32487
32484
32483
32482
32482
32481
32477
32476
32475
32472
32471
32470
32468
32468
32466
32466
32462
32462
32462
32460
32460
32460
32460
32453
32452
32452
32451
32451
32449
32449
32447
32446
32445
32443
32443
32442
32441
32440
32440
32439
32439
32437
32433
32433
32433
32433
32432
32432
32432
32431
32431
32431
32431
32430
32430
32428
32427
32427
32426
32425
32424
32423
32422
32422
32421
32420
32419
32418
32417
32417
32417
32416
32413
32412
32412
32410
32410
32410
32409
32408
32407
32404
32404
32404
32404
32403
32403
32403
32403
32402
32401
32399
32399
32398
32397
32396
32393
32392
32392
32392
32389
32389
32389
32386
32386
32385
32384
32384
32384
32383
32383
32382
32379
32379
32379
32378
32377
32376
32376
32376
32374
32374
32373
32373
32369
32369
32366
32365
32365
32363
32363
32362
32362
32362
32362
32361
32360
32357
32357
32357
32356
32355
32352
32351
32348
32348
32346
32345
32343
32342
32341
32340
32339
32338
32336
32335
32335
32335
32334
32334
32334
32331
32330
32329
32329
32325
32325
32324
32324
32324
32323
32323
32322
32321
32319
32318
32318
32317
32316
32316
32315
32313
32310
32309
32309
32308
32306
32306
32306
32303
32302
32302
32301
32301
32296
32292
32292
32291
32291
32289
32289
32288
32288
32287
32287
32286
32286
32284
32283
32282
32281
32281
32279
32275
32274
32274
32272
32272
32271
32270
32267
32266
32265
32262
32259
32259
32259
32258
32255
32254
32254
32254
32253
32253
32250
32249
32248
32247
32243
32243
32242
32242
32239
32237
32237
32236
32234
32232
32232
32231
32231
32231
32230
32229
32228
32228
32226
32224
32222
32221
32220
32219
32218
32218
32216
32216
32216
32215
32215
32214
32213
32211
32206
32206
32206
32205
32205
32203
32203
32202
32200
32200
32199
32195
32195
32195
32194
32193
32192
32192
32191
32189
32187
32187
32187
32185
32185
32184
32184
32184
32183
32182
32181
32178
32176
32175
32174
32173
32173
32173
32172
32172
32172
32171
32171
32171
32170
32169
32166
32165
32164
32163
32162
32161
32160
32158
32158
32158
32155
32155
32155
32155
32154
32153
32153
32153
32152
32151
32149
32148
32147
32146
32145
32144
32143
32143
32142
32140
32137
32135
32132
32131
32131
32130
32130
32129
32129
32129
32128
32127
32127
32126
32125
32125
32123
32121
32121
32121
32120
32120
32118
32118
32116
32116
32115
32114
32114
32112
32112
32111
32110
32108
32107
32105
32103
32102
32099
32098
32098
32097
32096
32095
32095
32094
32094
32093
32093
32092
32092
32092
32091
32091
32091
32091
32091
32090
32089
32089
32088
32087
32087
32087
32086
32083
32081
32081
32081
32079
32079
32075
32075
32074
32071
32069
32069
32069
32068
32067
32066
32065
32064
32062
32060
32059
32057
32056
32053
32052
32051
32048
32047
32046
32046
32046
32046
32043
32043
32041
32040
32039
32039
32038
32037
32036
32036
32034
32032
32032
32030
32030
32029
32029
32028
32027
32027
32026
32024
32024
32023
32023
32022
32019
32014
32014
32014
32014
32013
32012
32012
32010
32009
32008
32005
32002
32002
32002
32001
32001
32001
32000
32000
32000
31999
31999
31998
31997
31995
31994
31994
31994
31994
31992
31991
31989
31986
31984
31983
31981
31979
31978
31976
31975
31974
31974
31974
31972
31971
31971
31971
31970
31970
31970
31969
31968
31968
31967
31965
31965
31965
31964
31964
31964
31963
31962
31962
31962
31961
31960
31953
31953
31950
31950
31950
31950
31947
31947
31945
31944
31943
31942
31939
31939
31937
31935
31934
31934
31933
31932
31931
31931
31931
31931
31930
31929
31929
31927
31924
31924
31924
31923
31923
31921
31921
31921
31919
31919
31916
31916
31915
31915
31915
31914
31913
31913
31912
31912
31910
31910
31909
31909
31908
31906
31906
31904
31903
31902
31898
31897
31894
31893
31892
31889
31889
31888
31888
31887
31885
31883
31882
31882
31880
31880
31880
31879
31879
31879
31877
31877
31875
31875
31874
31872
31871
31871
31871
31870
31870
31869
31868
31868
31867
31865
31863
31863
31861
31860
31860
31857
31856
31854
31854
31854
31853
31852
31852
31852
31851
31850
31850
31849
31847
31845
31844
31842
31840
31840
31838
31835
31834
31833
31830
31829
31829
31829
31828
31828
31822
31822
31821
31820
31820
31819
31819
31818
31817
31816
31815
31814
31814
31812
31811
31810
31810
31809
31809
31807
31806
31804
31803
31802
31798
31798
31797
31796
31796
31796
31796
31794
31793
31793
31792
31791
31791
31791
31789
31789
31789
31788
31788
31786
31786
31782
31777
31776
31775
31775
31775
31774
31770
31770
31769
31768
31768
31767
31764
31763
31763
31763
31762
31761
31761
31761
31760
31760
31756
31755
31754
31754
31753
31753
31753
31752
31751
31750
31748
31748
31747
31747
31745
31744
31744
31743
31743
31743
31742
31742
31741
31739
31737
31736
31736
31734
31733
31733
31729
31729
31726
31725
31725
31724
31724
31723
31722
31722
31720
31719
31719
31718
31715
31715
31714
31713
31713
31711
31711
31710
31709
31706
31705
31699
31697
31697
31697
31695
31694
31694
31693
31693
31693
31692
31691
31691
31690
31689
31689
31689
31686
31685
31685
31685
31684
31684
31683
31683
31682
31680
31679
31679
31677
31676
31675
31675
31673
31671
31669
31668
31668
31666
31666
31666
31665
31664
31664
31662
31661
31660
31660
31660
31659
31658
31657
31657
31657
31657
31654
31653
31651
31647
31647
31646
31645
31644
31644
31644
31642
31642
31641
31641
31639
31638
31635
31635
31634
31634
31632
31631
31631
31629
31628
31628
31627
31624
31623
31623
31622
31620
31620
31618
31618
31618
31618
31616
31616
31616
31616
31615
31615
31614
31613
31612
31612
31612
31612
31611
31611
31610
31610
31609
31606
31604
31604
31603
31602
31601
31598
31597
31597
31597
31595
31594
31594
31593
31593
31592
31590
31590
31590
31590
31588
31587
31586
31584
31584
31581
31579
31579
31578
31577
31577
31573
31572
31568
31568
31568
31566
31565
31563
31563
31563
31557
31556
31554
31554
31551
31548
31548
31547
31547
31546
31545
31544
31543
31543
31542
31541
31541
31541
31540
31540
31539
31537
31536
31535
31534
31533
31532
31527
31525
31525
31524
31523
31523
31523
31523
31516
31516
31514
31509
31509
31505
31504
31504
31503
31503
31502
31501
31501
31500
31499
31497
31497
31492
31491
31487
31486
31486
31485
31485
31485
31483
31483
31482
31481
31481
31480
31479
31479
31478
31476
31473
31472
31471
31470
31469
31469
31469
31469
31468
31467
31466
31466
31464
31464
31463
31461
31460
31459
31458
31458
31458
31457
31456
31455
31455
31453
31452
31451
31450
31449
31449
31448
31448
31447
31444
31444
31442
31442
31442
31442
31442
31441
31440
31440
31440
31439
31438
31438
31438
31436
31435
31434
31431
31429
31428
31427
31426
31425
31425
31424
31423
31421
31421
31421
31420
31418
31417
31414
31414
31412
31410
31410
31410
31407
31407
31406
31405
31405
31405
31405
31404
31404
31403
31402
31401
31401
31400
31400
31399
31398
31398
31395
31394
31393
31391
31391
31391
31390
31390
31387
31387
31385
31384
31383
31382
31382
31381
31380
31376
31376
31376
31376
31376
31375
31374
31374
31372
31372
31372
31371
31371
31369
31369
31367
31367
31366
31365
31365
31363
31362
31358
31357
31356
31352
31351
31349
31348
31348
31348
31340
31339
31338
31337
31337
31336
31336
31336
31335
31333
31333
31333
31329
31329
31329
31328
31325
31325
31325
31323
31322
31322
31321
31320
31320
31320
31318
31318
31314
31314
31314
31314
31311
31310
31310
31309
31309
31307
31306
31305
31304
31303
31302
31302
31302
31300
31300
31299
31298
31297
31296
31295
31295
31295
31294
31293
31292
31291
31291
31291
31291
31288
31288
31287
31286
31286
31284
31283
31282
31281
31281
31279
31278
31277
31275
31272
31270
31270
31267
31267
31266
31266
31265
31265
31263
31263
31263
31263
31263
31259
31258
31255
31255
31254
31254
31254
31254
31254
31253
31253
31252
31247
31245
31241
31241
31240
31240
31236
31235
31235
31234
31233
31233
31232
31231
31231
31231
31230
31229
31229
31227
31225
31224
31224
31224
31223
31223
31222
31222
31218
31217
31216
31216
31215
31215
31213
31207
31206
31202
31202
31202
31202
31202
31199
31199
31198
31198
31197
31196
31196
31196
31195
31193
31190
31189
31189
31188
31188
31182
31181
31180
31179
31178
31177
31175
31175
31173
31173
31170
31170
31170
31169
31168
31168
31168
31166
31166
31164
31162
31162
31162
31160
31160
31160
31159
31158
31157
31155
31151
31151
31150
31149
31145
31143
31142
31141
31141
31141
31140
31139
31138
31138
31137
31137
31137
31136
31135
31133
31132
31131
31130
31128
31128
31125
31123
31123
31123
31122
31122
31122
31121
31121
31119
31118
31118
31117
31116
31116
31114
31113
31113
31112
31110
31110
31109
31108
31107
31105
31104
31103
31099
31099
31096
31095
31092
31091
31091
31089
31086
31083
31082
31082
31082
31081
31081
31077
31077
31076
31074
31073
31071
31071
31070
31069
31068
31068
31067
31066
31062
31059
31059
31058
31057
31056
31055
31054
31048
31048
31047
31047
31046
31046
31045
31043
31043
31041
31041
31040
31040
31038
31037
31036
31035
31034
31033
31032
31030
31030
31029
31027
31026
31025
31024
31023
31022
31022
31021
31020
31016
31015
31012
31012
31011
31010
31009
31008
31007
31006
31006
31004
31004
31003
31001
31000
30999
30998
30997
30997
30996
30996
30995
30994
30994
30994
30994
30994
30994
30993
30991
30990
30990
30989
30989
30989
30988
30986
30986
30985
30984
30984
30983
30982
30981
30978
30978
30977
30977
30976
30976
30976
30975
30975
30973
30972
30971
30971
30971
30969
30969
30968
30964
30963
30963
30963
30956
30955
30955
30954
30954
30953
30953
30953
30952
30952
30952
30950
30950
30949
30949
30948
30948
30946
30944
30944
30943
30943
30942
30941
30939
30939
30938
30937
30937
30937
30936
30935
30934
30933
30932
30932
30930
30928
30928
30928
30927
30927
30927
30927
30926
30922
30921
30921
30920
30920
30919
30917
30916
30915
30914
30913
30913
30911
30911
30911
30910
30908
30906
30906
30906
30905
30905
30905
30904
30903
30902
30901
30897
30894
30894
30893
30893
30891
30891
30889
30888
30888
30888
30887
30887
30886
30886
30885
30883
30882
30882
30882
30882
30881
30880
30880
30879
30878
30877
30877
30876
30874
30874
30874
30874
30872
30871
30871
30871
30871
30870
30870
30869
30867
30867
30867
30866
30863
30862
30861
30861
30861
30860
30860
30860
30860
30859
30859
30858
30856
30856
30855
30853
30852
30851
30850
30850
30850
30849
30847
30845
30842
30841
30841
30840
30840
30840
30838
30834
30832
30830
30829
30829
30828
30828
30827
30818
30817
30813
30813
30812
30812
30808
30807
30806
30806
30805
30804
30804
30804
30803
30802
30800
30800
30798
30798
30797
30795
30795
30795
30795
30794
30794
30792
30792
30791
30790
30790
30783
30783
30783
30782
30782
30781
30780
30779
30779
30779
30778
30778
30778
30778
30777
30777
30776
30776
30776
30775
30775
30774
30771
30771
30771
30770
30770
30769
30769
30766
30765
30764
30764
30761
30760
30760
30759
30759
30757
30757
30756
30755
30754
30754
30753
30753
30752
30751
30750
30748
30747
30746
30746
30745
30744
30744
30744
30744
30744
30743
30742
30741
30741
30741
30738
30737
30736
30736
30735
30735
30734
30734
30734
30734
30733
30732
30731
30728
30727
30726
30726
30725
30722
30721
30720
30719
30718
30717
30717
30712
30712
30710
30709
30707
30706
30704
30703
30703
30701
30700
30696
30696
30696
30695
30695
30692
30691
30690
30689
30689
30689
30688
30688
30687
30684
30684
30684
30684
30683
30683
30683
30683
30683
30683
30682
30681
30679
30678
30678
30678
30677
30677
30677
30676
30676
30676
30674
30672
30670
30669
30668
30665
30664
30663
30662
30658
30658
30658
30657
30656
30653
30652
30651
30650
30650
30649
30648
30647
30647
30646
30646
30644
30644
30643
30642
30642
30641
30641
30640
30639
30638
30638
30638
30638
30638
30638
30638
30637
30635
30633
30632
30629
30629
30627
30624
30623
30623
30620
30620
30620
30619
30618
30617
30615
30612
30612
30611
30610
30610
30609
30609
30605
30604
30602
30601
30600
30600
30600
30594
30593
30592
30592
30591
30591
30590
30588
30587
30586
30586
30585
30585
30583
30583
30581
30581
30580
30579
30573
30571
30570
30569
30568
30568
30565
30565
30564
30564
30562
30562
30556
30555
30555
30554
30553
30553
30553
30553
30552
30551
30550
30550
30548
30547
30545
30544
30543
30543
30542
30541
30540
30537
30536
30535
30535
30530
30529
30529
30526
30524
30524
30523
30521
30521
30520
30519
30518
30517
30517
30515
30515
30514
30514
30512
30509
30509
30508
30507
30506
30506
30503
30502
30502
30501
30499
30499
30499
30498
30496
30494
30494
30494
30493
30493
30488
30486
30486
30486
30486
30485
30482
30480
30480
30480
30480
30479
30478
30476
30475
30474
30472
30471
30471
30467
30466
30465
30465
30465
30462
30462
30460
30459
30459
30458
30458
30455
30454
30453
30453
30450
30448
30448
30447
30447
30447
30444
30444
30442
30441
30440
30440
30439
30438
30438
30437
30437
30436
30436
30436
30435
30434
30434
30433
30433
30430
30430
30430
30430
30428
30428
30425
30425
30424
30422
30421
30419
30417
30414
30414
30413
30412
30412
30411
30411
30411
30408
30408
30407
30406
30406
30405
30404
30403
30401
30401
30401
30401
30400
30399
30398
30398
30397
30396
30395
30394
30393
30392
30389
30388
30385
30383
30383
30380
30380
30379
30378
30376
30376
30376
30374
30372
30372
30372
30371
30370
30367
30364
30364
30363
30363
30362
30362
30362
30360
30360
30360
30359
30359
30355
30353
30353
30350
30350
30349
30348
30344
30341
30340
30339
30338
30337
30337
30337
30332
30332
30332
30330
30329
30328
30326
30326
30325
30324
30324
30323
30320
30320
30320
30320
30319
30316
30315
30312
30311
30311
30308
30308
30307
30306
30305
30305
30303
30300
30299
30298
30298
30296
30295
30294
30294
30293
30293
30293
30291
30291
30290
30289
30288
30287
30287
30287
30286
30285
30284
30284
30283
30282
30281
30281
30281
30280
30280
30279
30278
30278
30276
30276
30275
30274
30271
30271
30271
30270
30270
30266
30265
30265
30263
30263
30262
30262
30261
30260
30259
30257
30257
30257
30257
30256
30255
30255
30254
30253
30253
30250
30249
30247
30246
30245
30245
30243
30242
30241
30241
30240
30240
30239
30239
30238
30237
30237
30236
30235
30235
30232
30231
30229
30228
30228
30226
30225
30225
30224
30224
30223
30223
30222
30220
30220
30218
30218
30217
30217
30216
30214
30214
30214
30213
30212
30212
30211
30211
30210
30208
30207
30207
30206
30204
30204
30203
30202
30202
30201
30200
30200
30200
30200
30200
30198
30198
30197
30193
30193
30192
30190
30188
30188
30187
30186
30185
30185
30184
30178
30178
30178
30175
30172
30172
30170
30170
30166
30164
30164
30163
30161
30159
30159
30158
30154
30154
30153
30153
30153
30152
30152
30151
30151
30149
30149
30147
30147
30147
30147
30147
30146
30145
30145
30142
30142
30141
30141
30140
30139
30139
30138
30138
30138
30138
30137
30137
30137
30136
30135
30135
30132
30132
30130
30128
30128
30127
30127
30127
30126
30126
30126
30125
30125
30122
30122
30122
30119
30119
30118
30117
30114
30114
30114
30114
30114
30111
30109
30108
30107
30106
30105
30104
30103
30101
30101
30099
30099
30098
30095
30094
30092
30092
30086
30086
30084
30084
30084
30081
30080
30079
30076
30073
30073
30072
30071
30071
30071
30071
30069
30068
30067
30066
30066
30064
30064
30063
30063
30062
30061
30060
30060
30060
30059
30059
30058
30057
30055
30055
30055
30051
30047
30046
30045
30045
30042
30041
30039
30038
30038
30036
30036
30035
30035
30034
30033
30030
30029
30028
30027
30027
30027
30027
30026
30026
30025
30025
30024
30023
30023
30023
30020
30020
30017
30016
30016
30016
30016
30015
30015
30013
30013
30011
30010
30008
30008
30008
30006
30005
30004
30002
30001
30001
30000
30000
30000
29999
29999
29998
29997
29997
29996
29996
29996
29995
29993
29991
29991
29991
29987
29985
29984
29982
29981
29979
29977
29977
29974
29973
29971
29970
29969
29969
29969
29967
29966
29965
29963
29962
29960
29958
29958
29956
29954
29952
29951
29950
29950
29949
29948
29947
29944
29944
29944
29942
29940
29939
29938
29934
29934
29934
29933
29932
29932
29931
29931
29931
29930
29930
29928
29928
29926
29926
29925
29924
29922
29921
29921
29921
29920
29920
29919
29918
29918
29917
29915
29915
29913
29913
29912
29912
29912
29912
29911
29910
29910
29907
29906
29904
29903
29903
29902
29902
29901
29900
29899
29898
29896
29895
29895
29895
29894
29893
29893
29893
29892
29891
29890
29890
29890
29889
29889
29883
29882
29880
29879
29879
29878
29876
29875
29875
29875
29873
29872
29872
29870
29868
29867
29867
29865
29864
29864
29863
29863
29863
29863
29861
29860
29859
29858
29857
29856
29855
29855
29854
29854
29854
29853
29853
29852
29851
29850
29848
29848
29846
29846
29845
29845
29842
29842
29841
29840
29840
29840
29840
29839
29838
29838
29838
29836
29836
29834
29834
29833
29832
29830
29830
29829
29829
29827
29827
29826
29826
29825
29823
29822
29822
29821
29820
29819
29816
29815
29814
29814
29814
29812
29812
29811
29810
29810
29810
29808
29807
29807
29806
29804
29803
29803
29802
29801
29800
29798
29797
29795
29795
29793
29791
29791
29791
29790
29789
29789
29788
29788
29788
29787
29787
29786
29784
29784
29783
29783
29783
29783
29782
29782
29782
29781
29780
29779
29779
29778
29775
29774
29772
29772
29772
29771
29771
29766
29765
29765
29764
29762
29761
29760
29758
29758
29757
29756
29755
29753
29752
29751
29750
29749
29748
29745
29745
29745
29745
29742
29739
29739
29738
29737
29736
29734
29734
29731
29728
29725
29724
29724
29723
29723
29722
29721
29721
29720
29720
29719
29719
29718
29718
29718
29717
29717
29716
29715
29714
29711
29711
29711
29710
29709
29708
29707
29706
29706
29705
29705
29700
29699
29699
29697
29695
29694
29694
29693
29692
29691
29690
29690
29687
29686
29685
29684
29683
29683
29682
29681
29680
29679
29678
29677
29675
29675
29675
29674
29674
29673
29672
29671
29670
29669
29667
29666
29664
29664
29661
29661
29660
29660
29659
29659
29659
29653
29652
29651
29651
29644
29644
29643
29642
29639
29638
29638
29638
29637
29637
29636
29636
29634
29633
29632
29631
29629
29628
29628
29621
29621
29620
29619
29618
29618
29617
29617
29616
29615
29615
29615
29614
29612
29611
29611
29609
29609
29608
29608
29608
29607
29606
29606
29604
29603
29603
29601
29600
29599
29599
29594
29593
29593
29592
29591
29588
29587
29587
29586
29586
29586
29585
29585
29585
29585
29582
29580
29580
29579
29578
29577
29573
29572
29570
29568
29568
29568
29568
29566
29566
29566
29565
29562
29561
29559
29558
29554
29554
29552
29549
29549
29547
29546
29545
29544
29544
29544
29543
29541
29541
29540
29538
29538
29535
29533
29532
29529
29528
29527
29527
29527
29527
29526
29526
29525
29524
29524
29521
29519
29514
29512
29512
29511
29510
29509
29508
29506
29504
29504
29501
29500
29500
29499
29497
29497
29494
29494
29493
29491
29491
29491
29491
29490
29488
29487
29485
29483
29481
29480
29480
29479
29477
29476
29475
29475
29475
29474
29469
29469
29468
29468
29468
29465
29465
29464
29464
29462
29462
29461
29460
29460
29459
29458
29458
29456
29454
29453
29452
29450
29449
29449
29448
29447
29446
29444
29444
29441
29439
29436
29436
29436
29434
29434
29433
29433
29433
29432
29430
29430
29430
29429
29427
29427
29425
29424
29424
29424
29423
29423
29421
29421
29419
29418
29418
29418
29417
29417
29415
29415
29414
29413
29409
29409
29409
29409
29409
29409
29407
29406
29405
29404
29401
29399
29398
29396
29395
29395
29395
29393
29392
29391
29390
29390
29389
29389
29388
29388
29388
29387
29385
29383
29379
29379
29377
29377
29375
29372
29371
29371
29371
29370
29370
29368
29368
29368
29366
29366
29365
29365
29365
29364
29362
29359
29356
29355
29353
29350
29349
29346
29346
29346
29344
29344
29343
29343
29341
29339
29337
29335
29334
29332
29332
29331
29331
29328
29327
29327
29327
29326
29323
29323
29322
29321
29317
29317
29316
29315
29314
29314
29313
29313
29312
29311
29310
29310
29310
29309
29309
29309
29308
29306
29305
29305
29305
29304
29304
29303
29302
29301
29298
29298
29296
29296
29295
29294
29294
29293
29293
29292
29292
29292
29292
29290
29290
29288
29286
29285
29285
29285
29284
29282
29278
29275
29274
29274
29273
29272
29271
29271
29270
29268
29261
29261
29261
29260
29260
29259
29259
29258
29256
29255
29254
29253
29252
29251
29249
29249
29246
29246
29245
29241
29241
29240
29240
29240
29240
29239
29239
29239
29238
29235
29233
29233
29232
29231
29231
29231
29231
29228
29228
29225
29224
29223
29223
29221
29221
29219
29217
29217
29216
29215
29214
29214
29211
29206
29204
29202
29202
29201
29199
29198
29197
29197
29196
29195
29195
29194
29193
29193
29192
29192
29192
29192
29191
29190
29189
29189
29188
29188
29187
29187
29186
29186
29186
29185
29185
29185
29183
29182
29181
29180
29179
29178
29178
29177
29177
29177
29175
29175
29173
29172
29171
29170
29169
29169
29168
29168
29167
29166
29165
29165
29163
29162
29161
29161
29159
29157
29157
29157
29156
29155
29155
29154
29152
29152
29151
29151
29150
29149
29149
29149
29148
29147
29145
29143
29142
29141
29140
29140
29139
29139
29137
29137
29136
29136
29135
29133
29128
29127
29125
29125
29124
29124
29123
29123
29123
29122
29122
29121
29121
29119
29118
29116
29115
29115
29113
29113
29112
29111
29109
29109
29108
29107
29107
29106
29105
29104
29102
29101
29099
29099
29099
29097
29097
29095
29094
29094
29092
29091
29089
29086
29085
29084
29081
29079
29076
29076
29076
29074
29071
29071
29071
29070
29069
29069
29068
29066
29065
29065
29065
29064
29064
29064
29061
29060
29059
29059
29058
29056
29056
29056
29055
29054
29054
29053
29052
29052
29049
29048
29047
29047
29047
29045
29044
29044
29044
29043
29043
29042
29041
29040
29037
29036
29036
29035
29033
29033
29032
29027
29026
29026
29025
29024
29023
29021
29021
29020
29019
29017
29017
29015
29015
29015
29015
29013
29012
29012
29011
29009
29009
29008
29008
29005
29002
28999
28999
28998
28997
28997
28997
28996
28995
28995
28994
28993
28992
28990
28989
28988
28987
28985
28984
28983
28982
28982
28980
28979
28978
28978
28977
28976
28976
28973
28972
28972
28972
28971
28970
28969
28968
28968
28967
28966
28965
28964
28964
28963
28962
28961
28961
28960
28960
28958
28956
28955
28953
28953
28952
28950
28949
28948
28947
28947
28945
28945
28945
28942
28941
28941
28940
28939
28938
28938
28938
28936
28935
28934
28934
28933
28932
28932
28931
28931
28931
28928
28926
28926
28923
28923
28923
28922
28921
28920
28918
28917
28916
28916
28915
28912
28910
28908
28908
28907
28907
28905
28904
28904
28903
28902
28901
28899
28899
28898
28896
28896
28894
28893
28892
28891
28890
28889
28889
28886
28886
28885
28885
28881
28880
28879
28878
28878
28878
28876
28873
28872
28872
28872
28871
28871
28871
28869
28867
28866
28866
28864
28863
28862
28862
28862
28861
28858
28858
28854
28853
28853
28852
28850
28848
28848
28846
28844
28844
28842
28841
28841
28841
28840
28839
28833
28832
28831
28831
28831
28829
28827
28823
28822
28822
28821
28820
28819
28818
28817
28814
28814
28813
28813
28812
28812
28807
28806
28806
28805
28804
28804
28803
28803
28803
28800
28800
28799
28796
28795
28795
28795
28793
28793
28791
28791
28790
28789
28783
28783
28782
28780
28780
28779
28777
28776
28776
28775
28774
28773
28773
28772
28768
28767
28766
28766
28766
28765
28765
28764
28761
28759
28758
28758
28757
28753
28753
28750
28749
28749
28749
28748
28748
28743
28743
28742
28740
28740
28740
28740
28740
28739
28739
28737
28736
28735
28735
28734
28734
28732
28731
28730
28729
28728
28728
28727
28725
28724
28723
28723
28723
28723
28722
28720
28720
28717
28717
28716
28715
28714
28712
28711
28710
28709
28707
28707
28704
28704
28701
28700
28699
28698
28698
28698
28697
28696
28696
28693
28693
28691
28690
28689
28689
28688
28688
28687
28687
28686
28686
28686
28685
28685
28683
28681
28681
28678
28678
28677
28677
28676
28675
28675
28675
28673
28673
28670
28669
28668
28667
28666
28664
28663
28660
28660
28657
28657
28657
28656
28656
28654
28653
28653
28651
28650
28650
28649
28649
28648
28648
28648
28644
28643
28642
28641
28641
28640
28640
28637
28637
28635
28632
28631
28630
28630
28627
28624
28624
28624
28624
28623
28621
28620
28620
28620
28619
28618
28617
28616
28616
28615
28615
28614
28612
28612
28611
28611
28608
28608
28606
28606
28603
28602
28602
28600
28600
28598
28598
28594
28593
28593
28592
28592
28589
28588
28588
28587
28585
28584
28584
28584
28584
28584
28583
28580
28577
28577
28574
28574
28572
28571
28567
28567
28567
28567
28566
28566
28565
28563
28563
28562
28561
28560
28560
28560
28559
28557
28555
28554
28553
28553
28552
28551
28551
28551
28549
28544
28544
28542
28542
28540
28540
28539
28537
28535
28534
28533
28531
28528
28528
28528
28526
28526
28525
28525
28525
28524
28519
28519
28518
28517
28516
28516
28514
28512
28510
28509
28507
28506
28506
28505
28505
28505
28502
28501
28499
28499
28497
28495
28494
28492
28492
28491
28489
28489
28489
28488
28488
28488
28486
28485
28484
28484
28482
28481
28480
28478
28477
28477
28475
28474
28472
28472
28470
28470
28470
28468
28466
28465
28464
28464
28463
28463
28462
28462
28461
28461
28461
28461
28459
28457
28456
28456
28456
28455
28455
28454
28453
28449
28448
28446
28446
28446
28446
28444
28443
28443
28443
28443
28442
28442
28441
28439
28439
28436
28435
28435
28432
28430
28429
28428
28426
28424
28424
28423
28422
28421
28421
28420
28420
28420
28419
28418
28417
28416
28416
28414
28412
28410
28410
28409
28409
28408
28408
28407
28407
28407
28406
28405
28404
28404
28404
28403
28403
28403
28402
28401
28399
28396
28395
28393
28393
28392
28387
28386
28385
28385
28384
28384
28380
28380
28379
28377
28377
28376
28376
28376
28375
28373
28373
28373
28373
28371
28371
28370
28368
28368
28366
28364
28362
28362
28361
28361
28361
28360
28358
28357
28357
28353
28352
28352
28350
28350
28350
28349
28348
28348
28347
28347
28345
28345
28345
28345
28341
28341
28340
28340
28340
28339
28338
28337
28336
28336
28335
28334
28334
28333
28332
28331
28329
28329
28329
28328
28327
28326
28326
28326
28324
28323
28322
28322
28321
28321
28320
28317
28317
28317
28315
28312
28309
28309
28308
28308
28308
28306
28305
28304
28303
28302
28301
28300
28300
28299
28297
28295
28295
28293
28293
28293
28293
28293
28292
28291
28290
28289
28289
28288
28287
28284
28284
28281
28279
28279
28277
28276
28274
28273
28273
28270
28269
28269
28268
28268
28268
28267
28267
28266
28266
28265
28265
28262
28259
28258
28257
28257
28256
28255
28255
28252
28250
28249
28247
28247
28245
28243
28243
28242
28239
28238
28236
28236
28236
28235
28234
28232
28232
28232
28229
28228
28227
28226
28225
28225
28224
28223
28222
28221
28221
28220
28220
28220
28220
28219
28219
28217
28216
28215
28214
28213
28212
28210
28210
28209
28208
28206
28205
28205
28205
28204
28204
28203
28203
28203
28201
28199
28199
28199
28199
28198
28198
28197
28197
28195
28195
28193
28192
28192
28191
28191
28190
28188
28187
28184
28182
28182
28182
28181
28181
28181
28181
28181
28180
28180
28179
28178
28178
28178
28177
28177
28175
28173
28172
28171
28171
28169
28169
28168
28168
28167
28167
28166
28166
28165
28165
28163
28162
28161
28161
28160
28159
28159
28159
28155
28149
28149
28148
28148
28148
28148
28148
28146
28145
28145
28144
28144
28144
28143
28141
28141
28140
28139
28139
28139
28137
28137
28137
28136
28135
28135
28135
28135
28135
28134
28133
28132
28131
28130
28129
28128
28127
28126
28124
28124
28123
28122
28121
28118
28118
28117
28116
28116
28115
28113
28112
28112
28111
28109
28108
28106
28105
28103
28102
28100
28100
28099
28099
28099
28098
28098
28097
28096
28095
28094
28093
28092
28091
28091
28090
28088
28088
28087
28086
28083
28082
28081
28080
28079
28079
28077
28077
28077
28075
28074
28073
28072
28070
28070
28069
28069
28068
28065
28065
28063
28063
28062
28060
28059
28058
28058
28057
28056
28056
28056
28052
28048
28048
28048
28048
28047
28046
28046
28044
28043
28040
28038
28037
28037
28036
28035
28035
28033
28033
28032
28032
28031
28030
28030
28029
28028
28028
28026
28025
28025
28025
28024
28024
28023
28023
28022
28021
28021
28019
28018
28018
28017
28016
28015
28015
28013
28012
28011
28011
28011
28010
28010
28010
28009
28007
28006
28005
28005
28003
28003
28002
28000
27999
27998
27997
27996
27995
27989
27986
27986
27984
27983
27983
27982
27982
27982
27981
27981
27980
27980
27977
27976
27974
27974
27970
27967
27964
27963
27962
27960
27958
27958
27956
27953
27952
27951
27951
27950
27950
27950
27948
27947
27947
27946
27945
27944
27941
27940
27939
27938
27938
27937
27936
27936
27936
27934
27932
27930
27929
27928
27926
27926
27924
27924
27921
27921
27918
27918
27916
27916
27916
27915
27915
27913
27911
27911
27910
27906
27905
27905
27903
27897
27896
27895
27895
27893
27892
27889
27888
27888
27887
27886
27884
27883
27880
27880
27877
27877
27876
27875
27870
27870
27869
27868
27866
27866
27866
27864
27863
27863
27862
27862
27861
27860
27860
27860
27860
27858
27858
27856
27854
27854
27851
27851
27850
27849
27847
27846
27844
27844
27841
27840
27837
27836
27834
27833
27832
27831
27831
27830
27828
27828
27828
27827
27827
27827
27825
27823
27822
27815
27812
27812
27809
27809
27809
27807
27807
27807
27806
27805
27805
27805
27804
27803
27802
27802
27800
27798
27798
27796
27794
27792
27792
27789
27788
27787
27787
27786
27784
27782
27782
27780
27780
27778
27777
27775
27775
27774
27774
27773
27772
27772
27771
27771
27771
27768
27767
27766
27763
27763
27762
27761
27759
27759
27755
27755
27754
27754
27753
27750
27749
27749
27749
27746
27745
27742
27742
27742
27741
27741
27736
27735
27733
27733
27731
27727
27724
27723
27720
27720
27720
27718
27717
27717
27716
27714
27714
27714
27713
27712
27711
27711
27708
27707
27702
27702
27701
27701
27700
27699
27698
27698
27698
27696
27695
27695
27695
27694
27693
27692
27689
27689
27688
27687
27686
27686
27685
27684
27684
27683
27681
27681
27679
27678
27677
27677
27677
27675
27674
27673
27672
27672
27672
27671
27670
27668
27665
27663
27662
27661
27660
27658
27658
27657
27656
27655
27655
27653
27653
27652
27650
27650
27646
27646
27646
27645
27643
27640
27639
27639
27639
27638
27637
27636
27634
27633
27632
27632
27631
27631
27630
27630
27630
27628
27628
27626
27625
27624
27624
27624
27624
27623
27620
27618
27617
27617
27615
27614
27612
27612
27610
27610
27609
27609
27609
27605
27604
27603
27601
27600
27600
27598
27598
27598
27597
27596
27596
27594
27593
27592
27589
27585
27583
27583
27583
27583
27583
27582
27581
27580
27580
27580
27576
27575
27575
27575
27574
27573
27572
27570
27570
27568
27566
27566
27564
27563
27561
27559
27558
27558
27557
27556
27552
27551
27550
27550
27547
27546
27546
27544
27542
27541
27539
27539
27539
27539
27537
27537
27537
27537
27536
27536
27535
27533
27532
27532
27531
27529
27528
27526
27524
27523
27521
27520
27517
27517
27517
27517
27514
27514
27514
27513
27513
27512
27509
27508
27507
27506
27505
27503
27503
27502
27501
27500
27500
27500
27499
27495
27495
27495
27495
27494
27492
27491
27491
27490
27489
27489
27488
27486
27485
27484
27484
27483
27482
27482
27481
27480
27480
27478
27478
27477
27476
27476
27475
27473
27472
27470
27468
27468
27465
27463
27463
27462
27462
27460
27459
27458
27458
27458
27457
27455
27454
27453
27451
27446
27445
27444
27444
27444
27443
27443
27441
27440
27438
27437
27435
27434
27434
27434
27433
27433
27432
27431
27431
27430
27428
27428
27427
27426
27426
27426
27425
27425
27424
27422
27418
27417
27415
27415
27415
27414
27413
27412
27411
27410
27401
27400
27400
27400
27399
27397
27396
27396
27395
27395
27394
27393
27393
27392
27391
27391
27390
27389
27385
27384
27384
27382
27382
27380
27378
27378
27377
27376
27374
27372
27371
27367
27365
27364
27364
27363
27363
27363
27359
27358
27355
27355
27354
27353
27352
27352
27352
27350
27349
27348
27348
27348
27346
27345
27345
27344
27343
27342
27340
27340
27337
27335
27334
27333
27332
27330
27330
27330
27329
27328
27328
27328
27328
27325
27325
27325
27324
27323
27323
27322
27319
27317
27317
27314
27313
27313
27312
27311
27311
27311
27310
27307
27306
27305
27303
27303
27303
27303
27302
27299
27298
27298
27294
27293
27292
27292
27291
27291
27290
27289
27289
27289
27288
27287
27284
27279
27277
27276
27276
27275
27275
27273
27273
27273
27272
27272
27271
27271
27270
27270
27269
27268
27266
27264
27264
27263
27257
27257
27255
27254
27254
27252
27250
27250
27249
27248
27247
27246
27244
27244
27243
27243
27242
27242
27242
27240
27239
27239
27239
27239
27238
27237
27237
27237
27236
27235
27235
27234
27232
27232
27231
27229
27229
27228
27227
27227
27225
27223
27222
27220
27219
27219
27218
27218
27215
27215
27214
27213
27213
27210
27210
27210
27209
27206
27205
27201
27198
27196
27195
27192
27189
27189
27188
27186
27182
27181
27180
27178
27177
27176
27176
27176
27174
27173
27173
27172
27171
27171
27171
27170
27170
27166
27163
27163
27162
27162
27159
27159
27158
27158
27158
27157
27157
27157
27156
27153
27151
27150
27149
27149
27148
27147
27146
27146
27146
27146
27146
27145
27144
27144
27144
27143
27143
27142
27137
27136
27135
27134
27134
27133
27132
27131
27131
27131
27130
27123
27123
27122
27120
27116
27114
27114
27114
27114
27112
27111
27111
27109
27109
27105
27102
27102
27101
27100
27100
27100
27100
27098
27097
27096
27095
27094
27094
27094
27092
27092
27092
27089
27087
27086
27083
27083
27082
27081
27080
27076
27076
27073
27073
27072
27071
27068
27067
27067
27067
27066
27065
27064
27060
27060
27059
27058
27058
27056
27056
27054
27053
27052
27051
27050
27049
27048
27048
27043
27043
27040
27037
27035
27035
27033
27032
27031
27031
27031
27028
27027
27027
27025
27025
27024
27024
27023
27023
27023
27023
27021
27020
27014
27013
27011
27010
27009
27007
27007
27006
27006
27006
27006
27005
27004
27004
27003
26999
26996
26996
26995
26995
26995
26995
26992
26992
26990
26990
26989
26984
26983
26982
26981
26981
26977
26977
26977
26975
26975
26973
26972
26972
26971
26971
26970
26969
26969
26967
26967
26966
26966
26966
26964
26964
26961
26961
26958
26958
26958
26957
26957
26957
26956
26956
26956
26956
26954
26954
26953
26953
26953
26952
26952
26951
26951
26951
26950
26949
26949
26943
26938
26938
26938
26937
26937
26937
26936
26936
26934
26933
26932
26932
26931
26929
26929
26928
26928
26927
26926
26926
26925
26925
26925
26924
26921
26920
26919
26919
26916
26915
26913
26911
26911
26911
26909
26908
26907
26907
26905
26905
26903
26898
26897
26896
26895
26895
26895
26894
26891
26890
26890
26890
26887
26886
26886
26884
26881
26881
26878
26875
26875
26874
26873
26873
26872
26872
26872
26870
26870
26870
26869
26868
26866
26861
26859
26859
26856
26854
26853
26849
26849
26848
26846
26846
26846
26845
26844
26844
26843
26843
26841
26839
26837
26836
26834
26833
26833
26832
26831
26831
26828
26827
26827
26827
26827
26826
26825
26823
26823
26820
26819
26819
26817
26815
26812
26812
26811
26810
26810
26810
26810
26808
26807
26806
26806
26806
26805
26805
26805
26803
26802
26801
26801
26800
26800
26800
26800
26799
26799
26799
26798
26797
26796
26795
26795
26794
26794
26790
26790
26788
26788
26787
26787
26786
26785
26784
26783
26781
26780
26780
26779
26778
26775
26774
26774
26774
26773
26772
26772
26771
26771
26768
26768
26767
26761
26760
26759
26758
26757
26754
26751
26751
26751
26750
26749
26749
26748
26748
26747
26747
26747
26746
26746
26746
26745
26745
26744
26741
26741
26740
26739
26738
26738
26738
26737
26736
26734
26734
26734
26733
26733
26732
26732
26729
26728
26727
26727
26726
26725
26724
26724
26723
26721
26718
26716
26713
26712
26712
26711
26711
26709
26708
26705
26705
26705
26704
26703
26702
26702
26700
26697
26697
26697
26696
26696
26696
26695
26695
26693
26692
26691
26690
26690
26690
26689
26688
26686
26685
26683
26683
26682
26679
26678
26678
26675
26675
26674
26674
26670
26668
26666
26666
26666
26666
26665
26663
26663
26663
26663
26663
26661
26661
26660
26659
26659
26657
26656
26656
26655
26652
26652
26651
26651
26651
26650
26648
26647
26646
26646
26646
26646
26646
26645
26644
26644
26644
26643
26642
26640
26638
26638
26638
26635
26633
26632
26631
26631
26629
26628
26628
26628
26627
26625
26625
26624
26619
26619
26618
26616
26616
26615
26615
26613
26611
26610
26610
26610
26609
26609
26609
26608
26607
26605
26605
26605
26604
26604
26604
26603
26602
26602
26601
26600
26600
26599
26597
26596
26596
26592
26592
26591
26591
26590
26590
26589
26589
26588
26585
26584
26583
26579
26578
26577
26577
26576
26575
26575
26574
26574
26574
26573
26572
26566
26566
26564
26563
26563
26562
26558
26557
26556
26556
26556
26555
26554
26554
26553
26553
26552
26552
26550
26549
26549
26549
26548
26547
26547
26546
26546
26546
26546
26546
26544
26543
26542
26542
26542
26541
26540
26540
26539
26538
26538
26537
26537
26534
26533
26531
26531
26530
26530
26529
26529
26528
26528
26528
26527
26526
26526
26525
26524
26524
26524
26523
26523
26523
26521
26519
26519
26518
26516
26516
26516
26515
26512
26511
26509
26509
26509
26505
26501
26499
26498
26496
26496
26495
26494
26493
26493
26492
26489
26489
26488
26485
26485
26484
26484
26484
26481
26480
26478
26478
26477
26477
26477
26476
26475
26475
26473
26473
26471
26469
26469
26468
26464
26464
26464
26463
26460
26460
26459
26459
26459
26454
26452
26451
26450
26448
26447
26446
26446
26443
26443
26442
26441
26437
26437
26437
26437
26435
26435
26434
26433
26433
26432
26431
26431
26430
26430
26429
26429
26429
26428
26426
26424
26424
26423
26423
26423
26422
26420
26420
26418
26418
26417
26415
26413
26413
26411
26409
26408
26408
26408
26408
26407
26407
26406
26405
26405
26405
26403
26402
26402
26401
26401
26400
26400
26399
26399
26398
26390
26389
26389
26388
26388
26383
26382
26381
26380
26379
26378
26378
26375
26373
26371
26368
26366
26362
26361
26361
26361
26361
26358
26358
26354
26353
26353
26353
26353
26350
26350
26350
26349
26347
26347
26346
26345
26345
26344
26344
26344
26344
26344
26343
26343
26340
26338
26338
26337
26337
26336
26335
26335
26330
26329
26329
26326
26324
26324
26324
26323
26322
26321
26320
26319
26319
26318
26317
26317
26313
26312
26311
26310
26309
26308
26307
26306
26305
26304
26304
26303
26303
26302
26300
26299
26297
26296
26295
26295
26294
26293
26293
26292
26291
26289
26289
26289
26289
26287
26287
26286
26286
26285
26283
26281
26279
26278
26278
26276
26274
26274
26274
26272
26270
26269
26265
26264
26264
26263
26261
26261
26260
26256
26255
26254
26253
26252
26251
26250
26249
26249
26246
26242
26238
26236
26235
26234
26234
26233
26232
26232
26232
26232
26230
26227
26227
26225
26223
26221
26221
26220
26220
26219
26218
26217
26217
26216
26216
26216
26213
26212
26211
26210
26210
26209
26208
26207
26204
26203
26202
26200
26196
26195
26193
26193
26192
26192
26191
26190
26188
26186
26182
26181
26180
26180
26180
26178
26175
26174
26173
26172
26172
26170
26169
26168
26161
26161
26159
26158
26158
26156
26155
26155
26154
26154
26151
26151
26150
26146
26145
26145
26144
26143
26142
26141
26141
26140
26139
26138
26138
26136
26135
26132
26132
26130
26130
26129
26128
26127
26125
26125
26124
26122
26121
26120
26119
26118
26116
26115
26114
26113
26113
26110
26109
26108
26107
26107
26106
26104
26104
26103
26102
26101
26100
26100
26100
26093
26092
26091
26087
26087
26086
26085
26084
26081
26080
26080
26079
26079
26078
26078
26078
26077
26077
26076
26076
26075
26075
26074
26072
26071
26070
26068
26068
26067
26067
26066
26066
26065
26062
26061
26061
26059
26059
26057
26055
26054
26054
26054
26053
26053
26052
26050
26049
26048
26048
26048
26047
26047
26047
26046
26046
26045
26044
26044
26043
26043
26040
26040
26040
26040
26040
26039
26036
26036
26033
26032
26032
26031
26030
26029
26026
26025
26025
26024
26020
26020
26018
26016
26011
26011
26011
26010
26009
26008
26008
26008
26007
26003
26003
26002
26002
26001
26000
25997
25997
25996
25996
25995
25993
25993
25992
25992
25992
25992
25992
25991
25991
25990
25988
25988
25987
25985
25984
25983
25982
25981
25976
25976
25973
25973
25973
25972
25971
25970
25970
25968
25968
25965
25965
25964
25964
25960
25958
25958
25958
25958
25958
25957
25954
25952
25952
25951
25950
25949
25949
25949
25948
25946
25944
25944
25942
25941
25940
25939
25939
25938
25938
25937
25937
25937
25937
25936
25936
25935
25933
25933
25932
25931
25931
25931
25930
25930
25930
25928
25927
25921
25921
25920
25919
25916
25916
25915
25915
25915
25913
25911
25909
25907
25905
25905
25905
25905
25904
25904
25904
25903
25902
25901
25900
25900
25899
25899
25898
25898
25897
25897
25896
25896
25896
25895
25895
25894
25892
25891
25890
25889
25885
25885
25884
25884
25883
25883
25883
25882
25881
25879
25879
25878
25878
25877
25877
25876
25875
25875
25874
25874
25873
25873
25872
25872
25871
25871
25869
25868
25867
25866
25865
25862
25860
25859
25859
25857
25854
25854
25854
25854
25853
25853
25851
25851
25850
25850
25849
25849
25847
25847
25847
25846
25845
25845
25843
25842
25839
25838
25837
25837
25836
25836
25836
25835
25834
25832
25826
25825
25823
25823
25823
25822
25822
25821
25820
25819
25819
25818
25818
25816
25814
25813
25812
25810
25810
25810
25808
25808
25808
25807
25806
25804
25804
25804
25803
25803
25802
25801
25801
25799
25797
25794
25793
25792
25790
25789
25788
25787
25786
25784
25783
25782
25781
25781
25781
25780
25780
25778
25776
25776
25775
25774
25773
25772
25772
25772
25771
25769
25769
25769
25767
25766
25766
25764
25764
25764
25763
25760
25759
25759
25758
25757
25756
25756
25755
25753
25753
25752
25752
25750
25750
25750
25747
25747
25747
25746
25746
25744
25744
25743
25742
25741
25739
25738
25738
25736
25736
25735
25732
25730
25730
25729
25728
25728
25726
25725
25720
25720
25718
25717
25714
25714
25713
25712
25712
25710
25706
25704
25702
25702
25701
25700
25698
25696
25693
25691
25689
25685
25683
25683
25682
25682
25681
25681
25680
25680
25680
25680
25680
25679
25678
25678
25676
25676
25675
25675
25673
25672
25672
25672
25671
25671
25670
25670
25670
25669
25666
25666
25664
25664
25662
25662
25661
25660
25659
25656
25656
25655
25655
25655
25655
25654
25653
25652
25651
25651
25650
25649
25647
25646
25645
25644
25644
25642
25641
25641
25641
25641
25641
25641
25640
25640
25639
25639
25638
25637
25637
25636
25635
25633
25633
25632
25631
25629
25628
25628
25627
25627
25627
25625
25625
25624
25624
25623
25623
25621
25621
25619
25619
25618
25613
25613
25612
25612
25611
25611
25610
25609
25608
25607
25605
25605
25604
25603
25601
25600
25599
25598
25596
25594
25593
25593
25592
25592
25588
25585
25585
25584
25584
25582
25581
25579
25578
25576
25575
25575
25574
25573
25573
25572
25572
25571
25570
25570
25568
25568
25565
25565
25564
25563
25562
25562
25561
25561
25558
25558
25557
25557
25556
25556
25556
25555
25554
25553
25552
25552
25550
25550
25550
25549
25547
25547
25547
25546
25545
25545
25544
25544
25543
25540
25539
25539
25538
25537
25537
25537
25537
25536
25536
25534
25534
25532
25531
25530
25530
25530
25529
25529
25529
25528
25526
25525
25525
25525
25523
25521
25520
25519
25519
25518
25516
25512
25511
25511
25511
25511
25510
25510
25508
25505
25505
25505
25504
25500
25498
25498
25496
25495
25494
25493
25492
25491
25491
25491
25490
25490
25490
25490
25490
25489
25487
25487
25486
25485
25481
25480
25478
25475
25471
25471
25470
25470
25467
25467
25466
25466
25464
25464
25463
25463
25462
25462
25460
25458
25455
25455
25455
25455
25455
25454
25453
25453
25452
25449
25448
25448
25447
25444
25444
25439
25438
25437
25435
25434
25433
25432
25432
25432
25431
25431
25429
25429
25425
25424
25422
25421
25420
25420
25420
25417
25416
25416
25416
25414
25413
25411
25407
25406
25406
25406
25404
25403
25403
25403
25403
25403
25402
25400
25399
25399
25398
25398
25396
25395
25392
25392
25391
25391
25389
25389
25389
25388
25387
25381
25380
25379
25378
25378
25377
25377
25377
25375
25374
25373
25373
25372
25371
25370
25370
25369
25368
25368
25367
25365
25363
25362
25362
25359
25359
25357
25357
25357
25356
25354
25354
25353
25353
25352
25352
25352
25351
25349
25346
25345
25343
25343
25342
25342
25342
25340
25340
25340
25338
25337
25337
25336
25335
25335
25334
25334
25333
25332
25332
25331
25331
25328
25326
25326
25325
25325
25323
25323
25322
25318
25316
25314
25313
25313
25312
25311
25311
25310
25309
25309
25309
25309
25308
25307
25307
25306
25306
25305
25305
25305
25304
25304
25304
25302
25302
25300
25299
25298
25298
25291
25291
25290
25290
25289
25288
25288
25287
25287
25286
25285
25285
25284
25283
25282
25281
25281
25280
25277
25276
25273
25273
25272
25272
25270
25270
25268
25267
25267
25267
25266
25266
25266
25266
25264
25264
25263
25263
25262
25262
25261
25259
25255
25253
25252
25252
25251
25250
25248
25248
25247
25247
25246
25244
25244
25243
25242
25241
25240
25239
25239
25238
25237
25237
25237
25237
25236
25236
25235
25235
25234
25234
25233
25233
25233
25232
25231
25231
25230
25228
25228
25227
25226
25225
25225
25224
25222
25222
25220
25218
25218
25216
25216
25216
25216
25215
25215
25215
25215
25213
25213
25212
25211
25208
25207
25206
25203
25202
25201
25201
25200
25199
25199
25198
25197
25196
25195
25194
25193
25192
25189
25189
25188
25188
25185
25184
25184
25184
25183
25183
25183
25181
25180
25180
25180
25178
25176
25176
25176
25175
25174
25174
25173
25172
25170
25169
25168
25168
25166
25166
25166
25164
25163
25163
25161
25160
25159
25159
25158
25158
25158
25157
25156
25155
25155
25155
25155
25155
25153
25151
25150
25147
25146
25146
25145
25144
25143
25142
25141
25140
25139
25139
25137
25136
25134
25133
25133
25132
25131
25129
25128
25126
25126
25126
25125
25124
25124
25123
25120
25119
25119
25118
25117
25116
25115
25115
25113
25112
25112
25112
25111
25111
25110
25110
25109
25108
25108
25107
25107
25106
25106
25105
25105
25105
25104
25103
25102
25102
25101
25100
25099
25097
25095
25095
25094
25094
25094
25093
25093
25091
25088
25087
25086
25086
25086
25085
25084
25083
25082
25081
25079
25079
25078
25078
25076
25075
25075
25075
25075
25074
25074
25068
25067
25066
25064
25064
25064
25062
25062
25061
25061
25061
25059
25059
25059
25059
25059
25058
25055
25055
25055
25054
25054
25052
25052
25052
25050
25049
25047
25046
25045
25045
25044
25044
25042
25042
25041
25040
25040
25039
25039
25039
25037
25037
25036
25032
25032
25032
25031
25031
25030
25029
25029
25027
25027
25025
25024
25024
25023
25021
25019
25019
25018
25018
25017
25017
25016
25015
25013
25010
25009
25008
25007
25006
25006
25005
25005
25004
25003
25003
24999
24998
24996
24993
24993
24993
24991
24989
24989
24986
24986
24986
24985
24982
24981
24978
24978
24976
24976
24976
24975
24974
24974
24973
24973
24972
24971
24970
24967
24967
24966
24965
24964
24964
24963
24961
24961
24960
24959
24959
24957
24957
24956
24956
24952
24952
24951
24948
24948
24946
24946
24945
24942
24940
24936
24936
24936
24935
24933
24932
24931
24931
24930
24929
24927
24927
24927
24925
24925
24924
24924
24920
24919
24916
24913
24912
24912
24912
24911
24910
24909
24909
24908
24908
24907
24906
24905
24904
24901
24900
24900
24899
24898
24898
24896
24894
24894
24892
24891
24890
24890
24889
24889
24888
24888
24885
24885
24885
24883
24883
24881
24881
24881
24880
24879
24878
24876
24875
24874
24871
24870
24866
24866
24864
24863
24860
24860
24860
24858
24856
24855
24852
24852
24851
24850
24850
24849
24848
24848
24846
24844
24842
24841
24841
24840
24840
24840
24839
24837
24837
24835
24835
24834
24834
24832
24832
24831
24830
24830
24829
24829
24829
24829
24828
24827
24827
24825
24824
24823
24823
24822
24817
24816
24815
24815
24813
24811
24810
24810
24809
24809
24808
24808
24807
24807
24807
24805
24805
24804
24802
24802
24801
24800
24800
24800
24798
24796
24791
24790
24789
24788
24786
24785
24783
24783
24782
24781
24778
24777
24777
24773
24773
24772
24771
24770
24769
24768
24767
24766
24765
24765
24765
24764
24763
24763
24762
24762
24761
24761
24760
24758
24757
24756
24755
24754
24754
24753
24753
24752
24751
24750
24750
24749
24749
24748
24747
24746
24744
24742
24742
24740
24739
24738
24738
24737
24736
24736
24736
24733
24733
24732
24732
24730
24725
24724
24723
24723
24721
24719
24716
24715
24714
24714
24714
24712
24711
24709
24707
24707
24705
24703
24703
24701
24699
24698
24698
24696
24695
24695
24692
24692
24691
24691
24688
24686
24685
24685
24682
24680
24678
24675
24675
24673
24673
24672
24672
24670
24668
24666
24663
24663
24662
24662
24661
24661
24659
24659
24658
24655
24654
24654
24654
24653
24652
24651
24650
24650
24648
24646
24643
24643
24643
24639
24637
24636
24636
24634
24634
24633
24632
24632
24630
24629
24629
24628
24626
24625
24624
24624
24623
24621
24621
24621
24616
24616
24615
24615
24614
24613
24610
24607
24607
24606
24605
24604
24603
24601
24600
24598
24598
24597
24596
24596
24595
24595
24595
24594
24594
24593
24593
24593
24592
24591
24589
24589
24589
24589
24587
24587
24587
24585
24585
24584
24582
24581
24581
24580
24579
24577
24577
24576
24576
24576
24573
24573
24572
24572
24572
24569
24566
24563
24563
24562
24560
24560
24558
24557
24556
24553
24551
24551
24551
24550
24549
24549
24549
24546
24544
24543
24543
24543
24541
24541
24541
24540
24540
24539
24538
24538
24537
24537
24535
24531
24531
24529
24529
24527
24527
24527
24525
24523
24522
24521
24521
24521
24521
24520
24519
24517
24516
24515
24513
24511
24509
24509
24507
24507
24506
24505
24504
24504
24504
24502
24501
24501
24500
24499
24498
24497
24497
24497
24495
24494
24493
24493
24492
24491
24489
24486
24486
24485
24485
24485
24485
24483
24481
24479
24477
24477
24476
24475
24475
24475
24471
24470
24466
24465
24464
24461
24460
24459
24458
24455
24453
24451
24451
24449
24448
24447
24446
24446
24446
24443
24443
24442
24439
24439
24439
24438
24437
24434
24434
24434
24432
24432
24431
24431
24431
24430
24430
24428
24428
24427
24423
24422
24419
24419
24419
24419
24413
24411
24409
24407
24406
24406
24406
24404
24401
24400
24399
24398
24397
24397
24396
24396
24395
24393
24393
24392
24392
24392
24391
24387
24387
24387
24385
24385
24385
24385
24385
24384
24384
24384
24383
24383
24383
24382
24382
24381
24381
24381
24380
24380
24379
24379
24379
24377
24375
24375
24374
24373
24372
24372
24372
24371
24371
24369
24363
24362
24362
24361
24360
24359
24359
24357
24357
24356
24355
24355
24353
24353
24352
24352
24349
24343
24343
24342
24341
24340
24338
24335
24334
24334
24334
24332
24332
24332
24331
24330
24330
24330
24327
24327
24324
24322
24321
24321
24321
24320
24320
24320
24319
24317
24316
24315
24314
24314
24313
24313
24313
24312
24312
24312
24310
24310
24304
24304
24303
24303
24302
24299
24298
24298
24296
24296
24295
24294
24293
24293
24292
24291
24291
24291
24289
24288
24286
24284
24284
24283
24283
24281
24276
24274
24274
24273
24272
24272
24270
24268
24268
24266
24265
24264
24263
24260
24259
24259
24259
24259
24258
24258
24257
24255
24254
24253
24252
24252
24251
24250
24250
24249
24247
24246
24243
24241
24241
24240
24240
24240
24239
24239
24239
24239
24239
24234
24234
24234
24233
24233
24232
24232
24232
24230
24229
24228
24228
24228
24227
24227
24227
24226
24226
24226
24226
24225
24224
24223
24222
24222
24221
24221
24220
24219
24219
24216
24215
24214
24214
24214
24212
24211
24210
24207
24204
24204
24204
24204
24203
24203
24203
24202
24202
24200
24198
24196
24196
24196
24195
24195
24195
24195
24194
24192
24192
24190
24189
24188
24187
24186
24186
24185
24184
24184
24184
24183
24181
24181
24181
24176
24176
24176
24176
24173
24170
24169
24169
24169
24168
24166
24166
24165
24165
24164
24164
24163
24161
24161
24160
24159
24158
24157
24153
24153
24151
24151
24148
24147
24144
24143
24142
24139
24139
24139
24138
24138
24137
24134
24134
24133
24133
24131
24131
24129
24129
24128
24125
24125
24125
24122
24122
24122
24122
24121
24120
24118
24115
24112
24110
24109
24108
24108
24104
24103
24099
24099
24097
24096
24096
24096
24093
24091
24089
24089
24088
24088
24087
24084
24083
24080
24076
24075
24074
24073
24072
24070
24070
24069
24068
24068
24067
24067
24067
24063
24060
24058
24058
24057
24057
24055
24055
24054
24054
24054
24054
24053
24053
24052
24052
24049
24048
24046
24045
24044
24043
24040
24039
24034
24034
24034
24032
24032
24031
24031
24031
24029
24029
24028
24027
24027
24025
24025
24025
24024
24023
24023
24022
24021
24020
24018
24017
24014
24014
24013
24013
24013
24013
24011
24009
24009
24005
24003
23996
23996
23995
23995
23991
23990
23989
23989
23988
23987
23986
23984
23984
23984
23984
23983
23983
23981
23981
23981
23977
23974
23973
23973
23971
23971
23968
23967
23966
23966
23965
23965
23964
23964
23963
23963
23963
23963
23962
23961
23960
23960
23960
23960
23959
23958
23957
23957
23955
23954
23954
23953
23952
23951
23950
23950
23950
23945
23943
23942
23941
23940
23939
23937
23937
23937
23936
23934
23934
23932
23931
23929
23928
23925
23925
23925
23924
23922
23921
23920
23919
23918
23917
23916
23911
23911
23909
23908
23908
23907
23906
23904
23903
23903
23902
23898
23897
23897
23896
23895
23892
23892
23892
23891
23891
23891
23890
23890
23889
23887
23886
23886
23884
23881
23880
23880
23880
23878
23877
23876
23875
23874
23872
23872
23869
23868
23867
23867
23867
23867
23866
23866
23863
23862
23861
23859
23859
23859
23857
23857
23856
23856
23855
23854
23852
23851
23848
23847
23847
23846
23846
23846
23845
23845
23843
23842
23840
23838
23837
23837
23836
23835
23834
23834
23833
23833
23831
23830
23828
23826
23825
23825
23824
23824
23823
23822
23822
23821
23821
23821
23820
23819
23817
23817
23814
23812
23812
23811
23807
23805
23804
23803
23801
23797
23797
23797
23796
23796
23795
23794
23793
23793
23791
23789
23789
23789
23788
23786
23786
23786
23786
23785
23785
23783
23781
23781
23780
23778
23778
23776
23775
23774
23774
23773
23773
23772
23772
23771
23770
23768
23767
23765
23765
23763
23759
23758
23756
23756
23754
23754
23754
23753
23752
23752
23752
23752
23751
23751
23750
23748
23748
23748
23745
23745
23744
23744
23743
23743
23742
23742
23740
23740
23740
23739
23737
23735
23735
23734
23733
23733
23731
23731
23728
23728
23728
23727
23726
23725
23723
23723
23721
23721
23720
23718
23716
23715
23715
23714
23712
23710
23708
23708
23707
23706
23703
23703
23702
23701
23701
23699
23699
23699
23698
23698
23697
23696
23693
23692
23690
23690
23689
23689
23688
23687
23686
23686
23685
23685
23684
23684
23682
23681
23679
23679
23679
23677
23675
23674
23672
23672
23671
23671
23671
23669
23669
23667
23666
23665
23664
23663
23663
23662
23662
23662
23660
23658
23658
23657
23657
23656
23655
23655
23655
23653
23652
23652
23652
23652
23651
23650
23649
23649
23648
23648
23646
23644
23644
23643
23642
23640
23640
23639
23639
23636
23636
23635
23634
23633
23632
23631
23630
23630
23628
23627
23625
23623
23622
23622
23619
23616
23615
23615
23615
23613
23611
23610
23610
23610
23606
23606
23604
23603
23602
23601
23601
23601
23599
23599
23599
23598
23598
23597
23597
23594
23590
23589
23588
23588
23586
23585
23583
23578
23576
23576
23576
23575
23572
23572
23571
23568
23568
23564
23563
23558
23557
23557
23555
23555
23553
23553
23552
23552
23551
23551
23550
23548
23548
23545
23544
23544
23543
23543
23543
23542
23542
23540
23540
23539
23537
23537
23532
23532
23532
23532
23531
23530
23529
23528
23525
23525
23524
23523
23521
23520
23519
23518
23517
23517
23517
23517
23517
23516
23515
23514
23513
23513
23513
23512
23512
23511
23511
23507
23506
23505
23504
23504
23504
23504
23502
23502
23501
23499
23498
23495
23495
23494
23493
23491
23491
23490
23489
23489
23489
23489
23488
23487
23487
23487
23486
23485
23485
23484
23484
23483
23483
23483
23482
23481
23477
23475
23475
23474
23472
23472
23471
23471
23470
23469
23469
23468
23467
23463
23462
23461
23461
23459
23459
23458
23457
23457
23457
23456
23454
23453
23452
23449
23448
23448
23447
23446
23445
23444
23441
23441
23441
23440
23439
23438
23437
23437
23435
23434
23434
23434
23432
23431
23430
23429
23428
23427
23425
23423
23422
23420
23419
23418
23418
23418
23417
23416
23412
23411
23411
23411
23410
23409
23408
23406
23405
23404
23404
23403
23403
23403
23403
23402
23399
23398
23398
23396
23396
23395
23393
23391
23390
23388
23384
23379
23377
23377
23376
23376
23376
23375
23375
23375
23374
23374
23373
23371
23371
23367
23365
23365
23363
23362
23362
23360
23359
23359
23359
23359
23357
23356
23355
23354
23353
23352
23349
23348
23348
23347
23346
23345
23344
23344
23343
23341
23341
23340
23340
23339
23339
23338
23337
23337
23336
23336
23335
23334
23332
23332
23332
23332
23331
23330
23330
23329
23329
23328
23325
23325
23324
23323
23323
23322
23322
23320
23318
23317
23316
23313
23313
23312
23311
23310
23306
23303
23303
23301
23301
23301
23301
23300
23299
23299
23298
23298
23297
23296
23296
23294
23293
23293
23293
23292
23291
23291
23290
23289
23289
23289
23288
23288
23288
23287
23287
23286
23282
23281
23281
23280
23278
23277
23276
23275
23275
23274
23273
23273
23271
23270
23269
23269
23269
23268
23267
23267
23266
23266
23265
23265
23264
23262
23262
23261
23260
23260
23260
23257
23256
23256
23255
23253
23252
23250
23250
23250
23249
23248
23248
23247
23246
23244
23244
23242
23239
23239
23238
23238
23237
23236
23236
23235
23235
23235
23234
23233
23232
23231
23228
23228
23227
23224
23224
23221
23221
23221
23221
23220
23219
23214
23212
23210
23210
23210
23210
23209
23208
23208
23206
23205
23205
23205
23204
23204
23203
23199
23195
23194
23193
23193
23193
23190
23188
23186
23183
23179
23178
23176
23176
23175
23174
23173
23170
23170
23170
23169
23169
23168
23167
23167
23166
23165
23165
23164
23164
23164
23163
23163
23163
23162
23160
23158
23158
23158
23157
23157
23156
23156
23155
23154
23154
23152
23151
23149
23148
23147
23141
23139
23138
23138
23136
23135
23134
23134
23132
23132
23131
23130
23130
23130
23130
23130
23129
23129
23129
23121
23121
23120
23118
23118
23118
23117
23117
23116
23115
23114
23113
23110
23110
23108
23107
23107
23105
23103
23102
23102
23100
23099
23098
23097
23096
23095
23095
23095
23094
23093
23091
23090
23090
23090
23090
23088
23086
23085
23083
23082
23081
23080
23080
23079
23072
23072
23071
23070
23068
23066
23065
23063
23062
23061
23059
23059
23057
23056
23055
23055
23054
23054
23050
23050
23048
23047
23047
23047
23044
23043
23042
23042
23041
23039
23039
23039
23035
23035
23035
23035
23034
23033
23032
23031
23031
23030
23030
23029
23026
23026
23025
23024
23023
23023
23022
23021
23021
23021
23019
23019
23017
23016
23015
23015
23015
23014
23014
23014
23014
23013
23011
23011
23010
23007
23004
23002
23002
23001
23000
23000
23000
22999
22999
22998
22997
22996
22994
22994
22994
22993
22992
22990
22988
22988
22986
22985
22983
22980
22980
22979
22977
22977
22976
22976
22972
22971
22971
22971
22969
22967
22966
22965
22964
22964
22963
22962
22961
22961
22958
22957
22957
22956
22956
22955
22954
22954
22953
22952
22952
22951
22951
22950
22950
22948
22947
22946
22946
22946
22945
22943
22942
22942
22941
22940
22939
22938
22938
22938
22938
22936
22934
22934
22933
22930
22930
22929
22928
22926
22926
22926
22926
22925
22925
22922
22920
22919
22917
22914
22914
22911
22909
22909
22908
22906
22906
22906
22906
22905
22904
22904
22904
22903
22903
22903
22902
22901
22900
22900
22898
22897
22897
22893
22891
22890
22890
22886
22883
22883
22881
22881
22880
22879
22879
22878
22876
22873
22873
22873
22872
22871
22871
22871
22870
22870
22869
22869
22868
22867
22865
22863
22863
22862
22861
22860
22859
22859
22857
22857
22856
22855
22855
22854
22852
22852
22852
22851
22850
22850
22849
22848
22847
22845
22845
22844
22843
22841
22841
22840
22840
22839
22836
22836
22835
22835
22834
22833
22832
22832
22832
22832
22831
22830
22829
22828
22827
22826
22824
22824
22823
22821
22817
22817
22817
22816
22815
22812
22812
22810
22810
22810
22810
22809
22808
22807
22805
22802
22800
22800
22799
22798
22798
22796
22795
22794
22794
22793
22791
22791
22790
22790
22789
22789
22788
22787
22787
22787
22786
22786
22785
22784
22784
22781
22779
22777
22777
22776
22776
22774
22774
22773
22772
22771
22771
22771
22771
22770
22769
22765
22762
22761
22760
22759
22758
22756
22753
22751
22750
22750
22748
22746
22744
22744
22743
22743
22742
22740
22740
22740
22739
22739
22739
22738
22738
22737
22736
22735
22731
22730
22730
22730
22729
22729
22729
22728
22728
22727
22727
22726
22726
22726
22723
22723
22723
22723
22722
22720
22720
22720
22717
22717
22717
22716
22715
22711
22711
22711
22710
22709
22708
22707
22707
22707
22706
22706
22705
22703
22702
22702
22701
22700
22700
22700
22699
22699
22699
22695
22694
22694
22693
22692
22692
22689
22689
22688
22688
22687
22686
22686
22685
22684
22680
22680
22678
22678
22676
22676
22676
22674
22673
22673
22672
22671
22671
22668
22668
22667
22667
22664
22663
22662
22661
22661
22660
22660
22659
22659
22658
22656
22653
22653
22653
22652
22650
22648
22647
22646
22646
22646
22645
22644
22643
22642
22641
22641
22641
22640
22638
22638
22638
22636
22636
22636
22635
22633
22631
22630
22630
22629
22629
22627
22622
22622
22621
22620
22618
22618
22618
22617
22614
22613
22612
22611
22611
22610
22608
22608
22606
22606
22602
22602
22602
22602
22600
22599
22598
22597
22596
22595
22595
22592
22591
22590
22588
22588
22586
22584
22583
22583
22580
22579
22579
22578
22577
22576
22576
22576
22575
22574
22573
22570
22570
22570
22569
22569
22569
22567
22566
22565
22564
22564
22564
22563
22560
22558
22557
22557
22553
22552
22549
22549
22548
22548
22545
22545
22544
22543
22543
22543
22541
22541
22540
22539
22536
22531
22531
22528
22528
22526
22525
22523
22522
22522
22522
22521
22521
22519
22515
22512
22509
22509
22507
22507
22506
22506
22505
22504
22504
22503
22503
22499
22497
22496
22496
22496
22495
22493
22492
22489
22488
22487
22486
22486
22485
22485
22484
22484
22482
22481
22481
22480
22480
22480
22478
22475
22475
22474
22473
22472
22471
22471
22471
22468
22468
22468
22468
22466
22465
22463
22463
22463
22462
22461
22461
22460
22459
22458
22457
22457
22456
22454
22452
22451
22451
22450
22450
22449
22448
22448
22444
22444
22439
22439
22439
22438
22438
22437
22437
22436
22435
22435
22433
22432
22432
22431
22430
22428
22428
22427
22425
22424
22424
22424
22423
22423
22423
22421
22421
22417
22417
22416
22415
22415
22415
22414
22413
22413
22411
22410
22409
22408
22407
22406
22406
22403
22400
22399
22399
22398
22397
22397
22397
22397
22396
22396
22395
22395
22394
22394
22393
22392
22391
22388
22386
22382
22380
22379
22379
22377
22376
22376
22374
22372
22372
22371
22371
22370
22370
22370
22370
22370
22370
22369
22369
22368
22366
22364
22364
22364
22363
22363
22363
22362
22361
22360
22357
22355
22354
22351
22350
22349
22348
22347
22347
22345
22345
22345
22345
22344
22342
22342
22341
22341
22340
22339
22336
22335
22334
22333
22332
22329
22328
22328
22327
22325
22325
22325
22324
22323
22323
22321
22319
22318
22318
22316
22314
22313
22311
22310
22309
22308
22308
22307
22306
22304
22304
22301
22297
22296
22295
22293
22293
22292
22289
22288
22288
22288
22288
22288
22288
22287
22285
22284
22284
22283
22272
22271
22271
22270
22266
22266
22265
22264
22263
22261
22260
22255
22255
22255
22253
22249
22248
22247
22246
22246
22241
22241
22239
22238
22237
22236
22234
22232
22231
22231
22227
22227
22226
22225
22225
22224
22224
22223
22222
22222
22222
22221
22221
22220
22220
22219
22218
22218
22218
22215
22214
22214
22214
22213
22213
22213
22212
22212
22211
22210
22209
22208
22206
22205
22205
22204
22204
22203
22202
22199
22199
22196
22195
22193
22193
22191
22188
22188
22187
22186
22186
22183
22182
22182
22182
22179
22179
22177
22177
22177
22177
22175
22174
22174
22173
22171
22171
22170
22170
22169
22168
22166
22165
22164
22164
22164
22164
22163
22162
22162
22161
22160
22160
22160
22158
22157
22156
22155
22153
22153
22152
22150
22149
22148
22147
22147
22144
22144
22143
22142
22141
22141
22139
22138
22134
22132
22132
22130
22127
22126
22126
22125
22125
22123
22122
22122
22120
22120
22120
22119
22119
22118
22117
22116
22116
22115
22115
22114
22113
22112
22112
22111
22110
22110
22109
22108
22107
22103
22103
22103
22101
22101
22101
22100
22100
22097
22097
22097
22096
22096
22095
22095
22093
22093
22092
22091
22089
22089
22088
22088
22087
22083
22083
22082
22080
22079
22078
22075
22074
22072
22072
22071
22071
22071
22070
22068
22067
22064
22063
22061
22060
22059
22059
22055
22055
22055
22053
22051
22051
22047
22046
22045
22045
22045
22044
22039
22038
22035
22035
22033
22033
22032
22031
22028
22028
22027
22027
22026
22024
22024
22021
22021
22021
22020
22019
22018
22016
22016
22015
22015
22014
22014
22014
22013
22012
22011
22009
22009
22008
22007
22007
22005
22004
22003
22000
21999
21998
21997
21996
21995
21993
21993
21993
21991
21990
21990
21990
21988
21987
21987
21987
21986
21985
21984
21983
21983
21983
21983
21982
21982
21982
21980
21979
21979
21979
21979
21977
21976
21974
21974
21972
21972
21971
21970
21970
21967
21966
21966
21965
21964
21963
21962
21961
21961
21957
21956
21956
21956
21954
21954
21953
21953
21952
21949
21949
21949
21947
21946
21944
21942
21941
21941
21940
21940
21940
21938
21937
21932
21931
21931
21928
21928
21926
21925
21925
21925
21925
21925
21924
21923
21923
21922
21922
21921
21921
21921
21920
21915
21914
21914
21911
21910
21908
21906
21905
21902
21901
21899
21898
21898
21895
21895
21894
21894
21892
21892
21889
21888
21887
21887
21886
21884
21884
21883
21882
21881
21880
21879
21879
21878
21878
21877
21876
21876
21874
21874
21874
21873
21872
21871
21871
21870
21869
21868
21865
21864
21864
21863
21863
21861
21859
21856
21856
21854
21853
21852
21851
21850
21846
21844
21843
21839
21839
21838
21835
21835
21832
21831
21829
21828
21828
21828
21828
21828
21826
21825
21823
21821
21821
21821
21821
21820
21820
21820
21819
21817
21817
21816
21816
21816
21814
21814
21813
21812
21811
21809
21808
21807
21807
21806
21805
21804
21803
21802
21801
21801
21800
21800
21798
21797
21796
21796
21793
21792
21791
21788
21788
21787
21781
21781
21780
21780
21780
21778
21778
21776
21775
21773
21772
21770
21769
21768
21767
21766
21765
21764
21764
21764
21763
21762
21761
21761
21760
21760
21759
21756
21755
21750
21747
21747
21747
21747
21746
21746
21745
21745
21744
21742
21741
21741
21741
21740
21738
21737
21736
21736
21735
21735
21734
21731
21731
21731
21729
21729
21728
21728
21727
21723
21721
21721
21720
21720
21719
21718
21718
21717
21717
21716
21715
21710
21709
21709
21709
21707
21706
21706
21704
21704
21702
21701
21701
21700
21697
21697
21693
21692
21691
21690
21689
21688
21687
21687
21686
21685
21683
21682
21682
21682
21681
21680
21680
21679
21678
21675
21674
21672
21671
21670
21670
21669
21669
21667
21667
21667
21666
21664
21664
21664
21663
21662
21661
21660
21657
21656
21656
21654
21651
21651
21650
21648
21645
21645
21641
21640
21640
21640
21638
21638
21636
21636
21635
21635
21634
21631
21631
21630
21630
21629
21628
21626
21622
21622
21622
21622
21621
21621
21620
21619
21619
21618
21618
21615
21615
21615
21611
21611
21611
21610
21609
21608
21606
21606
21606
21604
21602
21600
21598
21597
21595
21595
21595
21594
21594
21591
21590
21588
21587
21586
21586
21586
21586
21584
21582
21582
21581
21581
21581
21580
21579
21576
21574
21572
21572
21571
21570
21569
21568
21564
21563
21559
21558
21558
21558
21558
21557
21556
21556
21555
21555
21555
21555
21553
21549
21549
21548
21546
21546
21543
21539
21538
21537
21535
21533
21531
21529
21528
21527
21527
21527
21525
21524
21522
21522
21521
21520
21520
21519
21518
21518
21518
21518
21517
21516
21515
21515
21515
21515
21514
21510
21509
21507
21506
21504
21503
21502
21501
21497
21496
21495
21494
21494
21494
21493
21491
21491
21487
21486
21485
21484
21483
21482
21479
21478
21472
21469
21469
21468
21462
21462
21461
21460
21459
21459
21458
21457
21457
21455
21454
21454
21454
21453
21450
21449
21447
21446
21445
21444
21442
21441
21440
21439
21439
21438
21437
21435
21435
21433
21432
21432
21429
21429
21428
21428
21427
21425
21425
21424
21422
21420
21419
21418
21418
21417
21417
21416
21416
21416
21413
21413
21413
21413
21411
21411
21410
21409
21408
21408
21408
21407
21406
21402
21402
21402
21401
21401
21401
21401
21400
21400
21399
21398
21397
21396
21395
21394
21391
21391
21388
21388
21388
21385
21382
21382
21381
21381
21380
21379
21374
21373
21373
21371
21371
21370
21369
21369
21368
21368
21367
21366
21365
21365
21364
21364
21363
21362
21360
21359
21353
21353
21351
21351
21351
21349
21349
21348
21348
21347
21346
21343
21341
21340
21340
21340
21338
21338
21338
21337
21337
21337
21335
21335
21335
21335
21334
21334
21333
21333
21333
21332
21332
21331
21329
21329
21328
21328
21328
21325
21323
21321
21321
21320
21320
21319
21319
21318
21318
21318
21318
21317
21317
21314
21314
21313
21312
21308
21307
21307
21306
21304
21304
21304
21304
21303
21302
21300
21299
21299
21298
21297
21297
21297
21293
21292
21292
21291
21291
21289
21289
21289
21288
21286
21285
21284
21281
21280
21276
21275
21275
21275
21274
21273
21273
21272
21271
21267
21267
21267
21264
21264
21263
21262
21261
21260
21259
21258
21257
21253
21253
21252
21251
21250
21249
21248
21247
21247
21247
21245
21245
21243
21242
21242
21241
21240
21237
21235
21234
21233
21233
21232
21230
21229
21228
21227
21227
21226
21225
21223
21221
21220
21219
21218
21217
21217
21215
21214
21213
21212
21211
21209
21209
21207
21206
21206
21206
21205
21204
21200
21197
21196
21195
21194
21194
21192
21192
21192
21192
21191
21191
21190
21189
21189
21188
21188
21188
21187
21186
21186
21186
21185
21184
21183
21183
21183
21181
21181
21180
21180
21178
21178
21178
21178
21177
21176
21175
21174
21173
21172
21172
21172
21170
21170
21169
21167
21166
21166
21166
21165
21164
21162
21162
21161
21161
21160
21159
21159
21159
21158
21157
21157
21155
21155
21153
21152
21151
21149
21149
21149
21148
21146
21146
21145
21145
21144
21141
21141
21141
21141
21139
21138
21137
21137
21132
21131
21131
21130
21129
21127
21127
21127
21126
21125
21125
21124
21124
21120
21120
21120
21119
21119
21118
21116
21116
21116
21115
21114
21113
21111
21110
21107
21106
21106
21105
21105
21104
21104
21104
21103
21102
21101
21099
21099
21099
21098
21094
21093
21087
21085
21084
21084
21083
21078
21078
21077
21077
21076
21075
21075
21074
21073
21073
21072
21071
21071
21070
21070
21069
21067
21066
21065
21062
21060
21059
21057
21056
21056
21054
21051
21049
21049
21048
21048
21047
21046
21045
21043
21043
21042
21042
21041
21039
21037
21036
21035
21035
21034
21034
21034
21033
21031
21031
21031
21030
21028
21028
21026
21021
21020
21014
21013
21010
21010
21010
21009
21009
21006
21004
21003
21002
21002
21000
21000
21000
20998
20997
20995
20992
20992
20990
20990
20990
20988
20988
20988
20987
20987
20987
20987
20986
20982
20981
20980
20980
20978
20976
20974
20973
20971
20970
20969
20967
20965
20965
20965
20963
20962
20959
20957
20956
20955
20955
20955
20955
20954
20954
20951
20950
20950
20950
20948
20947
20946
20945
20943
20942
20940
20939
20938
20937
20935
20935
20935
20934
20933
20932
20932
20931
20931
20931
20927
20927
20926
20926
20926
20925
20925
20925
20925
20925
20924
20924
20924
20924
20923
20921
20921
20919
20918
20917
20916
20915
20915
20912
20911
20909
20908
20908
20908
20907
20906
20904
20903
20902
20902
20902
20902
20901
20899
20899
20898
20897
20897
20896
20896
20895
20893
20893
20893
20893
20892
20891
20891
20888
20885
20885
20885
20884
20880
20880
20879
20879
20878
20876
20875
20874
20872
20872
20872
20871
20871
20869
20868
20867
20867
20866
20865
20865
20864
20864
20864
20864
20863
20863
20860
20859
20859
20857
20855
20855
20854
20854
20853
20853
20852
20852
20850
20850
20848
20847
20846
20845
20844
20844
20843
20843
20843
20843
20843
20841
20841
20840
20840
20839
20838
20837
20837
20837
20833
20833
20833
20830
20829
20829
20828
20827
20825
20825
20825
20824
20823
20820
20820
20820
20819
20815
20813
20813
20812
20812
20811
20811
20811
20810
20810
20809
20809
20807
20807
20805
20805
20804
20803
20802
20801
20797
20795
20794
20791
20791
20791
20790
20789
20789
20789
20789
20787
20786
20786
20785
20783
20783
20783
20782
20782
20782
20781
20781
20780
20780
20780
20779
20777
20777
20777
20775
20774
20773
20772
20771
20771
20770
20769
20768
20766
20766
20766
20766
20764
20763
20762
20761
20761
20760
20759
20755
20753
20749
20746
20746
20746
20745
20744
20744
20744
20743
20742
20741
20740
20738
20737
20736
20736
20736
20735
20734
20734
20731
20730
20729
20728
20728
20726
20725
20724
20723
20720
20719
20719
20718
20718
20718
20716
20714
20713
20712
20711
20710
20708
20707
20707
20706
20704
20703
20702
20702
20702
20699
20699
20698
20698
20697
20696
20696
20695
20693
20693
20693
20693
20692
20692
20691
20691
20690
20690
20689
20687
20686
20686
20686
20685
20685
20684
20682
20682
20680
20678
20676
20675
20675
20675
20674
20671
20666
20666
20665
20665
20663
20661
20660
20659
20658
20658
20657
20657
20657
20656
20654
20654
20654
20653
20653
20653
20653
20650
20650
20648
20648
20647
20647
20646
20645
20645
20644
20643
20643
20643
20642
20642
20642
20640
20639
20639
20639
20637
20635
20634
20633
20633
20632
20631
20630
20630
20630
20628
20626
20625
20624
20623
20622
20621
20618
20618
20616
20615
20614
20614
20614
20613
20613
20611
20611
20611
20611
20611
20610
20610
20609
20609
20608
20605
20601
20600
20600
20600
20599
20593
20593
20593
20592
20590
20590
20589
20588
20586
20580
20579
20578
20577
20577
20576
20575
20574
20573
20572
20571
20568
20568
20566
20564
20564
20564
20561
20560
20557
20557
20557
20556
20554
20554
20553
20552
20552
20552
20550
20547
20547
20546
20546
20545
20544
20543
20543
20542
20541
20541
20541
20539
20539
20539
20539
20538
20537
20537
20536
20532
20530
20530
20529
20529
20523
20523
20520
20520
20518
20517
20516
20514
20513
20511
20510
20509
20509
20507
20507
20506
20504
20504
20503
20503
20502
20502
20501
20501
20500
20499
20498
20497
20496
20493
20492
20491
20491
20491
20491
20485
20484
20481
20481
20477
20476
20476
20475
20473
20473
20473
20472
20471
20470
20470
20467
20466
20465
20464
20463
20461
20456
20456
20455
20455
20454
20453
20453
20452
20451
20451
20448
20447
20446
20444
20444
20444
20444
20443
20442
20439
20439
20437
20435
20435
20434
20432
20431
20425
20422
20421
20419
20419
20418
20418
20417
20416
20416
20415
20415
20414
20414
20412
20411
20409
20408
20407
20406
20405
20404
20402
20401
20400
20396
20396
20393
20393
20393
20392
20392
20392
20389
20389
20389
20388
20387
20386
20386
20386
20386
20385
20383
20383
20382
20380
20380
20379
20378
20378
20376
20374
20374
20374
20373
20372
20372
20371
20371
20371
20371
20369
20368
20368
20367
20366
20365
20362
20362
20362
20361
20361
20361
20360
20357
20356
20355
20355
20355
20355
20354
20354
20353
20352
20350
20348
20348
20347
20346
20345
20345
20344
20343
20343
20339
20339
20337
20337
20336
20335
20335
20335
20332
20331
20331
20330
20330
20329
20329
20326
20322
20322
20321
20320
20319
20318
20318
20316
20314
20314
20314
20312
20310
20310
20309
20308
20305
20304
20303
20303
20302
20301
20300
20299
20298
20298
20297
20297
20296
20296
20295
20295
20295
20294
20293
20293
20293
20293
20293
20292
20291
20290
20290
20289
20288
20284
20284
20284
20283
20283
20283
20283
20281
20280
20280
20278
20276
20276
20274
20273
20272
20272
20270
20269
20269
20269
20267
20267
20264
20260
20256
20256
20255
20255
20253
20253
20251
20251
20250
20249
20248
20247
20246
20244
20244
20244
20244
20243
20243
20242
20241
20241
20240
20240
20239
20238
20236
20236
20236
20235
20232
20231
20231
20231
20225
20224
20224
20223
20221
20219
20219
20214
20208
20208
20205
20202
20202
20202
20200
20198
20197
20196
20196
20194
20193
20193
20193
20192
20189
20188
20186
20186
20185
20182
20182
20180
20180
20179
20177
20177
20177
20176
20175
20174
20174
20173
20170
20166
20164
20162
20162
20160
20159
20154
20153
20152
20152
20152
20151
20150
20149
20149
20148
20148
20147
20146
20145
20145
20144
20143
20143
20142
20142
20141
20140
20140
20140
20138
20137
20135
20134
20133
20132
20132
20130
20130
20127
20125
20125
20125
20124
20123
20121
20121
20120
20119
20118
20117
20117
20116
20116
20116
20114
20114
20114
20114
20113
20113
20112
20108
20107
20106
20106
20105
20105
20104
20102
20102
20100
20098
20098
20098
20097
20097
20095
20095
20094
20094
20092
20091
20089
20089
20089
20088
20088
20087
20087
20086
20085
20085
20084
20084
20083
20082
20082
20080
20080
20080
20079
20076
20075
20072
20072
20071
20069
20069
20069
20068
20068
20068
20067
20066
20066
20064
20064
20061
20061
20058
20057
20056
20055
20054
20054
20053
20053
20053
20053
20052
20051
20051
20050
20050
20050
20048
20048
20047
20047
20047
20043
20042
20041
20040
20040
20039
20039
20038
20038
20038
20037
20037
20036
20036
20036
20035
20034
20034
20032
20028
20027
20027
20025
20024
20024
20023
20021
20021
20021
20021
20020
20020
20020
20019
20016
20015
20015
20015
20014
20013
20013
20011
20009
20009
20008
20008
20006
20006
20005
20004
20003
20003
20000
19998
19997
19997
19996
19994
19993
19990
19988
19987
19986
19985
19983
19982
19981
19980
19978
19977
19976
19974
19973
19972
19971
19971
19971
19967
19966
19965
19964
19964
19964
19964
19962
19962
19960
19959
19955
19953
19952
19949
19949
19945
19944
19943
19943
19942
19942
19941
19939
19938
19937
19933
19932
19931
19931
19929
19929
19923
19923
19923
19922
19922
19922
19921
19921
19914
19912
19912
19910
19908
19908
19908
19907
19907
19906
19904
19904
19904
19902
19900
19900
19899
19896
19893
19893
19892
19892
19892
19892
19890
19887
19887
19886
19885
19885
19885
19883
19883
19881
19881
19880
19879
19879
19878
19877
19877
19876
19876
19875
19872
19869
19868
19861
19861
19861
19860
19860
19859
19856
19856
19854
19852
19851
19850
19849
19847
19847
19846
19846
19844
19841
19840
19839
19838
19838
19837
19837
19836
19832
19830
19830
19829
19826
19826
19824
19823
19823
19823
19820
19818
19817
19815
19815
19811
19811
19810
19810
19805
19805
19805
19804
19804
19804
19802
19802
19802
19802
19802
19801
19800
19799
19799
19798
19797
19796
19795
19795
19794
19792
19791
19791
19789
19789
19785
19785
19784
19783
19783
19782
19780
19779
19777
19775
19775
19773
19773
19772
19771
19771
19770
19768
19768
19764
19763
19763
19760
19760
19758
19757
19757
19755
19755
19754
19753
19753
19752
19752
19752
19752
19751
19747
19744
19744
19743
19743
19739
19737
19736
19735
19734
19732
19732
19731
19730
19727
19726
19726
19726
19725
19725
19721
19720
19720
19719
19719
19719
19719
19716
19715
19714
19714
19713
19711
19709
19708
19708
19708
19706
19704
19702
19699
19699
19699
19698
19697
19697
19696
19696
19694
19693
19693
19692
19691
19689
19688
19687
19687
19686
19686
19683
19683
19683
19682
19676
19675
19675
19673
19672
19668
19666
19664
19664
19663
19663
19662
19662
19662
19662
19661
19659
19658
19657
19656
19656
19653
19652
19650
19648
19646
19646
19646
19645
19645
19645
19644
19643
19642
19642
19641
19641
19640
19639
19639
19638
19635
19633
19633
19633
19632
19632
19632
19631
19627
19627
19626
19625
19621
19620
19620
19619
19617
19616
19612
19612
19610
19609
19609
19609
19608
19608
19608
19605
19605
19605
19604
19604
19603
19602
19602
19602
19601
19599
19598
19597
19597
19596
19595
19595
19595
19593
19592
19591
19590
19590
19588
19587
19587
19587
19587
19586
19584
19584
19583
19582
19582
19581
19581
19573
19573
19572
19570
19570
19566
19562
19562
19561
19560
19560
19560
19558
19555
19554
19552
19552
19551
19550
19549
19549
19549
19547
19546
19545
19545
19544
19542
19542
19542
19538
19537
19536
19535
19535
19535
19534
19532
19531
19531
19530
19527
19527
19526
19525
19525
19524
19524
19522
19522
19521
19520
19520
19519
19518
19517
19516
19516
19513
19511
19509
19509
19508
19508
19505
19505
19505
19504
19504
19502
19502
19501
19501
19500
19500
19499
19499
19499
19498
19498
19498
19497
19496
19495
19495
19494
19493
19492
19492
19492
19491
19491
19491
19490
19489
19487
19486
19485
19483
19482
19481
19479
19479
19479
19477
19476
19475
19475
19475
19474
19473
19469
19469
19469
19469
19468
19468
19462
19461
19460
19459
19456
19453
19452
19452
19452
19452
19450
19449
19449
19448
19448
19448
19447
19447
19447
19445
19445
19443
19443
19442
19442
19441
19440
19438
19437
19436
19434
19433
19432
19431
19430
19430
19430
19429
19428
19428
19428
19426
19426
19425
19425
19425
19424
19423
19422
19421
19419
19418
19418
19418
19417
19417
19417
19417
19417
19415
19414
19414
19414
19412
19412
19411
19410
19408
19408
19407
19405
19404
19401
19401
19400
19400
19399
19399
19399
19398
19397
19397
19397
19396
19393
19392
19391
19390
19390
19387
19386
19386
19386
19385
19384
19383
19380
19379
19378
19377
19377
19377
19376
19376
19375
19371
19369
19368
19363
19363
19363
19363
19363
19362
19360
19359
19359
19359
19358
19358
19355
19355
19355
19354
19353
19350
19348
19348
19348
19348
19348
19346
19343
19341
19341
19341
19340
19340
19339
19338
19337
19337
19335
19335
19335
19334
19334
19333
19332
19332
19331
19331
19330
19330
19329
19328
19327
19327
19322
19321
19321
19320
19320
19320
19319
19317
19314
19313
19313
19313
19312
19311
19311
19310
19310
19309
19309
19306
19305
19304
19304
19303
19303
19301
19301
19300
19299
19297
19296
19296
19296
19296
19295
19295
19294
19293
19292
19292
19290
19290
19289
19286
19286
19284
19284
19282
19282
19280
19279
19279
19277
19277
19276
19276
19275
19273
19272
19272
19268
19267
19265
19265
19264
19264
19262
19262
19261
19261
19259
19259
19258
19256
19256
19256
19254
19251
19251
19250
19249
19249
19249
19247
19246
19246
19245
19245
19245
19242
19242
19241
19241
19241
19239
19238
19236
19236
19232
19232
19231
19231
19230
19229
19229
19227
19227
19226
19223
19222
19221
19220
19219
19219
19217
19217
19216
19216
19216
19214
19213
19212
19210
19209
19209
19208
19208
19206
19205
19205
19204
19204
19203
19202
19202
19202
19201
19201
19201
19201
19201
19201
19199
19198
19195
19193
19192
19191
19190
19189
19189
19187
19187
19183
19182
19182
19181
19179
19178
19178
19176
19176
19174
19174
19174
19172
19170
19170
19169
19169
19168
19168
19166
19165
19164
19163
19163
19162
19161
19161
19159
19158
19156
19155
19155
19154
19154
19154
19153
19153
19152
19151
19148
19147
19146
19145
19145
19144
19141
19140
19139
19139
19138
19137
19137
19134
19131
19131
19130
19128
19128
19127
19126
19125
19124
19123
19122
19121
19121
19121
19119
19119
19119
19119
19118
19118
19117
19117
19117
19115
19115
19114
19112
19112
19110
19108
19106
19105
19104
19104
19101
19101
19100
19098
19097
19096
19095
19095
19095
19093
19092
19090
19090
19088
19088
19088
19086
19085
19084
19084
19084
19084
19083
19081
19079
19079
19078
19077
19076
19076
19076
19075
19073
19073
19073
19071
19070
19069
19069
19069
19068
19068
19065
19065
19065
19065
19065
19063
19062
19062
19061
19061
19061
19060
19059
19057
19057
19056
19056
19054
19053
19051
19051
19051
19050
19050
19049
19045
19044
19043
19043
19042
19041
19040
19040
19039
19039
19037
19037
19036
19036
19034
19033
19032
19032
19032
19032
19032
19031
19029
19028
19025
19025
19023
19022
19019
19018
19017
19017
19017
19016
19014
19014
19011
19009
19009
19008
19007
19004
19004
19002
19001
19001
18997
18996
18996
18994
18993
18989
18988
18988
18988
18988
18987
18986
18984
18984
18983
18983
18983
18981
18981
18981
18975
18975
18975
18975
18974
18972
18971
18971
18970
18969
18968
18966
18966
18964
18964
18963
18962
18962
18962
18958
18957
18957
18957
18955
18954
18953
18953
18952
18950
18948
18946
18946
18945
18944
18943
18942
18942
18941
18939
18939
18937
18937
18936
18935
18935
18935
18934
18932
18932
18931
18931
18930
18930
18929
18928
18927
18927
18926
18924
18924
18923
18923
18922
18921
18921
18921
18920
18919
18919
18918
18918
18917
18916
18915
18914
18914
18913
18912
18911
18911
18910
18909
18907
18907
18906
18906
18906
18905
18905
18903
18902
18901
18901
18901
18901
18901
18900
18899
18898
18898
18898
18897
18897
18896
18896
18895
18895
18894
18893
18891
18889
18888
18888
18888
18887
18887
18887
18886
18886
18885
18884
18884
18884
18881
18880
18880
18880
18880
18878
18878
18877
18877
18875
18874
18872
18872
18870
18870
18869
18865
18864
18864
18862
18860
18858
18857
18856
18855
18854
18853
18852
18851
18849
18849
18848
18845
18844
18842
18841
18838
18838
18837
18837
18837
18836
18836
18834
18834
18833
18832
18831
18831
18828
18827
18827
18826
18825
18824
18824
18823
18822
18820
18819
18816
18814
18813
18813
18809
18808
18808
18808
18808
18807
18806
18804
18804
18804
18804
18803
18803
18803
18802
18802
18802
18801
18799
18799
18798
18797
18796
18796
18792
18790
18790
18788
18787
18787
18783
18782
18781
18779
18779
18779
18779
18778
18778
18776
18775
18773
18772
18772
18770
18770
18770
18769
18768
18767
18767
18766
18765
18764
18764
18763
18763
18762
18760
18759
18759
18758
18758
18758
18757
18755
18755
18754
18754
18754
18751
18750
18750
18749
18749
18747
18746
18746
18744
18744
18744
18743
18743
18742
18739
18738
18738
18736
18736
18735
18734
18733
18731
18731
18728
18725
18723
18723
18722
18721
18719
18717
18715
18715
18715
18714
18714
18713
18713
18712
18712
18712
18708
18705
18705
18704
18704
18703
18698
18696
18696
18695
18694
18694
18692
18689
18689
18688
18688
18686
18685
18685
18685
18684
18684
18683
18683
18683
18682
18682
18682
18682
18680
18680
18678
18678
18678
18677
18672
18672
18672
18671
18671
18670
18667
18666
18665
18664
18664
18664
18662
18661
18661
18660
18660
18659
18658
18655
18654
18654
18653
18653
18651
18647
18646
18646
18645
18643
18643
18643
18643
18639
18638
18637
18637
18636
18635
18634
18633
18632
18631
18629
18627
18627
18627
18626
18626
18625
18624
18624
18624
18622
18620
18617
18617
18616
18615
18614
18612
18609
18608
18607
18606
18604
18604
18604
18603
18601
18600
18599
18599
18595
18595
18594
18594
18594
18594
18593
18592
18592
18592
18590
18590
18586
18586
18585
18585
18583
18579
18577
18577
18574
18573
18573
18571
18571
18571
18570
18567
18567
18567
18567
18564
18562
18560
18560
18559
18559
18558
18557
18557
18556
18556
18556
18554
18553
18553
18553
18551
18549
18549
18548
18548
18547
18546
18546
18544
18543
18541
18541
18541
18539
18539
18539
18536
18534
18532
18530
18529
18528
18528
18528
18527
18527
18526
18526
18525
18523
18522
18520
18520
18519
18518
18518
18515
18515
18515
18515
18513
18513
18513
18512
18512
18512
18511
18510
18508
18507
18506
18505
18504
18504
18500
18500
18499
18498
18498
18496
18495
18495
18495
18493
18493
18493
18492
18492
18491
18491
18491
18490
18489
18487
18487
18487
18487
18487
18486
18485
18483
18483
18482
18482
18481
18481
18480
18479
18479
18478
18477
18476
18476
18474
18473
18473
18472
18471
18470
18470
18469
18469
18468
18466
18466
18465
18464
18463
18463
18462
18459
18457
18456
18456
18455
18454
18452
18451
18450
18450
18449
18449
18447
18443
18442
18441
18441
18439
18439
18437
18437
18435
18433
18432
18432
18430
18430
18426
18425
18424
18424
18423
18423
18423
18420
18418
18417
18415
18415
18414
18411
18411
18410
18408
18406
18406
18406
18406
18404
18403
18403
18403
18403
18400
18399
18397
18395
18394
18394
18394
18393
18391
18390
18388
18386
18385
18385
18385
18383
18382
18377
18377
18375
18375
18374
18372
18372
18372
18372
18368
18368
18367
18367
18366
18364
18364
18364
18363
18363
18363
18362
18360
18359
18359
18358
18354
18353
18353
18353
18353
18353
18353
18351
18351
18351
18350
18350
18349
18347
18346
18344
18343
18342
18340
18340
18340
18339
18338
18338
18337
18337
18336
18336
18335
18335
18333
18324
18323
18322
18321
18318
18317
18316
18316
18315
18314
18314
18313
18310
18309
18309
18308
18308
18306
18306
18303
18303
18302
18300
18299
18299
18298
18298
18297
18296
18295
18292
18291
18291
18290
18290
18289
18288
18287
18282
18282
18282
18281
18281
18275
18275
18273
18272
18270
18270
18268
18267
18267
18266
18265
18265
18265
18264
18263
18261
18260
18258
18257
18255
18255
18254
18253
18252
18252
18251
18251
18248
18246
18246
18246
18243
18243
18243
18240
18239
18238
18237
18235
18234
18234
18233
18231
18230
18229
18227
18227
18225
18225
18225
18223
18223
18223
18221
18221
18216
18216
18216
18215
18213
18210
18210
18210
18207
18206
18205
18205
18205
18203
18203
18202
18200
18199
18196
18193
18193
18191
18189
18188
18186
18186
18185
18185
18184
18182
18182
18181
18180
18179
18178
18177
18177
18176
18174
18172
18171
18170
18170
18169
18168
18166
18165
18164
18163
18163
18162
18160
18160
18160
18159
18158
18157
18157
18156
18156
18155
18155
18154
18154
18153
18153
18150
18143
18140
18138
18138
18138
18137
18136
18136
18136
18135
18135
18134
18132
18132
18132
18128
18128
18127
18127
18125
18125
18124
18124
18121
18121
18118
18117
18116
18116
18113
18113
18113
18110
18107
18104
18104
18103
18103
18100
18098
18098
18095
18095
18094
18093
18091
18090
18090
18088
18088
18087
18087
18085
18084
18084
18084
18083
18083
18082
18081
18080
18079
18079
18079
18077
18074
18074
18073
18072
18071
18071
18070
18070
18069
18068
18068
18067
18067
18065
18065
18064
18063
18062
18062
18061
18059
18058
18057
18057
18054
18051
18050
18050
18049
18049
18048
18047
18046
18045
18045
18044
18044
18044
18043
18042
18041
18041
18040
18038
18037
18037
18036
18036
18035
18035
18035
18033
18033
18030
18029
18028
18028
18028
18028
18026
18026
18025
18023
18022
18022
18021
18019
18019
18018
18018
18017
18017
18016
18015
18013
18013
18012
18009
18009
18007
18006
18006
18006
18004
18003
18001
17999
17998
17995
17989
17989
17987
17987
17987
17987
17986
17986
17984
17984
17983
17982
17980
17978
17976
17974
17973
17973
17973
17973
17972
17969
17968
17967
17966
17966
17965
17964
17959
17959
17958
17956
17955
17955
17954
17953
17952
17952
17951
17951
17951
17951
17949
17949
17948
17948
17946
17946
17943
17943
17943
17941
17940
17940
17937
17936
17936
17932
17932
17931
17930
17929
17928
17928
17927
17927
17925
17925
17924
17923
17919
17918
17917
17917
17917
17916
17915
17915
17913
17913
17912
17911
17911
17909
17908
17908
17906
17903
17901
17900
17896
17896
17894
17893
17893
17892
17892
17892
17890
17890
17888
17888
17888
17888
17888
17887
17887
17886
17885
17884
17884
17883
17883
17882
17882
17882
17880
17879
17878
17878
17877
17876
17876
17875
17874
17873
17872
17871
17871
17869
17868
17867
17867
17865
17865
17865
17864
17864
17864
17863
17863
17862
17862
17862
17860
17860
17860
17859
17858
17857
17855
17855
17855
17855
17854
17854
17853
17851
17850
17849
17849
17847
17847
17846
17845
17844
17844
17842
17841
17841
17841
17840
17838
17838
17834
17831
17829
17828
17827
17826
17825
17825
17823
17819
17818
17817
17813
17812
17812
17811
17810
17809
17809
17809
17808
17806
17806
17805
17805
17804
17803
17802
17801
17801
17801
17801
17800
17800
17798
17797
17796
17796
17795
17794
17794
17794
17794
17790
17789
17788
17786
17784
17783
17783
17782
17778
17778
17777
17776
17776
17773
17773
17773
17773
17772
17772
17771
17770
17770
17769
17768
17768
17767
17767
17765
17764
17761
17761
17760
17759
17757
17756
17753
17753
17749
17749
17748
17744
17742
17739
17739
17738
17737
17737
17736
17735
17734
17734
17733
17732
17731
17730
17728
17725
17723
17722
17719
17719
17716
17715
17714
17713
17711
17710
17707
17706
17704
17704
17704
17702
17700
17700
17699
17698
17695
17695
17695
17693
17692
17690
17690
17688
17686
17685
17685
17683
17682
17681
17681
17681
17680
17679
17679
17678
17677
17677
17677
17676
17676
17675
17675
17671
17670
17667
17665
17665
17665
17664
17662
17661
17659
17658
17656
17656
17656
17656
17656
17655
17654
17653
17651
17651
17650
17649
17649
17647
17645
17642
17642
17639
17639
17639
17635
17635
17633
17633
17632
17632
17631
17630
17630
17630
17630
17630
17629
17628
17627
17626
17626
17625
17625
17624
17623
17621
17620
17620
17618
17618
17618
17616
17615
17615
17613
17609
17607
17607
17607
17604
17603
17601
17601
17600
17600
17600
17598
17598
17597
17595
17595
17595
17595
17594
17594
17592
17591
17590
17589
17589
17588
17587
17586
17586
17583
17583
17582
17581
17579
17578
17578
17578
17577
17577
17573
17570
17569
17569
17569
17568
17567
17567
17565
17565
17564
17561
17560
17558
17557
17556
17554
17551
17549
17548
17547
17545
17545
17544
17544
17544
17544
17543
17543
17543
17543
17542
17542
17540
17536
17535
17535
17535
17531
17527
17527
17527
17526
17525
17525
17524
17521
17520
17519
17518
17518
17518
17517
17514
17514
17513
17512
17512
17512
17510
17508
17508
17508
17506
17506
17506
17506
17505
17502
17502
17501
17498
17496
17494
17492
17491
17491
17491
17490
17488
17487
17485
17485
17484
17484
17482
17480
17480
17480
17479
17478
17478
17478
17477
17477
17474
17472
17471
17471
17470
17470
17470
17469
17468
17467
17467
17466
17463
17463
17461
17459
17458
17457
17457
17455
17455
17454
17453
17453
17452
17451
17446
17445
17445
17445
17444
17444
17443
17441
17441
17437
17436
17436
17435
17435
17433
17433
17432
17432
17431
17430
17430
17428
17425
17425
17425
17424
17421
17420
17418
17418
17418
17416
17416
17414
17412
17411
17409
17409
17408
17406
17406
17406
17406
17405
17405
17404
17404
17403
17402
17401
17401
17401
17399
17399
17398
17395
17394
17394
17393
17392
17392
17392
17390
17390
17390
17389
17389
17388
17388
17386
17386
17385
17385
17384
17384
17384
17383
17381
17381
17379
17378
17376
17376
17374
17373
17370
17369
17369
17368
17368
17368
17367
17365
17364
17360
17358
17357
17357
17355
17355
17354
17352
17352
17351
17350
17349
17348
17345
17344
17342
17341
17340
17339
17339
17338
17338
17338
17337
17336
17336
17335
17335
17334
17333
17332
17332
17330
17330
17330
17329
17329
17324
17323
17323
17320
17320
17319
17315
17314
17313
17313
17313
17311
17311
17310
17310
17310
17310
17309
17309
17308
17308
17307
17305
17303
17302
17299
17299
17298
17296
17296
17294
17294
17292
17292
17292
17290
17290
17288
17287
17286
17286
17286
17285
17284
17283
17283
17281
17281
17280
17280
17280
17278
17276
17276
17276
17274
17274
17272
17271
17270
17269
17266
17266
17265
17265
17265
17264
17263
17261
17261
17260
17258
17257
17255
17254
17254
17253
17252
17249
17246
17246
17246
17246
17245
17245
17244
17243
17242
17241
17240
17240
17239
17239
17238
17238
17236
17233
17232
17230
17230
17229
17228
17228
17228
17226
17226
17225
17225
17221
17221
17219
17218
17218
17217
17216
17215
17215
17214
17214
17213
17213
17212
17210
17208
17208
17207
17207
17205
17205
17204
17204
17202
17202
17201
17201
17200
17200
17199
17199
17199
17199
17198
17198
17197
17196
17196
17194
17194
17192
17192
17190
17188
17185
17185
17185
17183
17182
17182
17180
17180
17177
17177
17177
17176
17176
17175
17175
17171
17171
17170
17170
17167
17166
17166
17166
17164
17163
17162
17162
17161
17161
17160
17160
17159
17159
17158
17156
17156
17154
17153
17153
17152
17151
17150
17150
17150
17148
17147
17146
17145
17145
17143
17143
17140
17139
17139
17137
17137
17133
17133
17124
17122
17121
17121
17121
17120
17120
17119
17118
17118
17115
17115
17114
17113
17110
17109
17109
17108
17108
17107
17106
17105
17101
17100
17099
17098
17096
17095
17093
17093
17093
17091
17090
17086
17083
17082
17082
17081
17081
17080
17080
17078
17078
17076
17075
17075
17074
17073
17073
17072
17069
17069
17067
17066
17065
17064
17062
17061
17061
17061
17060
17059
17058
17056
17056
17055
17053
17053
17052
17052
17050
17048
17045
17042
17039
17038
17036
17036
17035
17033
17033
17033
17032
17031
17030
17030
17027
17026
17026
17026
17026
17026
17025
17023
17023
17022
17020
17020
17019
17018
17013
17013
17008
17007
17006
17005
17005
17005
17004
17003
17002
17001
16999
16998
16994
16991
16987
16986
16985
16984
16982
16982
16982
16981
16980
16978
16977
16977
16976
16976
16974
16973
16973
16972
16972
16971
16968
16966
16965
16964
16963
16962
16961
16960
16959
16959
16958
16958
16958
16956
16955
16954
16954
16953
16953
16952
16952
16951
16951
16948
16946
16943
16942
16941
16939
16939
16938
16936
16931
16931
16931
16930
16928
16928
16927
16924
16922
16921
16920
16920
16919
16918
16918
16914
16914
16913
16912
16912
16911
16911
16911
16911
16910
16910
16910
16907
16907
16906
16906
16905
16905
16905
16904
16903
16903
16902
16902
16901
16901
16900
16900
16899
16898
16897
16897
16897
16896
16894
16894
16891
16891
16890
16890
16889
16888
16886
16886
16885
16885
16884
16883
16882
16882
16882
16880
16879
16879
16879
16878
16877
16877
16877
16875
16875
16874
16873
16873
16872
16872
16871
16871
16870
16869
16869
16867
16866
16866
16866
16865
16865
16863
16862
16862
16861
16860
16859
16857
16857
16857
16856
16856
16856
16855
16855
16855
16855
16853
16852
16852
16852
16850
16850
16846
16846
16844
16843
16842
16842
16839
16838
16837
16834
16833
16831
16829
16828
16826
16826
16824
16824
16824
16824
16823
16820
16818
16815
16812
16808
16807
16807
16805
16805
16805
16804
16804
16802
16802
16801
16800
16797
16795
16794
16794
16794
16793
16793
16791
16791
16791
16788
16788
16787
16786
16786
16785
16784
16784
16783
16782
16781
16781
16781
16779
16778
16778
16775
16774
16773
16773
16771
16771
16770
16770
16770
16770
16770
16769
16768
16768
16767
16765
16765
16765
16765
16763
16762
16761
16760
16760
16759
16758
16755
16755
16753
16751
16750
16749
16749
16749
16747
16744
16742
16740
16740
16739
16738
16738
16738
16736
16735
16733
16732
16730
16727
16724
16724
16723
16722
16720
16719
16718
16718
16716
16716
16715
16715
16712
16712
16710
16710
16710
16710
16710
16709
16708
16708
16706
16706
16703
16703
16697
16696
16696
16696
16696
16694
16694
16693
16693
16692
16692
16691
16690
16686
16684
16684
16683
16683
16683
16681
16681
16680
16680
16680
16679
16679
16676
16676
16676
16676
16675
16675
16675
16674
16672
16670
16669
16669
16669
16668
16666
16665
16662
16662
16661
16660
16659
16659
16658
16658
16653
16653
16652
16652
16651
16650
16649
16647
16642
16640
16640
16636
16635
16633
16632
16632
16631
16629
16628
16627
16627
16627
16623
16620
16618
16618
16617
16617
16617
16616
16615
16614
16613
16613
16613
16611
16610
16610
16609
16605
16605
16602
16601
16601
16600
16598
16597
16596
16596
16591
16590
16589
16586
16586
16585
16585
16584
16584
16583
16580
16580
16579
16578
16577
16577
16576
16576
16576
16576
16575
16575
16575
16573
16573
16572
16572
16571
16570
16570
16568
16567
16567
16566
16566
16564
16561
16561
16560
16560
16560
16559
16559
16558
16558
16558
16557
16557
16555
16555
16554
16554
16554
16554
16553
16553
16553
16552
16552
16552
16549
16548
16548
16545
16543
16543
16543
16541
16540
16540
16539
16539
16539
16539
16536
16533
16533
16533
16531
16528
16526
16525
16524
16523
16523
16522
16521
16521
16516
16515
16515
16514
16513
16512
16512
16511
16510
16510
16507
16506
16505
16504
16503
16496
16496
16495
16495
16494
16494
16492
16491
16490
16488
16485
16483
16483
16483
16478
16477
16477
16476
16475
16475
16474
16473
16472
16471
16471
16471
16470
16470
16469
16468
16466
16465
16465
16465
16464
16462
16462
16461
16461
16461
16459
16459
16458
16457
16456
16454
16453
16451
16451
16449
16448
16448
16447
16447
16447
16445
16444
16444
16443
16441
16441
16440
16439
16438
16438
16438
16437
16436
16436
16433
16433
16432
16431
16430
16430
16427
16424
16423
16422
16422
16420
16420
16419
16419
16419
16419
16418
16418
16417
16417
16416
16416
16416
16415
16415
16413
16411
16411
16407
16406
16406
16405
16404
16403
16402
16401
16401
16400
16399
16398
16398
16396
16395
16395
16393
16392
16392
16392
16391
16390
16389
16387
16386
16385
16385
16384
16383
16383
16383
16382
16380
16380
16379
16378
16378
16375
16375
16374
16372
16372
16370
16370
16369
16367
16367
16366
16366
16366
16366
16365
16365
16364
16363
16363
16360
16358
16357
16355
16350
16349
16349
16344
16343
16342
16339
16339
16338
16337
16335
16332
16332
16332
16332
16331
16328
16328
16323
16323
16323
16321
16319
16318
16315
16312
16310
16310
16307
16306
16306
16306
16305
16304
16304
16303
16302
16302
16301
16300
16299
16299
16298
16298
16297
16297
16296
16292
16292
16289
16288
16287
16287
16286
16285
16283
16282
16282
16280
16279
16279
16278
16278
16278
16277
16277
16276
16272
16272
16271
16271
16269
16268
16268
16266
16265
16264
16264
16263
16262
16261
16260
16259
16258
16254
16254
16253
16253
16253
16251
16250
16248
16244
16244
16243
16243
16242
16242
16241
16240
16240
16238
16237
16235
16234
16234
16231
16230
16229
16229
16229
16229
16229
16228
16225
16224
16224
16224
16223
16223
16221
16220
16218
16217
16216
16215
16214
16213
16212
16210
16209
16207
16206
16206
16204
16203
16203
16201
16200
16199
16199
16198
16198
16197
16197
16197
16195
16194
16194
16193
16193
16191
16190
16189
16188
16186
16185
16185
16184
16184
16182
16182
16182
16180
16179
16178
16177
16176
16171
16171
16169
16167
16166
16165
16165
16164
16161
16159
16157
16156
16155
16155
16153
16152
16152
16151
16151
16149
16147
16147
16146
16145
16144
16144
16143
16143
16142
16142
16138
16137
16136
16136
16136
16136
16134
16134
16134
16133
16133
16133
16132
16131
16128
16126
16126
16126
16126
16125
16125
16124
16124
16122
16120
16120
16120
16120
16119
16119
16119
16116
16116
16114
16113
16111
16110
16108
16107
16107
16106
16106
16105
16104
16103
16103
16100
16099
16095
16095
16094
16093
16092
16091
16090
16089
16089
16089
16089
16088
16087
16085
16084
16081
16080
16080
16078
16077
16077
16075
16073
16071
16071
16071
16071
16069
16069
16066
16066
16063
16063
16062
16060
16060
16060
16058
16058
16057
16056
16056
16056
16053
16052
16051
16050
16050
16047
16047
16046
16046
16045
16045
16044
16043
16041
16040
16039
16038
16038
16037
16035
16035
16034
16034
16034
16033
16032
16032
16032
16031
16030
16030
16030
16025
16024
16023
16023
16020
16020
16019
16019
16018
16015
16013
16011
16010
16010
16009
16009
16008
16008
16007
16006
16004
16003
16003
16002
16001
16000
15999
15999
15997
15994
15994
15994
15993
15992
15990
15990
15990
15989
15989
15989
15989
15988
15986
15985
15985
15984
15984
15984
15983
15980
15979
15978
15975
15973
15973
15972
15971
15970
15967
15967
15965
15965
15965
15964
15961
15961
15961
15961
15958
15956
15952
15952
15951
15951
15950
15949
15949
15948
15945
15945
15945
15941
15940
15939
15939
15938
15937
15936
15935
15934
15933
15932
15931
15931
15930
15929
15928
15926
15925
15923
15922
15921
15921
15921
15921
15921
15921
15918
15918
15916
15914
15913
15912
15912
15911
15909
15909
15908
15908
15907
15907
15906
15904
15903
15903
15903
15902
15902
15902
15901
15901
15899
15899
15899
15898
15897
15897
15896
15896
15896
15895
15894
15894
15893
15893
15890
15889
15888
15888
15888
15888
15887
15886
15886
15885
15884
15883
15881
15880
15878
15877
15876
15873
15871
15868
15868
15867
15865
15864
15861
15860
15860
15859
15859
15857
15857
15856
15854
15854
15853
15852
15851
15851
15851
15851
15850
15849
15848
15847
15845
15844
15844
15843
15843
15843
15843
15842
15842
15839
15839
15838
15838
15837
15836
15835
15833
15832
15832
15828
15828
15826
15825
15825
15822
15822
15819
15819
15818
15817
15816
15815
15815
15814
15811
15808
15808
15808
15808
15808
15808
15807
15807
15807
15805
15802
15801
15801
15799
15799
15798
15796
15796
15795
15794
15794
15793
15793
15791
15790
15790
15789
15789
15788
15787
15786
15785
15785
15785
15785
15785
15785
15784
15782
15777
15775
15774
15773
15773
15773
15772
15771
15771
15770
15769
15768
15766
15765
15764
15764
15764
15763
15763
15763
15762
15762
15761
15761
15760
15759
15758
15758
15758
15758
15758
15758
15757
15757
15757
15757
15757
15756
15756
15755
15755
15754
15754
15753
15752
15752
15751
15750
15750
15747
15747
15746
15745
15741
15741
15741
15740
15740
15739
15738
15737
15737
15737
15736
15736
15734
15734
15732
15731
15731
15728
15726
15725
15725
15724
15724
15723
15720
15720
15719
15718
15717
15717
15716
15716
15713
15713
15712
15711
15709
15709
15708
15708
15707
15707
15705
15705
15705
15704
15700
15700
15700
15699
15699
15699
15698
15698
15696
15694
15692
15691
15690
15687
15684
15680
15680
15680
15680
15677
15677
15676
15675
15671
15671
15668
15668
15667
15664
15664
15664
15664
15663
15662
15660
15660
15659
15659
15658
15658
15657
15657
15657
15657
15654
15654
15653
15653
15651
15651
15650
15647
15647
15647
15645
15642
15641
15640
15640
15639
15638
15638
15638
15637
15636
15636
15636
15634
15631
15629
15627
15627
15627
15626
15625
15625
15622
15622
15621
15621
15620
15619
15617
15616
15616
15616
15615
15615
15614
15613
15613
15609
15609
15609
15608
15608
15607
15606
15605
15603
15603
15602
15602
15602
15601
15600
15599
15599
15599
15598
15597
15597
15597
15597
15594
15594
15591
15585
15585
15583
15583
15581
15580
15579
15579
15576
15576
15576
15576
15574
15573
15571
15570
15570
15569
15568
15567
15563
15562
15562
15560
15559
15557
15555
15555
15555
15553
15551
15549
15547
15544
15543
15543
15543
15542
15542
15540
15538
15538
15538
15537
15537
15537
15537
15535
15530
15529
15528
15528
15525
15524
15522
15522
15521
15518
15516
15516
15516
15516
15516
15514
15511
15510
15509
15509
15506
15505
15505
15504
15503
15502
15501
15501
15500
15499
15498
15496
15495
15494
15494
15494
15493
15492
15492
15491
15490
15488
15486
15486
15485
15485
15483
15482
15481
15481
15478
15475
15474
15474
15474
15473
15473
15472
15472
15472
15471
15471
15471
15471
15468
15468
15467
15466
15466
15465
15464
15463
15462
15462
15462
15462
15461
15461
15460
15460
15458
15458
15457
15456
15454
15453
15453
15451
15450
15448
15447
15446
15446
15445
15443
15443
15441
15441
15441
15440
15440
15439
15439
15438
15436
15433
15432
15431
15431
15431
15431
15429
15427
15426
15425
15424
15423
15421
15419
15418
15416
15414
15414
15414
15413
15412
15412
15412
15411
15411
15411
15410
15408
15408
15408
15407
15406
15406
15404
15403
15400
15399
15398
15397
15396
15396
15395
15395
15393
15393
15393
15392
15390
15389
15388
15388
15387
15387
15384
15384
15380
15379
15378
15378
15377
15373
15370
15370
15369
15369
15369
15365
15365
15364
15362
15361
15353
15352
15352
15351
15351
15351
15350
15350
15350
15348
15346
15346
15346
15346
15345
15344
15343
15343
15341
15341
15340
15340
15339
15337
15335
15334
15334
15334
15332
15331
15331
15331
15331
15330
15329
15327
15327
15325
15325
15325
15325
15325
15324
15322
15321
15321
15321
15320
15319
15319
15317
15316
15315
15315
15314
15313
15312
15312
15312
15312
15312
15309
15309
15309
15308
15308
15301
15300
15300
15300
15298
15298
15297
15295
15293
15293
15292
15292
15292
15288
15287
15286
15286
15286
15286
15286
15284
15282
15280
15276
15276
15276
15275
15274
15274
15272
15269
15268
15266
15265
15264
15264
15264
15263
15263
15262
15262
15262
15262
15261
15261
15260
15259
15259
15258
15257
15256
15255
15255
15253
15253
15250
15250
15248
15245
15245
15245
15244
15242
15241
15240
15237
15236
15236
15235
15234
15234
15233
15232
15232
15232
15230
15230
15229
15229
15224
15224
15223
15221
15219
15217
15216
15215
15213
15211
15208
15207
15207
15207
15206
15206
15206
15206
15205
15203
15203
15203
15201
15201
15201
15200
15199
15198
15198
15197
15196
15195
15192
15192
15190
15190
15189
15189
15188
15187
15187
15185
15184
15183
15182
15182
15181
15180
15179
15176
15176
15176
15174
15173
15172
15170
15169
15168
15167
15163
15161
15161
15161
15161
15160
15159
15159
15158
15157
15155
15155
15154
15154
15153
15152
15150
15146
15143
15142
15142
15142
15141
15140
15138
15137
15137
15136
15136
15136
15136
15136
15134
15134
15132
15131
15131
15130
15130
15130
15130
15129
15129
15129
15129
15127
15127
15126
15125
15125
15123
15123
15122
15122
15120
15119
15119
15114
15113
15113
15111
15111
15109
15109
15107
15106
15106
15103
15101
15101
15100
15099
15099
15095
15095
15094
15094
15093
15093
15092
15091
15090
15090
15090
15089
15088
15088
15086
15086
15084
15084
15084
15083
15083
15080
15079
15079
15078
15075
15075
15074
15073
15072
15071
15070
15070
15070
15068
15067
15066
15066
15066
15063
15062
15062
15058
15056
15055
15055
15053
15050
15049
15049
15048
15047
15047
15045
15044
15044
15043
15041
15038
15037
15037
15036
15035
15034
15032
15031
15029
15028
15028
15027
15026
15026
15024
15021
15021
15021
15021
15019
15019
15018
15016
15016
15016
15015
15014
15013
15013
15013
15012
15012
15011
15011
15010
15010
15009
15009
15009
15009
15007
15007
15007
15006
15006
15004
15002
15001
15000
14999
14999
14999
14998
14998
14998
14998
14997
14996
14996
14995
14995
14994
14994
14993
14993
14991
14991
14990
14990
14987
14985
14983
14983
14982
14982
14979
14978
14977
14976
14976
14976
14976
14976
14975
14975
14975
14971
14970
14970
14969
14969
14965
14963
14963
14962
14962
14961
14961
14961
14961
14961
14957
14956
14955
14955
14951
14951
14950
14949
14946
14946
14940
14938
14937
14937
14937
14937
14937
14937
14936
14934
14933
14933
14932
14931
14930
14923
14922
14922
14921
14921
14920
14919
14919
14916
14915
14914
14913
14911
14911
14908
14908
14907
14906
14904
14904
14903
14902
14901
14900
14899
14898
14898
14894
14891
14890
14888
14886
14885
14885
14885
14881
14880
14878
14876
14875
14874
14873
14872
14868
14868
14866
14866
14866
14865
14864
14863
14862
14861
14857
14854
14854
14854
14853
14852
14852
14852
14850
14850
14849
14849
14846
14846
14845
14845
14844
14843
14843
14843
14839
14832
14832
14832
14830
14830
14829
14829
14825
14825
14824
14823
14823
14823
14822
14822
14821
14820
14819
14818
14818
14818
14817
14817
14816
14816
14814
14814
14814
14811
14810
14810
14810
14807
14806
14806
14806
14805
14804
14804
14803
14801
14800
14800
14797
14797
14794
14794
14794
14792
14792
14790
14789
14788
14788
14788
14787
14787
14787
14786
14785
14783
14782
14782
14780
14778
14778
14778
14776
14775
14775
14775
14774
14773
14772
14772
14772
14771
14771
14770
14770
14769
14768
14767
14766
14766
14765
14765
14765
14764
14764
14764
14762
14760
14759
14759
14758
14757
14755
14752
14751
14751
14750
14749
14749
14749
14748
14748
14747
14745
14745
14741
14740
14740
14740
14736
14736
14735
14735
14735
14733
14733
14733
14733
14732
14731
14730
14729
14729
14728
14728
14727
14725
14725
14724
14721
14721
14721
14720
14718
14717
14717
14716
14716
14716
14716
14715
14715
14714
14713
14712
14712
14712
14711
14709
14706
14703
14703
14702
14701
14699
14698
14696
14696
14695
14694
14694
14693
14693
14692
14689
14688
14688
14688
14688
14686
14683
14683
14681
14681
14680
14679
14675
14673
14673
14673
14672
14671
14671
14671
14671
14670
14670
14668
14667
14666
14666
14666
14665
14663
14663
14663
14663
14663
14662
14662
14661
14660
14659
14659
14658
14657
14655
14654
14654
14653
14653
14652
14652
14651
14648
14648
14647
14646
14646
14645
14643
14643
14642
14642
14641
14640
14640
14640
14636
14635
14634
14633
14632
14630
14629
14626
14625
14624
14623
14622
14622
14621
14619
14618
14618
14617
14616
14614
14612
14609
14607
14607
14607
14605
14605
14604
14604
14603
14601
14597
14597
14595
14594
14593
14593
14591
14591
14590
14589
14588
14587
14586
14585
14585
14585
14585
14584
14583
14582
14581
14576
14575
14575
14575
14574
14572
14571
14569
14567
14567
14565
14563
14560
14559
14559
14558
14557
14556
14555
14553
14552
14552
14551
14551
14550
14550
14550
14549
14549
14547
14547
14547
14546
14545
14544
14544
14543
14541
14541
14541
14541
14540
14540
14537
14537
14535
14533
14532
14531
14530
14528
14526
14526
14525
14524
14522
14522
14520
14519
14518
14517
14517
14516
14515
14514
14514
14513
14512
14512
14511
14511
14505
14504
14503
14503
14502
14500
14499
14498
14498
14498
14498
14498
14497
14497
14496
14495
14494
14493
14493
14488
14487
14486
14485
14484
14482
14482
14481
14481
14478
14476
14476
14474
14471
14470
14469
14468
14468
14467
14466
14463
14462
14462
14455
14454
14454
14454
14454
14452
14451
14451
14450
14448
14445
14442
14441
14439
14437
14435
14434
14433
14433
14432
14432
14430
14430
14430
14429
14428
14428
14425
14425
14425
14421
14421
14420
14420
14419
14418
14418
14416
14412
14411
14411
14409
14409
14408
14408
14407
14406
14406
14406
14404
14404
14404
14402
14402
14402
14401
14400
14398
14397
14397
14395
14395
14393
14391
14391
14390
14390
14390
14389
14388
14388
14386
14385
14384
14384
14383
14383
14382
14382
14379
14379
14379
14377
14376
14375
14374
14374
14373
14373
14372
14370
14370
14369
14369
14365
14364
14361
14361
14360
14359
14358
14358
14354
14353
14353
14353
14353
14352
14351
14349
14349
14349
14349
14349
14349
14347
14347
14347
14346
14346
14345
14345
14344
14343
14343
14343
14340
14339
14339
14337
14337
14337
14337
14336
14336
14335
14333
14330
14330
14329
14328
14327
14325
14323
14322
14321
14321
14318
14318
14317
14317
14313
14313
14313
14309
14309
14308
14307
14307
14306
14304
14303
14303
14301
14296
14296
14296
14295
14295
14293
14293
14293
14293
14292
14290
14290
14289
14288
14288
14287
14285
14284
14283
14282
14281
14281
14280
14279
14278
14277
14277
14276
14274
14274
14273
14272
14272
14270
14269
14268
14268
14267
14266
14266
14264
14263
14263
14261
14260
14259
14258
14258
14257
14257
14257
14256
14253
14250
14250
14249
14247
14247
14247
14246
14245
14244
14244
14243
14242
14242
14240
14240
14240
14239
14238
14238
14237
14237
14237
14236
14235
14232
14231
14230
14230
14228
14226
14226
14224
14224
14223
14220
14220
14217
14211
14210
14209
14208
14208
14208
14207
14206
14205
14204
14204
14201
14201
14200
14199
14199
14199
14197
14196
14195
14193
14192
14190
14190
14190
14189
14188
14188
14186
14185
14181
14179
14178
14177
14176
14174
14173
14172
14172
14172
14168
14168
14167
14167
14166
14166
14166
14165
14165
14164
14164
14162
14162
14161
14161
14161
14160
14156
14156
14155
14153
14149
14149
14149
14149
14148
14146
14146
14145
14145
14144
14143
14143
14143
14141
14137
14135
14131
14131
14129
14129
14129
14129
14126
14126
14125
14123
14123
14122
14122
14122
14121
14121
14120
14117
14116
14116
14116
14116
14111
14110
14110
14110
14110
14110
14109
14108
14108
14107
14107
14106
14106
14105
14105
14104
14103
14102
14101
14101
14099
14098
14098
14097
14097
14096
14095
14093
14092
14092
14092
14091
14090
14089
14088
14087
14086
14086
14086
14085
14083
14083
14077
14075
14074
14073
14073
14073
14072
14072
14070
14070
14070
14069
14067
14066
14065
14065
14064
14063
14062
14061
14061
14061
14057
14057
14056
14056
14053
14053
14052
14052
14050
14049
14047
14046
14045
14045
14044
14042
14041
14040
14040
14039
14039
14038
14036
14035
14035
14034
14033
14033
14032
14032
14032
14031
14031
14028
14028
14028
14028
14026
14022
14020
14018
14016
14015
14013
14013
14012
14012
14011
14007
14005
14005
14004
14004
14002
14001
14001
14000
14000
13998
13998
13997
13995
13994
13992
13986
13985
13984
13984
13984
13981
13978
13976
13972
13970
13969
13969
13968
13968
13967
13967
13966
13964
13962
13961
13961
13958
13958
13958
13954
13954
13952
13951
13951
13949
13948
13945
13944
13944
13943
13943
13941
13941
13939
13939
13939
13937
13936
13935
13934
13932
13931
13930
13927
13926
13924
13924
13923
13920
13920
13919
13919
13918
13916
13915
13913
13913
13913
13911
13911
13910
13910
13907
13906
13905
13903
13901
13901
13900
13900
13899
13899
13899
13897
13896
13896
13896
13893
13892
13889
13888
13887
13886
13885
13882
13882
13881
13881
13880
13880
13879
13879
13879
13877
13876
13876
13873
13872
13870
13870
13865
13865
13865
13863
13863
13863
13861
13861
13861
13861
13860
13860
13859
13859
13858
13857
13855
13855
13855
13847
13846
13846
13845
13845
13844
13844
13843
13839
13839
13839
13839
13837
13837
13835
13835
13833
13833
13832
13828
13828
13828
13827
13826
13826
13826
13824
13823
13823
13822
13822
13820
13820
13819
13819
13818
13817
13816
13816
13814
13814
13813
13812
13808
13807
13805
13805
13804
13803
13803
13801
13800
13800
13795
13793
13792
13790
13785
13784
13782
13781
13780
13780
13779
13775
13775
13774
13774
13773
13772
13772
13769
13767
13767
13766
13766
13765
13763
13762
13758
13756
13755
13754
13754
13751
13749
13749
13748
13748
13747
13746
13746
13746
13745
13744
13743
13741
13741
13740
13739
13736
13736
13735
13733
13733
13733
13732
13731
13730
13727
13727
13727
13725
13724
13723
13723
13720
13720
13719
13718
13716
13716
13715
13715
13715
13714
13713
13708
13707
13706
13703
13703
13701
13700
13699
13699
13698
13697
13696
13696
13695
13695
13694
13694
13693
13692
13692
13689
13688
13687
13687
13687
13687
13687
13685
13685
13684
13683
13682
13682
13682
13680
13679
13678
13676
13676
13676
13674
13674
13671
13670
13668
13666
13666
13665
13665
13664
13664
13663
13663
13662
13658
13658
13656
13653
13652
13651
13647
13647
13646
13645
13644
13644
13644
13643
13643
13641
13637
13637
13636
13635
13635
13633
13632
13632
13629
13629
13629
13628
13627
13626
13626
13625
13624
13622
13621
13619
13619
13618
13616
13616
13616
13615
13612
13612
13611
13609
13608
13608
13607
13605
13604
13604
13603
13603
13603
13599
13598
13598
13597
13597
13597
13596
13596
13596
13595
13594
13594
13593
13591
13591
13589
13589
13589
13587
13585
13585
13585
13584
13583
13583
13582
13582
13580
13579
13578
13577
13574
13574
13573
13571
13570
13570
13569
13569
13568
13567
13565
13565
13564
13564
13564
13564
13562
13560
13560
13559
13559
13559
13558
13557
13557
13556
13556
13554
13552
13552
13552
13550
13547
13547
13547
13546
13546
13546
13545
13544
13544
13544
13543
13542
13542
13542
13541
13541
13541
13538
13538
13535
13535
13529
13528
13527
13526
13526
13526
13523
13523
13521
13519
13517
13517
13517
13516
13516
13516
13515
13515
13513
13513
13513
13510
13509
13509
13506
13506
13506
13506
13505
13504
13503
13503
13500
13498
13498
13498
13495
13493
13493
13486
13484
13484
13481
13477
13477
13477
13476
13474
13474
13472
13472
13469
13468
13468
13468
13466
13461
13460
13460
13459
13458
13458
13458
13458
13457
13457
13457
13455
13453
13453
13453
13450
13450
13449
13448
13447
13446
13444
13444
13444
13443
13440
13439
13439
13437
13436
13435
13434
13433
13433
13432
13432
13431
13431
13431
13429
13428
13425
13425
13423
13421
13421
13418
13417
13416
13414
13410
13410
13407
13407
13407
13405
13404
13404
13402
13401
13399
13399
13398
13398
13398
13397
13393
13392
13392
13391
13388
13388
13388
13388
13388
13387
13385
13385
13385
13385
13384
13383
13383
13382
13381
13381
13380
13380
13379
13379
13378
13374
13374
13373
13373
13372
13371
13370
13368
13368
13368
13367
13366
13364
13364
13364
13363
13361
13359
13359
13356
13356
13353
13353
13352
13351
13351
13347
13344
13344
13344
13342
13342
13341
13341
13341
13340
13339
13337
13336
13336
13334
13332
13332
13330
13327
13327
13326
13324
13324
13322
13320
13318
13318
13317
13317
13315
13314
13314
13312
13311
13311
13311
13310
13308
13308
13307
13307
13305
13305
13305
13304
13303
13302
13302
13301
13299
13299
13298
13298
13295
13294
13293
13292
13292
13292
13291
13291
13290
13289
13288
13287
13287
13286
13286
13285
13285
13284
13283
13283
13281
13277
13276
13276
13275
13274
13273
13272
13272
13271
13271
13270
13268
13268
13267
13265
13265
13263
13262
13261
13260
13259
13256
13253
13251
13251
13250
13249
13248
13245
13245
13241
13240
13239
13239
13238
13238
13238
13235
13234
13232
13230
13230
13228
13228
13227
13227
13226
13225
13223
13221
13219
13218
13218
13217
13215
13214
13214
13213
13212
13212
13212
13210
13210
13208
13208
13206
13204
13204
13203
13202
13202
13202
13201
13201
13201
13200
13200
13200
13200
13199
13199
13197
13196
13195
13194
13193
13192
13192
13191
13191
13191
13190
13189
13189
13188
13187
13186
13185
13185
13184
13183
13183
13181
13179
13178
13177
13176
13173
13173
13173
13167
13166
13166
13165
13165
13165
13164
13163
13161
13161
13156
13155
13155
13154
13154
13152
13152
13151
13146
13146
13144
13143
13142
13139
13138
13137
13137
13137
13133
13133
13132
13131
13130
13126
13126
13126
13124
13121
13121
13120
13119
13119
13118
13114
13113
13113
13112
13111
13108
13105
13104
13104
13103
13099
13098
13097
13095
13095
13095
13093
13093
13091
13091
13090
13090
13089
13088
13087
13084
13082
13080
13079
13078
13077
13077
13076
13075
13073
13073
13072
13072
13071
13068
13067
13067
13066
13065
13064
13064
13063
13063
13062
13061
13059
13058
13057
13057
13056
13056
13055
13055
13053
13053
13053
13053
13052
13050
13049
13049
13049
13049
13048
13047
13047
13045
13045
13044
13043
13043
13042
13042
13042
13039
13038
13035
13033
13033
13032
13031
13029
13029
13027
13025
13024
13022
13022
13021
13020
13019
13018
13018
13016
13015
13014
13014
13014
13012
13012
13011
13010
13010
13010
13009
13007
13007
13006
13006
13006
13004
13004
13004
13002
13002
13001
13001
13000
12998
12998
12996
12995
12994
12994
12994
12993
12991
12991
12991
12990
12988
12987
12987
12986
12984
12984
12983
12982
12982
12981
12980
12979
12979
12978
12977
12976
12976
12975
12974
12973
12972
12972
12972
12972
12971
12971
12969
12969
12968
12968
12968
12967
12967
12965
12964
12964
12964
12964
12963
12962
12961
12959
12958
12958
12957
12957
12957
12956
12956
12953
12947
12946
12946
12945
12945
12944
12942
12941
12941
12940
12939
12939
12939
12938
12936
12935
12935
12935
12933
12933
12932
12932
12932
12931
12930
12928
12928
12928
12927
12926
12926
12924
12924
12922
12921
12919
12917
12917
12916
12913
12913
12912
12910
12909
12909
12909
12905
12905
12904
12903
12897
12896
12896
12896
12895
12893
12893
12892
12892
12891
12891
12889
12888
12888
12887
12887
12886
12886
12883
12881
12880
12878
12876
12875
12875
12873
12872
12871
12870
12870
12867
12867
12865
12864
12864
12864
12863
12862
12862
12862
12858
12858
12857
12857
12857
12855
12854
12852
12851
12850
12848
12847
12844
12844
12844
12843
12841
12838
12838
12838
12837
12837
12837
12835
12834
12831
12831
12830
12830
12830
12828
12827
12826
12825
12825
12824
12823
12822
12822
12821
12820
12820
12820
12819
12818
12818
12816
12815
12813
12812
12812
12810
12808
12807
12806
12804
12804
12803
12803
12802
12802
12797
12796
12796
12794
12794
12793
12793
12792
12791
12789
12787
12786
12786
12785
12784
12784
12783
12783
12783
12782
12782
12781
12780
12780
12779
12778
12778
12777
12777
12776
12775
12775
12774
12773
12773
12773
12772
12772
12770
12769
12769
12769
12768
12766
12766
12765
12763
12763
12761
12760
12760
12757
12756
12754
12753
12753
12753
12752
12752
12750
12750
12749
12748
12746
12746
12743
12743
12743
12742
12741
12740
12739
12738
12738
12737
12737
12736
12735
12734
12733
12733
12731
12726
12723
12723
12722
12720
12719
12718
12715
12712
12709
12708
12708
12707
12705
12704
12704
12702
12702
12698
12697
12697
12696
12695
12694
12693
12690
12689
12688
12686
12686
12686
12683
12683
12683
12682
12680
12679
12679
12677
12676
12676
12676
12671
12671
12671
12670
12670
12669
12668
12666
12665
12663
12660
12656
12650
12649
12648
12648
12647
12647
12644
12643
12641
12641
12639
12635
12635
12634
12633
12632
12632
12632
12631
12630
12630
12629
12629
12629
12629
12628
12627
12626
12625
12625
12625
12624
12621
12620
12615
12614
12613
12612
12611
12610
12610
12609
12605
12601
12600
12598
12598
12597
12595
12593
12592
12590
12589
12589
12587
12586
12584
12579
12578
12578
12577
12577
12577
12577
12576
12576
12576
12575
12574
12573
12572
12571
12570
12570
12568
12567
12566
12565
12564
12564
12563
12561
12560
12560
12556
12556
12555
12555
12554
12553
12553
12552
12549
12548
12547
12546
12545
12545
12544
12542
12541
12540
12539
12539
12538
12532
12531
12528
12527
12526
12525
12525
12524
12523
12522
12521
12519
12518
12518
12517
12514
12514
12514
12513
12512
12512
12511
12511
12510
12509
12509
12508
12508
12508
12507
12507
12507
12506
12506
12506
12504
12503
12502
12502
12502
12500
12499
12499
12498
12497
12495
12495
12493
12492
12488
12488
12488
12485
12485
12485
12483
12482
12481
12480
12480
12480
12480
12479
12478
12477
12477
12476
12475
12474
12473
12472
12472
12472
12471
12469
12469
12468
12467
12464
12464
12460
12459
12459
12459
12458
12455
12455
12454
12453
12450
12450
12449
12449
12446
12444
12443
12442
12441
12437
12437
12437
12436
12435
12433
12433
12432
12430
12428
12427
12427
12426
12425
12422
12422
12422
12421
12421
12417
12413
12413
12413
12412
12412
12412
12412
12412
12411
12409
12409
12407
12406
12406
12406
12402
12402
12401
12401
12399
12399
12394
12393
12393
12392
12391
12391
12391
12390
12390
12390
12389
12388
12387
12387
12386
12386
12385
12385
12383
12382
12382
12382
12381
12381
12378
12378
12377
12377
12377
12376
12375
12375
12374
12373
12372
12371
12370
12370
12368
12367
12367
12364
12363
12361
12361
12360
12360
12360
12357
12355
12354
12353
12350
12349
12348
12346
12346
12341
12340
12339
12339
12338
12338
12334
12332
12332
12329
12328
12327
12324
12324
12324
12322
12321
12321
12320
12318
12318
12317
12316
12313
12313
12313
12311
12310
12310
12310
12309
12309
12308
12306
12300
12297
12297
12297
12296
12295
12295
12295
12293
12293
12292
12291
12291
12291
12290
12288
12288
12286
12285
12284
12281
12280
12279
12279
12278
12278
12277
12275
12274
12273
12272
12270
12268
12267
12267
12266
12266
12266
12265
12263
12261
12260
12260
12259
12258
12258
12257
12257
12256
12255
12255
12255
12253
12253
12252
12252
12248
12248
12247
12245
12242
12242
12241
12239
12238
12238
12237
12236
12234
12232
12232
12231
12230
12229
12228
12227
12224
12222
12219
12219
12218
12216
12214
12213
12211
12209
12209
12208
12207
12206
12205
12203
12203
12200
12199
12198
12197
12193
12193
12192
12192
12191
12190
12190
12189
12187
12187
12186
12184
12182
12179
12179
12178
12175
12173
12172
12171
12171
12171
12170
12170
12170
12168
12167
12165
12165
12164
12163
12162
12161
12160
12159
12158
12158
12156
12155
12153
12151
12150
12150
12149
12148
12147
12147
12146
12146
12145
12145
12144
12143
12143
12141
12139
12135
12135
12134
12133
12132
12132
12132
12131
12131
12129
12127
12127
12126
12126
12126
12125
12122
12122
12121
12120
12119
12119
12115
12111
12110
12109
12108
12108
12107
12106
12106
12103
12103
12103
12102
12102
12101
12100
12098
12096
12096
12095
12094
12094
12093
12093
12093
12091
12091
12090
12090
12090
12088
12087
12087
12087
12087
12086
12085
12085
12084
12083
12082
12079
12076
12074
12073
12072
12071
12071
12071
12071
12071
12070
12070
12069
12068
12067
12067
12063
12062
12061
12060
12060
12060
12060
12059
12058
12054
12053
12052
12052
12051
12051
12048
12047
12046
12042
12042
12041
12041
12041
12040
12037
12037
12037
12037
12035
12035
12034
12033
12033
12032
12032
12031
12031
12030
12029
12029
12029
12028
12028
12026
12026
12023
12022
12022
12020
12020
12020
12018
12017
12017
12016
12015
12015
12013
12013
12012
12012
12010
12010
12009
12008
12008
12008
12007
12007
12007
12006
12006
12005
12004
12004
12003
12003
12002
12001
12001
12001
12001
11999
11999
11997
11997
11996
11996
11995
11992
11992
11992
11989
11988
11988
11988
11987
11987
11986
11985
11979
11979
11977
11974
11971
11968
11968
11967
11966
11965
11964
11963
11963
11963
11962
11961
11959
11958
11956
11956
11956
11954
11953
11953
11951
11951
11951
11949
11949
11949
11948
11947
11946
11946
11946
11944
11940
11940
11939
11938
11937
11935
11935
11935
11934
11934
11934
11933
11932
11931
11929
11929
11926
11925
11925
11924
11924
11924
11921
11921
11920
11920
11919
11918
11916
11913
11911
11911
11910
11908
11907
11903
11901
11901
11900
11900
11898
11896
11894
11893
11892
11890
11890
11890
11888
11888
11885
11881
11880
11880
11879
11877
11877
11875
11874
11874
11872
11867
11866
11865
11864
11864
11863
11863
11860
11858
11858
11856
11856
11856
11855
11855
11854
11853
11853
11851
11847
11846
11845
11845
11845
11843
11842
11841
11840
11838
11838
11836
11836
11835
11831
11830
11829
11829
11829
11827
11824
11824
11822
11821
11819
11819
11817
11816
11816
11815
11815
11814
11811
11810
11810
11809
11809
11808
11807
11807
11804
11803
11803
11803
11800
11800
11799
11798
11798
11798
11798
11798
11797
11795
11795
11794
11794
11793
11790
11789
11788
11787
11786
11786
11784
11784
11784
11783
11781
11781
11780
11780
11778
11778
11778
11776
11775
11774
11773
11773
11771
11770
11770
11769
11768
11768
11768
11768
11767
11767
11765
11764
11764
11762
11761
11761
11760
11759
11757
11754
11753
11753
11749
11748
11747
11746
11744
11744
11744
11744
11743
11743
11740
11739
11739
11737
11735
11735
11734
11734
11732
11731
11731
11731
11730
11727
11727
11727
11726
11726
11725
11724
11724
11723
11722
11722
11720
11720
11720
11718
11716
11715
11713
11713
11711
11711
11708
11707
11706
11705
11705
11703
11703
11702
11702
11701
11700
11699
11696
11692
11692
11691
11691
11691
11690
11690
11689
11688
11688
11687
11686
11684
11683
11682
11681
11680
11679
11679
11678
11677
11677
11675
11674
11673
11673
11672
11670
11670
11670
11669
11668
11667
11666
11665
11665
11665
11664
11664
11663
11663
11656
11656
11655
11655
11654
11654
11654
11653
11653
11653
11652
11652
11652
11651
11649
11649
11648
11647
11647
11644
11644
11643
11643
11639
11639
11638
11637
11636
11633
11632
11632
11632
11631
11630
11629
11627
11625
11624
11622
11621
11620
11620
11619
11616
11616
11614
11613
11611
11610
11610
11609
11608
11608
11607
11607
11606
11603
11602
11601
11599
11599
11598
11598
11590
11589
11588
11587
11584
11584
11584
11583
11583
11583
11582
11581
11578
11575
11575
11572
11569
11568
11568
11568
11567
11565
11565
11564
11564
11560
11560
11560
11559
11558
11558
11557
11557
11555
11554
11553
11553
11551
11551
11549
11548
11547
11544
11544
11543
11543
11542
11540
11539
11538
11537
11536
11536
11536
11535
11535
11534
11532
11532
11531
11530
11529
11528
11526
11526
11524
11524
11523
11523
11520
11518
11518
11518
11515
11515
11514
11513
11513
11512
11512
11508
11508
11507
11506
11504
11503
11502
11501
11500
11500
11500
11499
11498
11497
11496
11494
11492
11490
11490
11490
11489
11489
11488
11487
11487
11487
11486
11484
11483
11482
11481
11479
11479
11478
11478
11477
11474
11474
11474
11474
11473
11473
11470
11469
11468
11468
11464
11464
11464
11463
11462
11460
11459
11459
11459
11457
11456
11455
11454
11454
11453
11453
11453
11451
11451
11447
11446
11446
11446
11444
11443
11443
11441
11441
11439
11439
11436
11433
11433
11431
11431
11430
11430
11429
11429
11429
11428
11427
11427
11426
11425
11424
11423
11423
11422
11422
11421
11416
11416
11416
11414
11412
11411
11411
11409
11408
11407
11407
11407
11407
11406
11406
11405
11403
11403
11403
11401
11401
11400
11400
11397
11397
11397
11395
11392
11389
11387
11386
11384
11383
11382
11382
11381
11381
11380
11380
11377
11376
11376
11376
11374
11374
11373
11371
11370
11369
11369
11369
11369
11368
11367
11366
11365
11365
11363
11362
11362
11358
11358
11358
11357
11357
11356
11356
11355
11355
11353
11353
11353
11353
11348
11347
11347
11345
11345
11345
11343
11343
11343
11340
11339
11337
11336
11333
11332
11332
11332
11328
11327
11327
11326
11325
11323
11322
11321
11320
11319
11319
11317
11315
11314
11314
11313
11312
11311
11311
11311
11309
11308
11307
11307
11307
11305
11305
11305
11305
11305
11304
11301
11300
11299
11299
11298
11297
11297
11297
11296
11295
11291
11291
11290
11289
11286
11285
11283
11281
11278
11278
11277
11276
11276
11275
11274
11273
11272
11272
11271
11270
11269
11269
11267
11266
11265
11263
11261
11257
11257
11256
11255
11254
11252
11251
11250
11249
11248
11247
11247
11246
11246
11246
11245
11245
11244
11243
11243
11243
11242
11241
11239
11239
11238
11237
11236
11235
11234
11234
11231
11231
11231
11230
11229
11228
11227
11226
11226
11226
11224
11224
11222
11221
11220
11219
11217
11216
11215
11214
11213
11211
11210
11209
11208
11208
11207
11207
11206
11204
11204
11200
11200
11198
11197
11197
11195
11194
11194
11192
11190
11188
11188
11187
11184
11183
11183
11182
11181
11181
11178
11177
11177
11177
11176
11176
11176
11174
11173
11173
11170
11169
11169
11167
11167
11167
11165
11165
11165
11165
11163
11163
11162
11162
11160
11155
11154
11153
11153
11151
11151
11148
11145
11145
11144
11144
11142
11142
11142
11141
11141
11141
11139
11139
11139
11138
11137
11137
11137
11132
11132
11130
11130
11128
11128
11127
11126
11124
11124
11121
11121
11121
11119
11119
11118
11117
11117
11117
11116
11115
11114
11113
11113
11111
11111
11111
11111
11108
11107
11105
11105
11105
11104
11102
11100
11100
11099
11099
11098
11098
11098
11097
11096
11096
11094
11091
11090
11088
11088
11087
11085
11084
11084
11083
11083
11082
11082
11080
11076
11075
11074
11073
11073
11070
11070
11070
11069
11066
11066
11066
11065
11063
11063
11063
11062
11062
11060
11058
11058
11056
11055
11055
11053
11052
11050
11048
11048
11044
11043
11043
11042
11041
11040
11039
11037
11035
11031
11031
11029
11029
11028
11028
11027
11026
11026
11025
11025
11025
11024
11024
11024
11024
11023
11022
11022
11022
11022
11021
11021
11021
11018
11018
11017
11016
11014
11011
11010
11009
11007
11007
11006
11006
11006
10999
10999
10998
10997
10997
10996
10996
10995
10993
10992
10991
10991
10991
10990
10986
10986
10986
10984
10983
10981
10980
10979
10979
10979
10978
10977
10977
10975
10974
10974
10972
10970
10969
10968
10967
10966
10966
10966
10964
10962
10961
10959
10959
10959
10957
10956
10956
10956
10954
10953
10952
10949
10948
10948
10947
10946
10944
10944
10943
10943
10941
10941
10939
10939
10939
10938
10938
10938
10938
10938
10935
10935
10934
10933
10932
10932
10931
10931
10930
10929
10927
10920
10920
10920
10919
10918
10918
10917
10916
10915
10914
10913
10913
10910
10910
10908
10908
10907
10907
10907
10906
10906
10904
10901
10900
10899
10899
10898
10897
10895
10894
10894
10892
10891
10890
10889
10887
10887
10887
10887
10887
10886
10885
10879
10879
10878
10877
10876
10875
10875
10874
10874
10872
10870
10870
10870
10868
10868
10866
10866
10865
10865
10865
10865
10862
10861
10859
10858
10857
10854
10853
10853
10850
10850
10849
10848
10847
10847
10847
10846
10845
10843
10843
10842
10842
10842
10841
10840
10840
10840
10837
10836
10834
10833
10832
10832
10830
10829
10828
10826
10826
10825
10825
10825
10824
10823
10823
10821
10821
10819
10819
10819
10819
10819
10818
10818
10818
10817
10816
10816
10815
10814
10814
10811
10810
10810
10809
10808
10808
10806
10804
10801
10800
10799
10799
10799
10798
10798
10798
10797
10797
10796
10796
10796
10795
10794
10793
10791
10790
10785
10785
10783
10783
10782
10780
10779
10779
10778
10778
10777
10776
10776
10775
10774
10774
10774
10771
10769
10766
10764
10764
10762
10762
10761
10758
10758
10757
10757
10757
10756
10755
10751
10751
10751
10750
10749
10747
10747
10747
10746
10746
10746
10744
10744
10744
10744
10743
10743
10742
10742
10741
10741
10740
10740
10738
10737
10737
10735
10735
10733
10733
10730
10730
10729
10729
10728
10728
10728
10727
10726
10726
10725
10724
10723
10722
10722
10722
10721
10720
10720
10719
10717
10717
10717
10716
10713
10711
10709
10709
10706
10705
10704
10703
10703
10699
10699
10698
10698
10695
10695
10695
10694
10693
10693
10693
10693
10689
10688
10688
10687
10686
10685
10684
10684
10682
10682
10679
10679
10678
10677
10677
10674
10674
10667
10665
10665
10661
10661
10661
10659
10653
10653
10652
10652
10650
10650
10648
10647
10646
10643
10642
10642
10641
10641
10641
10638
10635
10634
10634
10634
10633
10631
10631
10631
10631
10630
10630
10629
10628
10627
10626
10624
10624
10622
10621
10620
10619
10619
10618
10618
10617
10617
10614
10614
10614
10614
10613
10610
10608
10608
10608
10605
10604
10602
10601
10600
10598
10598
10597
10595
10593
10592
10592
10590
10588
10587
10586
10584
10584
10583
10583
10583
10582
10581
10579
10576
10576
10576
10576
10575
10575
10574
10573
10573
10571
10568
10568
10567
10567
10566
10566
10566
10566
10565
10563
10562
10557
10557
10556
10555
10555
10555
10555
10554
10554
10553
10552
10551
10547
10547
10547
10546
10545
10545
10543
10542
10541
10539
10539
10538
10538
10537
10537
10535
10534
10534
10533
10533
10533
10531
10529
10529
10527
10526
10526
10524
10524
10523
10521
10521
10520
10517
10516
10516
10514
10513
10513
10513
10509
10509
10507
10505
10503
10503
10503
10502
10501
10501
10501
10500
10498
10497
10497
10495
10494
10493
10492
10492
10492
10491
10491
10491
10490
10489
10489
10488
10488
10486
10486
10485
10479
10479
10478
10477
10476
10475
10470
10469
10469
10468
10468
10466
10465
10463
10462
10461
10461
10459
10457
10457
10456
10455
10454
10453
10451
10450
10450
10450
10450
10448
10447
10446
10446
10445
10444
10443
10441
10439
10437
10437
10435
10434
10434
10433
10432
10431
10431
10430
10429
10429
10426
10425
10425
10424
10419
10419
10418
10418
10417
10416
10416
10415
10412
10412
10412
10411
10410
10409
10409
10408
10404
10403
10401
10400
10399
10399
10397
10396
10395
10392
10391
10390
10390
10389
10389
10388
10388
10387
10387
10386
10385
10385
10385
10384
10383
10383
10382
10379
10379
10378
10378
10378
10376
10375
10375
10373
10373
10373
10371
10371
10369
10369
10369
10368
10367
10365
10365
10364
10362
10362
10361
10361
10359
10353
10353
10351
10348
10348
10347
10346
10345
10343
10340
10339
10333
10329
10327
10327
10326
10326
10322
10321
10320
10320
10320
10319
10318
10316
10315
10315
10314
10314
10313
10312
10311
10310
10309
10309
10309
10308
10308
10308
10307
10305
10303
10303
10302
10302
10300
10299
10298
10297
10296
10296
10295
10295
10294
10294
10294
10293
10292
10291
10289
10287
10287
10286
10284
10284
10283
10281
10277
10275
10274
10273
10272
10272
10272
10269
10268
10267
10267
10266
10266
10264
10262
10261
10259
10259
10258
10257
10257
10257
10255
10255
10255
10254
10254
10254
10253
10252
10250
10249
10248
10247
10244
10243
10243
10242
10241
10240
10239
10239
10238
10236
10235
10235
10232
10231
10231
10231
10229
10228
10227
10227
10223
10223
10221
10219
10218
10217
10217
10217
10216
10216
10215
10214
10214
10214
10214
10213
10212
10212
10212
10211
10209
10209
10206
10204
10204
10204
10203
10202
10201
10198
10197
10196
10195
10194
10193
10192
10191
10190
10190
10189
10189
10188
10188
10187
10187
10187
10186
10186
10186
10184
10184
10181
10181
10180
10180
10179
10178
10178
10178
10177
10176
10176
10175
10174
10173
10171
10170
10170
10167
10166
10165
10164
10164
10162
10162
10161
10160
10160
10159
10159
10158
10156
10156
10156
10155
10154
10153
10153
10151
10151
10151
10150
10150
10150
10148
10147
10147
10146
10145
10145
10144
10143
10143
10143
10143
10143
10143
10141
10140
10140
10139
10138
10137
10134
10134
10134
10132
10131
10131
10129
10128
10127
10125
10123
10123
10122
10122
10121
10120
10119
10118
10115
10115
10108
10107
10106
10106
10102
10101
10101
10099
10098
10098
10097
10097
10096
10096
10096
10095
10095
10095
10095
10094
10092
10092
10090
10087
10086
10084
10083
10082
10079
10077
10077
10076
10073
10070
10067
10067
10066
10066
10065
10065
10064
10063
10061
10060
10059
10058
10057
10057
10054
10054
10050
10049
10045
10044
10043
10040
10040
10040
10040
10039
10038
10038
10038
10038
10037
10036
10035
10033
10033
10032
10031
10031
10030
10030
10028
10028
10027
10026
10024
10020
10020
10020
10019
10019
10018
10015
10014
10013
10013
10012
10010
10010
10010
10006
10005
10005
10003
10003
10002
10000
10000
10000
10000
10000
9999
9999
9998
9998
9997
9997
9997
9997
9995
9995
9994
9992
9991
9989
9989
9989
9987
9987
9987
9987
9987
9986
9986
9986
9986
9983
9983
9981
9980
9979
9979
9979
9978
9977
9977
9976
9975
9975
9974
9970
9969
9968
9968
9965
9964
9959
9959
9959
9959
9958
9958
9958
9955
9953
9953
9953
9952
9950
9950
9950
9949
9948
9948
9948
9948
9947
9946
9945
9945
9945
9944
9944
9943
9942
9941
9940
9939
9939
9937
9936
9936
9934
9933
9932
9931
9931
9929
9929
9929
9928
9927
9926
9925
9924
9924
9924
9923
9922
9921
9919
9918
9914
9911
9911
9909
9909
9907
9906
9906
9903
9902
9902
9901
9900
9900
9900
9898
9898
9897
9897
9897
9895
9895
9894
9894
9890
9890
9889
9889
9888
9886
9886
9884
9883
9882
9882
9881
9879
9876
9875
9874
9873
9873
9870
9869
9869
9868
9867
9867
9867
9867
9866
9866
9865
9864
9864
9864
9862
9858
9857
9857
9857
9857
9856
9855
9854
9854
9853
9851
9851
9849
9849
9848
9846
9846
9844
9842
9841
9839
9835
9834
9833
9832
9832
9831
9830
9829
9828
9825
9824
9823
9820
9820
9819
9819
9819
9816
9815
9813
9812
9812
9809
9809
9808
9807
9807
9807
9807
9805
9805
9803
9802
9801
9801
9800
9798
9797
9797
9796
9795
9794
9793
9791
9791
9791
9791
9791
9790
9789
9788
9786
9785
9785
9784
9782
9779
9778
9778
9777
9777
9777
9777
9776
9776
9776
9776
9774
9772
9772
9771
9770
9770
9769
9768
9766
9765
9765
9764
9761
9761
9761
9760
9760
9759
9759
9758
9757
9756
9756
9755
9755
9754
9754
9752
9751
9750
9749
9749
9748
9747
9747
9745
9743
9742
9742
9741
9741
9736
9735
9734
9734
9733
9733
9730
9730
9730
9725
9724
9723
9721
9721
9720
9719
9718
9717
9715
9715
9713
9712
9712
9710
9710
9710
9709
9709
9709
9707
9707
9707
9707
9706
9706
9705
9705
9703
9701
9701
9700
9700
9698
9695
9694
9694
9693
9692
9692
9690
9690
9689
9689
9688
9686
9683
9683
9682
9682
9681
9680
9680
9678
9676
9675
9675
9674
9674
9673
9671
9671
9669
9668
9668
9668
9667
9664
9663
9662
9662
9660
9660
9659
9659
9658
9657
9656
9655
9655
9654
9652
9650
9649
9648
9648
9647
9646
9646
9646
9646
9644
9643
9642
9640
9638
9637
9634
9632
9630
9629
9628
9627
9627
9626
9625
9623
9620
9619
9619
9618
9618
9617
9616
9615
9615
9614
9614
9612
9611
9610
9608
9607
9605
9603
9603
9602
9601
9601
9600
9599
9598
9598
9597
9596
9595
9593
9592
9590
9590
9589
9589
9589
9587
9586
9585
9584
9583
9583
9582
9582
9580
9578
9577
9573
9573
9572
9571
9571
9569
9568
9565
9562
9562
9561
9561
9560
9560
9558
9558
9555
9554
9553
9551
9550
9549
9549
9548
9547
9547
9546
9545
9544
9544
9544
9544
9542
9540
9540
9539
9538
9537
9536
9536
9534
9532
9532
9532
9531
9526
9526
9525
9525
9524
9522
9522
9521
9521
9520
9519
9518
9518
9516
9515
9514
9513
9512
9512
9510
9509
9509
9507
9507
9506
9505
9505
9503
9503
9501
9501
9500
9500
9498
9496
9493
9493
9492
9488
9488
9486
9486
9484
9484
9484
9483
9483
9481
9481
9478
9478
9477
9474
9473
9470
9469
9469
9467
9466
9465
9464
9461
9458
9457
9455
9455
9455
9454
9454
9453
9453
9453
9451
9449
9447
9446
9446
9446
9446
9445
9445
9441
9437
9436
9436
9434
9434
9434
9432
9431
9431
9430
9430
9429
9428
9427
9424
9424
9424
9422
9421
9420
9417
9415
9414
9414
9413
9413
9412
9411
9411
9411
9410
9410
9410
9410
9410
9406
9406
9405
9404
9401
9401
9400
9398
9398
9396
9396
9395
9393
9393
9393
9393
9392
9391
9391
9389
9388
9388
9387
9386
9386
9386
9385
9385
9385
9384
9382
9380
9380
9380
9378
9377
9374
9373
9371
9370
9370
9370
9369
9369
9369
9368
9368
9367
9366
9366
9366
9366
9365
9365
9364
9360
9359
9357
9357
9357
9356
9354
9354
9353
9353
9352
9351
9351
9348
9348
9347
9347
9346
9346
9345
9344
9343
9342
9341
9340
9340
9339
9339
9339
9339
9338
9338
9337
9336
9335
9335
9333
9333
9332
9331
9331
9330
9330
9329
9328
9327
9326
9324
9323
9319
9318
9316
9314
9313
9313
9313
9312
9312
9312
9312
9311
9310
9310
9308
9307
9304
9304
9303
9300
9299
9297
9297
9297
9297
9296
9296
9296
9295
9293
9293
9292
9291
9289
9288
9287
9284
9282
9281
9281
9281
9281
9278
9277
9274
9273
9272
9271
9269
9268
9268
9266
9266
9265
9265
9265
9264
9264
9262
9261
9261
9261
9260
9258
9257
9256
9256
9254
9253
9252
9251
9251
9250
9249
9245
9242
9241
9239
9238
9236
9236
9234
9233
9232
9230
9230
9229
9229
9229
9226
9226
9225
9224
9224
9224
9224
9223
9222
9221
9219
9219
9219
9218
9217
9216
9216
9216
9215
9215
9213
9212
9211
9210
9210
9209
9208
9207
9207
9206
9206
9205
9204
9204
9203
9202
9201
9200
9199
9198
9197
9196
9196
9195
9195
9195
9194
9194
9192
9192
9191
9190
9190
9189
9188
9188
9185
9185
9184
9184
9184
9183
9183
9180
9179
9178
9177
9177
9175
9175
9173
9171
9170
9170
9170
9169
9169
9168
9167
9167
9166
9166
9165
9164
9164
9162
9162
9160
9160
9160
9158
9158
9156
9155
9154
9154
9153
9151
9150
9150
9150
9148
9147
9147
9147
9142
9142
9141
9140
9140
9139
9138
9137
9137
9136
9136
9135
9135
9135
9135
9134
9133
9131
9130
9130
9130
9128
9128
9127
9126
9125
9125
9124
9122
9119
9119
9119
9118
9118
9118
9117
9116
9115
9113
9112
9108
9108
9107
9105
9104
9104
9103
9103
9103
9102
9102
9102
9102
9100
9100
9100
9100
9100
9099
9099
9098
9096
9096
9092
9092
9091
9088
9087
9087
9086
9084
9084
9083
9082
9080
9079
9078
9074
9073
9071
9071
9070
9070
9069
9068
9068
9066
9066
9066
9066
9066
9066
9065
9064
9064
9062
9062
9062
9061
9060
9059
9059
9057
9057
9057
9057
9054
9051
9051
9050
9049
9048
9047
9047
9046
9043
9042
9041
9041
9040
9039
9036
9036
9036
9035
9035
9034
9033
9032
9032
9032
9029
9027
9027
9025
9025
9024
9022
9021
9021
9021
9018
9018
9017
9017
9014
9014
9012
9012
9011
9011
9011
9010
9010
9009
9008
9008
9006
9005
9002
9002
9002
9002
9001
9000
9000
9000
8999
8999
8998
8998
8997
8997
8996
8995
8994
8994
8994
8993
8993
8992
8991
8991
8990
8989
8988
8986
8984
8983
8983
8981
8978
8977
8977
8976
8976
8972
8972
8969
8966
8966
8966
8965
8964
8963
8962
8962
8962
8961
8960
8957
8957
8957
8956
8955
8954
8954
8954
8953
8952
8951
8950
8950
8950
8950
8949
8949
8949
8949
8949
8949
8948
8947
8945
8944
8944
8943
8942
8941
8938
8938
8935
8935
8932
8931
8930
8930
8929
8929
8928
8927
8927
8926
8924
8924
8920
8919
8918
8918
8917
8914
8913
8909
8909
8907
8905
8902
8902
8901
8900
8900
8900
8898
8891
8889
8886
8885
8884
8882
8880
8880
8879
8879
8878
8878
8878
8877
8876
8874
8874
8872
8871
8870
8870
8869
8869
8868
8866
8866
8865
8864
8861
8860
8859
8858
8854
8854
8854
8849
8847
8845
8841
8841
8840
8839
8839
8839
8838
8835
8834
8834
8834
8833
8832
8832
8831
8831
8830
8830
8830
8828
8828
8827
8825
8825
8824
8820
8817
8816
8816
8815
8813
8812
8812
8812
8811
8805
8805
8805
8804
8801
8800
8799
8799
8798
8797
8797
8797
8795
8794
8792
8791
8791
8790
8790
8790
8788
8783
8782
8781
8781
8781
8779
8778
8778
8777
8777
8776
8776
8776
8775
8772
8770
8769
8768
8767
8766
8766
8766
8765
8765
8764
8763
8763
8762
8760
8760
8758
8756
8756
8755
8755
8753
8753
8752
8751
8751
8750
8748
8748
8747
8747
8746
8743
8743
8743
8742
8742
8742
8742
8741
8741
8740
8740
8740
8739
8736
8735
8735
8733
8731
8729
8729
8728
8727
8727
8727
8726
8725
8724
8723
8723
8722
8722
8719
8717
8716
8716
8714
8714
8712
8711
8709
8708
8707
8706
8705
8705
8703
8703
8701
8700
8700
8699
8699
8698
8697
8697
8697
8696
8695
8694
8692
8692
8690
8689
8689
8689
8687
8686
8686
8685
8682
8682
8681
8681
8680
8680
8680
8679
8679
8678
8677
8676
8676
8676
8673
8673
8673
8672
8671
8670
8670
8669
8668
8667
8665
8665
8664
8664
8663
8661
8661
8659
8659
8658
8657
8657
8656
8655
8655
8654
8653
8653
8649
8648
8645
8643
8641
8641
8640
8639
8638
8638
8638
8637
8633
8632
8631
8628
8627
8627
8624
8624
8623
8623
8620
8619
8619
8618
8618
8615
8614
8614
8612
8612
8611
8611
8611
8609
8604
8604
8603
8603
8603
8603
8602
8601
8600
8597
8596
8595
8595
8592
8592
8590
8583
8583
8582
8581
8581
8580
8579
8578
8578
8577
8576
8575
8575
8575
8573
8573
8570
8568
8567
8567
8566
8566
8565
8565
8561
8556
8555
8555
8554
8549
8549
8548
8548
8548
8545
8544
8544
8543
8543
8541
8541
8539
8538
8536
8534
8533
8533
8532
8527
8526
8523
8522
8522
8520
8520
8519
8517
8517
8513
8511
8511
8509
8507
8506
8506
8505
8503
8502
8501
8500
8500
8500
8499
8498
8497
8496
8495
8495
8494
8494
8492
8492
8490
8490
8490
8488
8488
8487
8486
8486
8485
8484
8484
8483
8483
8480
8480
8479
8478
8478
8476
8475
8473
8472
8470
8468
8467
8467
8466
8466
8466
8464
8463
8462
8462
8461
8459
8459
8458
8457
8455
8455
8455
8451
8451
8449
8448
8448
8447
8447
8443
8442
8442
8441
8438
8438
8438
8437
8437
8436
8436
8436
8435
8435
8435
8435
8435
8435
8434
8434
8433
8433
8433
8432
8430
8427
8427
8426
8424
8424
8423
8421
8419
8419
8418
8418
8414
8413
8413
8412
8411
8410
8410
8407
8406
8405
8405
8403
8403
8399
8399
8399
8399
8398
8397
8395
8393
8393
8392
8392
8389
8388
8387
8386
8385
8383
8381
8380
8380
8379
8379
8378
8378
8378
8377
8377
8376
8376
8374
8373
8371
8368
8368
8368
8367
8367
8367
8366
8364
8363
8363
8362
8362
8361
8360
8359
8358
8355
8352
8351
8348
8347
8345
8344
8344
8344
8343
8342
8342
8340
8339
8339
8337
8335
8335
8335
8335
8333
8332
8331
8329
8328
8326
8326
8325
8324
8322
8321
8320
8315
8314
8314
8313
8309
8309
8309
8307
8306
8304
8303
8301
8300
8300
8300
8299
8299
8299
8298
8297
8296
8295
8292
8290
8290
8288
8288
8287
8285
8283
8282
8280
8280
8279
8278
8278
8278
8277
8277
8276
8275
8274
8273
8270
8267
8264
8264
8264
8263
8263
8263
8262
8262
8260
8260
8260
8259
8259
8258
8256
8256
8255
8251
8250
8249
8248
8247
8246
8242
8242
8241
8238
8236
8235
8235
8228
8227
8226
8226
8225
8224
8223
8222
8220
8220
8217
8214
8211
8210
8210
8207
8207
8207
8206
8206
8204
8203
8203
8203
8201
8201
8199
8198
8198
8198
8198
8196
8196
8195
8195
8193
8192
8190
8189
8187
8186
8184
8184
8181
8181
8180
8179
8178
8174
8173
8171
8171
8169
8168
8168
8165
8165
8163
8162
8162
8161
8161
8160
8159
8159
8156
8156
8156
8156
8155
8155
8154
8152
8151
8150
8150
8149
8149
8149
8146
8146
8142
8139
8137
8135
8135
8135
8135
8134
8133
8132
8131
8131
8130
8130
8129
8125
8123
8123
8122
8121
8121
8121
8120
8118
8117
8117
8116
8114
8113
8113
8113
8110
8108
8108
8106
8104
8103
8102
8102
8100
8100
8099
8097
8095
8095
8094
8094
8094
8093
8092
8092
8090
8089
8089
8088
8088
8088
8088
8088
8085
8084
8083
8082
8081
8081
8079
8079
8078
8078
8076
8076
8076
8075
8073
8070
8068
8067
8067
8065
8064
8064
8064
8063
8062
8061
8061
8061
8060
8058
8058
8057
8056
8055
8055
8054
8053
8053
8053
8052
8051
8050
8048
8048
8047
8045
8044
8043
8042
8040
8040
8040
8039
8035
8033
8033
8033
8031
8031
8030
8029
8028
8027
8027
8024
8022
8021
8020
8014
8014
8013
8012
8012
8011
8010
8010
8010
8009
8005
8004
8004
8003
8002
8001
8000
7999
7999
7998
7995
7992
7991
7991
7991
7990
7990
7989
7988
7988
7988
7987
7987
7986
7983
7982
7979
7978
7978
7976
7976
7976
7975
7975
7974
7973
7972
7972
7971
7971
7970
7970
7968
7967
7966
7965
7965
7964
7963
7963
7962
7961
7959
7958
7957
7956
7955
7954
7953
7953
7953
7952
7951
7950
7950
7948
7946
7946
7945
7944
7944
7939
7937
7936
7932
7932
7931
7931
7930
7929
7929
7928
7928
7927
7927
7925
7924
7924
7923
7921
7921
7919
7918
7918
7914
7913
7912
7912
7911
7909
7909
7907
7905
7904
7904
7903
7901
7901
7900
7900
7900
7899
7898
7898
7896
7895
7895
7893
7890
7890
7888
7887
7885
7884
7883
7883
7883
7883
7882
7877
7876
7876
7875
7875
7874
7874
7871
7870
7869
7867
7867
7866
7865
7864
7861
7859
7853
7852
7851
7849
7849
7848
7848
7846
7845
7845
7844
7844
7844
7843
7839
7839
7836
7835
7835
7833
7831
7827
7826
7825
7823
7822
7821
7820
7820
7819
7818
7815
7812
7810
7809
7809
7807
7806
7803
7802
7801
7801
7800
7798
7796
7790
7789
7789
7788
7786
7785
7783
7782
7781
7780
7779
7778
7777
7776
7775
7775
7773
7773
7769
7769
7768
7768
7768
7765
7765
7764
7764
7761
7758
7753
7753
7752
7749
7749
7748
7748
7747
7747
7747
7746
7746
7744
7744
7744
7741
7741
7739
7737
7736
7734
7732
7730
7730
7730
7729
7728
7726
7725
7723
7723
7722
7721
7721
7720
7718
7718
7717
7716
7716
7713
7712
7711
7708
7706
7705
7704
7703
7703
7702
7702
7700
7699
7698
7698
7698
7696
7696
7695
7694
7693
7693
7693
7693
7693
7692
7690
7689
7688
7686
7686
7682
7682
7681
7680
7679
7679
7678
7677
7677
7676
7676
7675
7674
7673
7671
7670
7669
7669
7668
7668
7668
7667
7667
7666
7665
7663
7663
7663
7660
7659
7658
7656
7656
7655
7655
7655
7655
7654
7654
7652
7652
7652
7652
7651
7650
7649
7646
7644
7643
7643
7642
7639
7638
7638
7637
7634
7633
7632
7631
7630
7630
7629
7629
7627
7626
7625
7623
7620
7620
7619
7619
7617
7616
7616
7615
7615
7614
7612
7612
7612
7611
7610
7609
7609
7609
7608
7608
7606
7605
7604
7601
7601
7600
7598
7598
7597
7595
7594
7593
7593
7593
7589
7589
7586
7585
7584
7583
7583
7583
7581
7580
7580
7580
7579
7579
7579
7578
7575
7574
7573
7573
7572
7571
7570
7570
7570
7569
7569
7569
7567
7567
7567
7567
7567
7567
7563
7563
7561
7560
7558
7557
7557
7556
7553
7553
7553
7551
7547
7545
7545
7544
7544
7543
7543
7542
7540
7540
7537
7533
7533
7533
7531
7530
7528
7528
7527
7527
7526
7525
7525
7521
7518
7517
7516
7513
7513
7513
7509
7507
7505
7505
7503
7503
7503
7502
7502
7501
7500
7499
7497
7497
7496
7496
7496
7495
7495
7492
7491
7491
7489
7488
7488
7487
7486
7484
7482
7481
7481
7480
7479
7478
7478
7475
7475
7475
7473
7472
7472
7472
7471
7471
7470
7470
7470
7469
7469
7468
7466
7466
7466
7465
7465
7464
7464
7463
7463
7462
7461
7460
7459
7458
7458
7457
7456
7456
7454
7453
7453
7453
7452
7451
7450
7449
7448
7446
7446
7445
7444
7444
7444
7444
7441
7441
7440
7438
7438
7437
7437
7437
7436
7436
7433
7433
7433
7430
7429
7427
7427
7427
7426
7425
7423
7422
7421
7420
7420
7419
7417
7417
7413
7413
7411
7411
7411
7411
7411
7406
7405
7404
7404
7403
7401
7401
7400
7399
7397
7394
7394
7394
7392
7391
7391
7389
7389
7389
7386
7386
7385
7385
7382
7381
7380
7379
7379
7378
7376
7374
7373
7373
7372
7372
7371
7371
7369
7367
7366
7364
7363
7363
7362
7362
7361
7361
7359
7357
7356
7356
7353
7353
7351
7349
7349
7348
7348
7348
7348
7345
7345
7343
7341
7341
7340
7340
7339
7338
7336
7336
7335
7334
7334
7331
7331
7329
7328
7328
7325
7324
7323
7322
7321
7321
7321
7317
7317
7314
7313
7312
7310
7309
7308
7308
7306
7303
7303
7302
7301
7300
7297
7295
7294
7294
7294
7294
7293
7293
7292
7290
7290
7289
7287
7283
7283
7282
7282
7281
7280
7278
7278
7277
7275
7275
7273
7272
7272
7271
7270
7269
7268
7267
7267
7265
7265
7265
7264
7263
7262
7260
7260
7257
7257
7256
7256
7256
7256
7255
7255
7254
7252
7251
7250
7250
7250
7249
7247
7247
7246
7244
7241
7241
7240
7240
7240
7237
7236
7236
7233
7232
7231
7231
7230
7228
7228
7226
7223
7221
7220
7216
7216
7212
7211
7209
7209
7208
7208
7207
7203
7202
7201
7200
7197
7195
7195
7194
7193
7193
7193
7192
7191
7190
7190
7188
7188
7188
7187
7186
7185
7184
7184
7184
7183
7183
7182
7181
7181
7180
7179
7179
7178
7178
7176
7174
7174
7173
7173
7173
7173
7172
7172
7172
7172
7171
7171
7170
7170
7169
7169
7167
7167
7166
7165
7164
7164
7162
7161
7160
7156
7155
7154
7154
7153
7152
7151
7149
7148
7147
7145
7144
7144
7144
7141
7139
7139
7139
7138
7138
7136
7135
7134
7133
7133
7132
7132
7132
7131
7129
7129
7129
7127
7125
7125
7122
7122
7121
7120
7118
7118
7118
7118
7118
7117
7116
7116
7113
7109
7109
7109
7107
7105
7105
7104
7102
7101
7100
7099
7098
7098
7096
7095
7094
7094
7093
7092
7092
7092
7092
7092
7092
7091
7089
7089
7088
7088
7086
7086
7083
7082
7082
7082
7082
7081
7080
7078
7077
7076
7076
7076
7075
7075
7074
7074
7073
7072
7070
7070
7068
7068
7068
7067
7066
7065
7064
7063
7063
7061
7060
7059
7058
7057
7055
7054
7053
7050
7049
7047
7047
7046
7046
7046
7044
7043
7041
7041
7038
7037
7037
7036
7035
7034
7034
7033
7033
7031
7031
7029
7029
7028
7027
7027
7025
7023
7023
7023
7023
7022
7020
7019
7017
7017
7015
7015
7015
7014
7014
7012
7012
7008
7008
7007
7007
7007
7006
7004
7004
7004
7004
7004
7003
7003
7002
7002
7002
7001
6999
6999
6998
6998
6996
6995
6992
6991
6990
6988
6986
6985
6985
6985
6984
6984
6979
6978
6978
6978
6977
6975
6974
6972
6972
6971
6970
6970
6970
6969
6969
6968
6968
6968
6964
6964
6964
6959
6959
6957
6957
6956
6956
6956
6955
6953
6953
6952
6951
6950
6950
6949
6948
6948
6948
6947
6945
6945
6944
6943
6942
6941
6941
6940
6940
6939
6939
6937
6937
6937
6934
6933
6932
6930
6928
6926
6925
6925
6924
6924
6922
6921
6920
6919
6917
6917
6915
6914
6914
6913
6913
6912
6912
6912
6911
6908
6907
6903
6902
6901
6898
6898
6896
6896
6894
6889
6889
6889
6886
6886
6885
6882
6882
6881
6877
6876
6874
6873
6873
6873
6872
6872
6872
6871
6869
6869
6868
6867
6866
6866
6865
6864
6864
6863
6862
6862
6860
6860
6859
6859
6858
6857
6857
6857
6856
6856
6856
6856
6855
6854
6852
6851
6850
6850
6850
6850
6848
6845
6844
6844
6843
6842
6842
6842
6842
6841
6841
6840
6840
6839
6838
6838
6835
6834
6833
6832
6830
6830
6829
6828
6828
6827
6826
6826
6824
6823
6822
6821
6821
6821
6820
6818
6817
6816
6815
6814
6813
6813
6812
6809
6809
6809
6808
6807
6807
6807
6807
6806
6806
6806
6804
6804
6803
6802
6801
6801
6799
6799
6798
6796
6796
6795
6794
6793
6792
6792
6792
6792
6791
6791
6791
6789
6789
6787
6787
6786
6786
6786
6785
6784
6782
6781
6780
6779
6779
6778
6776
6776
6775
6771
6771
6771
6769
6767
6767
6766
6765
6765
6764
6757
6751
6749
6746
6743
6743
6742
6740
6739
6739
6738
6738
6737
6736
6736
6736
6736
6734
6733
6733
6733
6732
6732
6731
6731
6730
6729
6726
6726
6723
6722
6722
6719
6718
6715
6714
6713
6712
6711
6710
6710
6708
6705
6705
6702
6702
6702
6701
6700
6699
6697
6697
6697
6697
6696
6694
6694
6694
6693
6692
6692
6691
6691
6689
6688
6687
6686
6685
6685
6685
6683
6683
6679
6678
6675
6675
6673
6671
6671
6670
6670
6669
6668
6668
6666
6666
6666
6666
6666
6666
6665
6664
6664
6661
6659
6659
6658
6658
6656
6655
6654
6654
6653
6653
6652
6652
6649
6649
6648
6647
6647
6647
6647
6646
6646
6646
6646
6643
6641
6641
6641
6640
6635
6635
6630
6630
6627
6625
6622
6620
6620
6619
6618
6617
6614
6613
6611
6608
6608
6607
6606
6605
6604
6604
6601
6601
6598
6597
6595
6593
6588
6586
6583
6583
6582
6581
6581
6581
6580
6579
6579
6578
6578
6577
6576
6574
6572
6571
6570
6570
6568
6568
6568
6567
6566
6566
6565
6565
6565
6562
6560
6559
6559
6559
6558
6558
6557
6557
6553
6551
6551
6550
6549
6549
6549
6548
6547
6546
6545
6544
6544
6543
6542
6542
6541
6541
6541
6540
6537
6536
6536
6536
6534
6533
6533
6531
6531
6530
6529
6528
6527
6525
6524
6524
6524
6523
6522
6522
6521
6521
6515
6513
6513
6510
6510
6509
6502
6501
6501
6501
6500
6499
6498
6498
6498
6496
6496
6494
6494
6493
6493
6493
6488
6488
6488
6488
6486
6486
6485
6485
6484
6481
6480
6479
6479
6479
6479
6476
6476
6476
6472
6472
6470
6469
6468
6468
6467
6465
6463
6463
6462
6462
6461
6458
6457
6456
6456
6455
6454
6453
6452
6451
6450
6450
6448
6446
6445
6445
6443
6443
6443
6442
6441
6441
6438
6437
6436
6435
6433
6433
6432
6432
6431
6430
6429
6429
6428
6427
6425
6425
6423
6422
6422
6421
6421
6420
6418
6417
6416
6416
6415
6414
6412
6403
6401
6401
6400
6399
6399
6398
6397
6397
6397
6397
6396
6393
6390
6388
6387
6387
6384
6383
6381
6380
6379
6379
6379
6378
6378
6378
6374
6374
6373
6372
6371
6371
6370
6370
6370
6370
6368
6364
6364
6364
6363
6363
6362
6362
6362
6361
6361
6360
6359
6359
6358
6357
6356
6356
6355
6353
6353
6351
6351
6351
6350
6350
6349
6349
6349
6349
6348
6348
6347
6347
6346
6346
6345
6343
6343
6340
6339
6339
6339
6337
6335
6333
6333
6333
6333
6332
6331
6330
6330
6329
6328
6327
6321
6319
6319
6316
6314
6313
6312
6312
6311
6311
6311
6310
6309
6308
6308
6308
6305
6305
6305
6305
6303
6301
6301
6299
6298
6297
6296
6296
6295
6295
6293
6293
6290
6289
6289
6289
6288
6287
6286
6286
6283
6281
6280
6280
6278
6277
6276
6275
6274
6274
6273
6273
6272
6272
6271
6271
6270
6269
6269
6269
6268
6264
6263
6263
6259
6257
6257
6257
6257
6253
6253
6251
6250
6249
6249
6249
6249
6247
6246
6246
6245
6245
6244
6244
6241
6241
6240
6239
6239
6239
6237
6236
6235
6235
6231
6231
6228
6228
6225
6222
6222
6221
6220
6219
6217
6217
6215
6214
6212
6212
6210
6210
6206
6205
6205
6202
6202
6201
6200
6200
6198
6198
6197
6195
6193
6193
6192
6191
6189
6187
6183
6182
6181
6181
6181
6179
6179
6178
6177
6175
6175
6174
6174
6173
6172
6172
6172
6171
6171
6171
6170
6170
6170
6168
6168
6167
6166
6165
6165
6165
6162
6162
6161
6160
6160
6159
6158
6158
6158
6157
6157
6156
6155
6155
6155
6154
6153
6150
6148
6148
6145
6145
6144
6144
6144
6142
6140
6139
6139
6138
6138
6138
6136
6133
6133
6133
6132
6132
6131
6130
6127
6127
6126
6125
6125
6123
6121
6121
6121
6120
6119
6119
6116
6114
6112
6110
6109
6108
6107
6105
6101
6100
6098
6097
6097
6096
6095
6095
6094
6093
6092
6091
6090
6089
6087
6086
6086
6085
6085
6084
6083
6083
6082
6081
6081
6080
6079
6077
6077
6077
6075
6075
6073
6073
6071
6071
6068
6067
6067
6067
6065
6064
6059
6058
6058
6057
6057
6055
6054
6053
6053
6051
6049
6049
6046
6045
6044
6041
6041
6040
6039
6037
6037
6036
6034
6033
6032
6031
6028
6028
6027
6024
6022
6022
6020
6020
6020
6018
6016
6015
6015
6014
6014
6013
6011
6010
6009
6009
6008
6007
6005
6002
6001
6001
6000
5999
5997
5997
5996
5996
5988
5987
5987
5986
5986
5985
5985
5984
5983
5982
5981
5980
5979
5978
5976
5975
5975
5975
5974
5974
5973
5972
5972
5972
5969
5969
5968
5964
5961
5957
5956
5955
5955
5954
5954
5951
5950
5950
5949
5948
5947
5947
5947
5945
5945
5943
5943
5942
5940
5940
5939
5937
5935
5935
5935
5934
5928
5925
5925
5925
5925
5919
5918
5918
5917
5917
5917
5916
5915
5914
5910
5910
5909
5909
5908
5907
5907
5907
5906
5904
5903
5903
5901
5899
5898
5898
5897
5896
5896
5892
5891
5886
5882
5882
5881
5879
5878
5875
5875
5874
5873
5873
5871
5871
5870
5870
5867
5866
5865
5865
5864
5863
5862
5861
5860
5857
5857
5854
5854
5851
5851
5849
5848
5847
5846
5845
5843
5843
5841
5841
5841
5841
5839
5838
5838
5837
5837
5836
5833
5832
5830
5830
5829
5828
5826
5826
5826
5824
5817
5817
5813
5811
5810
5810
5809
5809
5808
5807
5806
5806
5805
5805
5804
5804
5803
5802
5801
5800
5799
5799
5799
5798
5797
5796
5796
5794
5794
5793
5793
5791
5790
5790
5790
5787
5787
5786
5785
5784
5783
5780
5780
5779
5778
5778
5777
5776
5775
5775
5774
5773
5772
5769
5769
5767
5767
5762
5762
5761
5759
5759
5759
5757
5757
5755
5755
5754
5753
5753
5753
5749
5747
5747
5746
5745
5744
5743
5743
5742
5740
5739
5739
5738
5735
5734
5733
5733
5732
5731
5731
5730
5726
5725
5724
5724
5722
5721
5719
5718
5717
5716
5716
5714
5713
5712
5710
5708
5706
5705
5704
5704
5703
5702
5702
5701
5699
5699
5698
5698
5697
5696
5694
5694
5694
5692
5691
5690
5689
5688
5687
5687
5687
5686
5686
5685
5682
5679
5679
5678
5678
5677
5676
5675
5673
5673
5673
5671
5668
5668
5668
5666
5666
5665
5665
5663
5663
5662
5662
5662
5660
5660
5659
5659
5658
5658
5657
5655
5654
5652
5650
5647
5647
5646
5645
5644
5644
5644
5643
5641
5640
5639
5638
5637
5636
5636
5635
5635
5634
5631
5630
5629
5629
5629
5629
5627
5626
5624
5624
5620
5620
5618
5618
5616
5616
5615
5614
5614
5612
5612
5611
5611
5611
5611
5610
5610
5608
5605
5603
5602
5601
5600
5599
5598
5595
5594
5594
5594
5593
5593
5591
5590
5590
5589
5588
5588
5587
5586
5585
5585
5583
5580
5578
5577
5577
5575
5573
5573
5571
5570
5570
5570
5568
5567
5566
5566
5566
5565
5565
5563
5563
5562
5560
5559
5559
5559
5559
5559
5559
5559
5558
5555
5554
5553
5553
5551
5550
5547
5546
5544
5544
5543
5542
5542
5542
5540
5540
5538
5536
5536
5535
5535
5535
5534
5533
5533
5530
5530
5528
5528
5528
5528
5527
5527
5527
5526
5523
5519
5518
5516
5515
5515
5515
5514
5514
5512
5511
5511
5511
5506
5504
5503
5502
5501
5501
5499
5499
5494
5491
5490
5490
5490
5489
5489
5488
5486
5484
5484
5483
5482
5480
5479
5478
5477
5477
5477
5475
5474
5474
5474
5473
5470
5467
5466
5465
5464
5464
5464
5463
5463
5462
5462
5459
5457
5455
5454
5453
5452
5452
5451
5449
5449
5447
5447
5447
5444
5442
5440
5440
5439
5438
5438
5438
5437
5436
5433
5432
5432
5432
5431
5431
5431
5430
5430
5429
5429
5428
5426
5426
5426
5424
5423
5423
5422
5422
5422
5420
5420
5418
5418
5418
5418
5417
5416
5415
5409
5409
5408
5407
5406
5404
5403
5400
5400
5399
5397
5396
5395
5395
5392
5391
5391
5389
5387
5386
5385
5385
5385
5384
5380
5380
5379
5378
5378
5375
5375
5374
5374
5373
5371
5370
5369
5368
5367
5367
5366
5363
5363
5362
5361
5361
5359
5358
5358
5357
5357
5356
5355
5354
5354
5354
5352
5351
5351
5351
5350
5349
5348
5347
5344
5343
5341
5341
5341
5338
5338
5338
5338
5337
5336
5335
5335
5333
5332
5332
5332
5332
5330
5330
5328
5328
5328
5327
5325
5323
5322
5322
5319
5318
5317
5316
5316
5316
5314
5313
5313
5313
5311
5311
5310
5308
5307
5305
5305
5304
5303
5302
5302
5301
5301
5299
5299
5298
5298
5297
5294
5292
5291
5287
5287
5286
5286
5285
5285
5284
5283
5281
5281
5280
5280
5279
5278
5277
5276
5275
5275
5273
5272
5272
5271
5270
5268
5266
5265
5265
5265
5265
5264
5263
5262
5261
5260
5260
5259
5258
5258
5257
5257
5256
5253
5252
5251
5250
5249
5249
5249
5249
5247
5247
5244
5241
5240
5236
5235
5235
5234
5232
5231
5228
5228
5227
5225
5224
5223
5218
5215
5214
5214
5214
5213
5212
5210
5208
5205
5204
5204
5201
5199
5197
5196
5195
5192
5191
5190
5189
5188
5186
5185
5184
5184
5183
5183
5182
5180
5180
5180
5180
5179
5178
5177
5176
5176
5176
5176
5175
5172
5171
5170
5169
5168
5168
5166
5165
5165
5165
5164
5164
5164
5164
5162
5160
5160
5160
5159
5158
5157
5156
5155
5154
5152
5151
5151
5148
5148
5148
5147
5146
5146
5145
5144
5144
5144
5141
5141
5140
5140
5138
5137
5137
5137
5136
5134
5134
5133
5132
5132
5130
5130
5129
5129
5120
5119
5119
5118
5118
5117
5117
5110
5110
5106
5106
5105
5104
5104
5102
5101
5101
5100
5100
5099
5099
5098
5098
5098
5097
5096
5094
5094
5092
5088
5088
5088
5087
5086
5084
5083
5083
5082
5082
5081
5081
5080
5077
5075
5075
5075
5075
5074
5071
5071
5070
5070
5070
5069
5068
5068
5067
5066
5065
5064
5063
5061
5061
5060
5060
5059
5058
5058
5058
5057
5056
5056
5055
5055
5054
5054
5054
5053
5053
5053
5052
5049
5048
5047
5045
5043
5043
5043
5042
5042
5040
5039
5038
5038
5037
5036
5036
5036
5036
5034
5034
5034
5033
5033
5032
5030
5029
5028
5028
5025
5025
5025
5024
5024
5023
5021
5020
5020
5020
5018
5018
5016
5016
5016
5016
5013
5013
5013
5012
5010
5009
5008
5008
5006
5005
5005
5005
5005
5005
5003
5003
5000
4999
4997
4996
4996
4996
4995
4995
4994
4993
4992
4992
4992
4992
4991
4990
4990
4990
4989
4988
4987
4986
4986
4985
4985
4983
4983
4983
4983
4982
4981
4980
4979
4979
4976
4976
4975
4974
4973
4972
4971
4970
4970
4969
4969
4969
4967
4963
4962
4960
4960
4958
4955
4954
4954
4954
4954
4953
4953
4951
4951
4951
4950
4945
4942
4942
4942
4942
4940
4940
4937
4937
4936
4935
4935
4933
4932
4928
4927
4927
4926
4925
4925
4924
4924
4924
4922
4920
4920
4917
4917
4916
4916
4915
4913
4913
4908
4906
4906
4902
4902
4901
4901
4900
4900
4898
4898
4897
4897
4896
4896
4895
4892
4890
4888
4887
4887
4886
4883
4879
4879
4878
4877
4877
4877
4877
4876
4876
4876
4876
4875
4875
4874
4872
4870
4870
4869
4866
4863
4861
4861
4860
4859
4859
4856
4856
4856
4855
4855
4854
4853
4853
4852
4852
4850
4850
4849
4849
4848
4847
4846
4845
4844
4843
4842
4840
4837
4837
4835
4835
4832
4831
4830
4829
4828
4826
4826
4825
4825
4822
4821
4821
4820
4819
4819
4818
4818
4818
4817
4817
4816
4814
4812
4812
4810
4809
4809
4809
4807
4807
4807
4804
4801
4801
4801
4800
4800
4793
4792
4792
4791
4785
4784
4784
4783
4783
4782
4780
4780
4780
4779
4779
4777
4776
4776
4775
4774
4774
4773
4772
4771
4770
4766
4766
4760
4759
4757
4755
4750
4749
4749
4747
4747
4746
4746
4745
4745
4743
4738
4736
4734
4734
4733
4733
4732
4730
4728
4726
4725
4723
4722
4721
4721
4721
4720
4720
4720
4719
4718
4714
4713
4713
4711
4711
4711
4711
4710
4707
4706
4705
4703
4703
4702
4701
4701
4699
4699
4696
4696
4696
4695
4694
4694
4694
4694
4692
4692
4692
4691
4690
4690
4689
4688
4688
4687
4687
4687
4687
4686
4686
4685
4684
4683
4683
4681
4680
4679
4678
4677
4676
4675
4673
4671
4671
4671
4667
4667
4667
4667
4666
4666
4666
4664
4663
4660
4660
4659
4659
4653
4652
4652
4652
4651
4649
4649
4648
4648
4647
4646
4646
4645
4644
4643
4642
4641
4641
4641
4640
4639
4639
4638
4635
4635
4633
4632
4632
4632
4632
4630
4630
4628
4627
4627
4626
4626
4625
4624
4623
4617
4616
4616
4614
4614
4612
4610
4610
4608
4607
4603
4600
4600
4599
4597
4596
4595
4593
4592
4591
4590
4588
4586
4586
4586
4583
4583
4582
4581
4580
4579
4579
4578
4577
4576
4576
4575
4573
4572
4572
4571
4571
4570
4568
4568
4566
4565
4565
4565
4564
4564
4563
4561
4561
4559
4558
4557
4556
4555
4555
4555
4555
4554
4554
4553
4551
4550
4547
4544
4544
4544
4542
4542
4540
4539
4539
4539
4538
4537
4537
4537
4534
4534
4534
4534
4533
4532
4528
4527
4526
4526
4526
4524
4523
4523
4522
4522
4520
4519
4517
4517
4517
4517
4516
4516
4512
4512
4508
4504
4501
4499
4498
4498
4497
4497
4497
4497
4495
4494
4493
4492
4491
4490
4490
4489
4489
4489
4489
4488
4484
4484
4483
4480
4480
4479
4479
4478
4477
4476
4476
4476
4476
4474
4473
4470
4469
4468
4465
4464
4464
4464
4461
4461
4457
4456
4455
4454
4453
4452
4451
4449
4449
4448
4445
4444
4444
4442
4442
4440
4439
4439
4438
4438
4437
4436
4436
4434
4433
4433
4433
4432
4431
4431
4429
4428
4425
4425
4424
4424
4424
4423
4422
4421
4417
4417
4417
4415
4415
4414
4414
4413
4412
4411
4410
4409
4407
4403
4402
4402
4401
4399
4398
4397
4397
4394
4393
4393
4392
4392
4391
4390
4388
4387
4386
4386
4386
4384
4383
4383
4382
4379
4379
4378
4377
4375
4375
4372
4371
4370
4370
4369
4369
4369
4369
4368
4367
4365
4364
4364
4362
4362
4357
4355
4355
4353
4351
4350
4348
4347
4347
4347
4347
4346
4346
4346
4345
4345
4344
4344
4344
4344
4342
4341
4339
4339
4339
4338
4338
4338
4337
4336
4335
4331
4329
4327
4326
4325
4325
4323
4321
4319
4318
4317
4316
4312
4312
4310
4309
4309
4308
4307
4305
4305
4304
4304
4303
4302
4302
4302
4301
4299
4299
4299
4298
4297
4297
4294
4293
4292
4291
4291
4291
4288
4287
4286
4283
4282
4282
4282
4282
4282
4281
4281
4281
4280
4280
4279
4278
4278
4278
4277
4276
4275
4275
4274
4270
4268
4267
4267
4265
4265
4265
4263
4262
4261
4260
4259
4256
4256
4254
4253
4253
4252
4252
4251
4249
4247
4247
4246
4244
4244
4241
4241
4239
4239
4239
4238
4236
4234
4230
4230
4229
4228
4228
4228
4226
4225
4222
4220
4219
4219
4217
4216
4215
4215
4214
4210
4210
4210
4210
4208
4207
4206
4206
4206
4203
4202
4201
4201
4201
4201
4200
4200
4199
4196
4196
4196
4195
4195
4193
4193
4192
4190
4189
4189
4188
4187
4187
4187
4184
4184
4183
4182
4182
4180
4178
4178
4177
4176
4175
4175
4175
4173
4170
4169
4169
4167
4167
4165
4165
4164
4164
4163
4160
4157
4157
4156
4154
4153
4153
4152
4152
4150
4150
4149
4147
4144
4143
4143
4137
4135
4133
4133
4129
4128
4128
4128
4126
4125
4124
4122
4122
4121
4121
4120
4118
4118
4116
4116
4115
4112
4112
4111
4109
4107
4105
4105
4105
4104
4102
4101
4101
4099
4099
4099
4098
4097
4094
4094
4093
4093
4091
4089
4088
4087
4086
4084
4084
4084
4082
4078
4078
4076
4075
4074
4073
4073
4073
4072
4071
4070
4069
4068
4067
4066
4065
4065
4064
4063
4063
4060
4059
4058
4057
4056
4054
4054
4053
4051
4050
4048
4043
4041
4041
4041
4040
4037
4036
4034
4034
4034
4032
4032
4030
4029
4029
4029
4028
4026
4026
4025
4024
4024
4023
4021
4021
4017
4015
4015
4015
4014
4013
4013
4012
4011
4011
4010
4010
4009
4009
4008
4008
4006
4006
4004
4004
4001
4000
4000
3999
3998
3998
3995
3994
3992
3991
3990
3988
3984
3984
3983
3982
3979
3978
3975
3975
3973
3973
3973
3973
3971
3969
3968
3967
3966
3964
3962
3962
3962
3959
3959
3959
3959
3959
3958
3955
3954
3952
3951
3951
3951
3950
3950
3947
3945
3944
3944
3941
3940
3940
3937
3934
3933
3932
3930
3930
3929
3929
3929
3928
3928
3927
3926
3925
3925
3924
3924
3919
3918
3918
3917
3916
3915
3914
3912
3911
3911
3910
3910
3909
3906
3906
3905
3905
3904
3904
3904
3903
3903
3903
3902
3902
3902
3901
3900
3899
3898
3895
3893
3892
3892
3891
3890
3890
3884
3883
3883
3882
3882
3879
3878
3878
3876
3875
3874
3872
3871
3871
3870
3869
3869
3868
3867
3864
3863
3862
3861
3860
3858
3853
3852
3850
3850
3850
3849
3849
3846
3845
3845
3842
3842
3839
3838
3838
3838
3837
3836
3836
3833
3833
3832
3832
3830
3828
3827
3824
3819
3818
3818
3817
3816
3816
3814
3812
3811
3809
3809
3808
3807
3807
3805
3805
3803
3802
3801
3799
3799
3799
3798
3797
3796
3794
3793
3792
3791
3791
3790
3789
3788
3787
3786
3785
3784
3783
3783
3782
3781
3781
3779
3778
3778
3777
3774
3774
3773
3773
3771
3771
3769
3768
3768
3763
3762
3762
3761
3761
3758
3757
3757
3756
3755
3755
3755
3754
3753
3752
3752
3751
3750
3750
3747
3746
3746
3746
3745
3744
3744
3743
3742
3742
3739
3738
3737
3737
3735
3734
3734
3734
3733
3731
3731
3731
3729
3728
3726
3725
3725
3725
3724
3723
3722
3722
3721
3720
3720
3719
3717
3717
3717
3716
3715
3715
3714
3712
3712
3711
3711
3711
3708
3707
3707
3705
3704
3704
3703
3703
3701
3701
3700
3699
3698
3697
3697
3696
3695
3694
3693
3693
3693
3692
3691
3690
3689
3688
3687
3687
3685
3685
3685
3684
3684
3682
3681
3681
3681
3680
3680
3679
3677
3676
3676
3674
3673
3668
3667
3666
3665
3663
3662
3662
3659
3659
3658
3656
3652
3651
3650
3650
3650
3650
3648
3646
3646
3645
3645
3643
3642
3641
3641
3641
3639
3638
3636
3634
3633
3628
3628
3626
3625
3624
3621
3620
3620
3619
3616
3616
3616
3615
3613
3613
3612
3611
3609
3609
3608
3607
3605
3603
3603
3603
3601
3599
3598
3598
3596
3596
3595
3594
3590
3589
3588
3586
3585
3585
3585
3584
3583
3581
3580
3580
3580
3578
3577
3575
3574
3573
3573
3573
3572
3571
3570
3570
3567
3566
3566
3565
3565
3565
3564
3564
3564
3563
3561
3560
3560
3559
3558
3557
3557
3557
3556
3554
3553
3550
3550
3550
3549
3549
3548
3548
3546
3543
3543
3543
3542
3541
3538
3537
3536
3536
3535
3535
3534
3534
3533
3533
3533
3532
3531
3531
3531
3531
3529
3527
3527
3526
3526
3522
3522
3520
3520
3520
3519
3519
3515
3514
3514
3513
3512
3510
3510
3510
3510
3509
3509
3509
3508
3508
3508
3508
3507
3507
3506
3505
3505
3504
3502
3499
3497
3497
3497
3496
3495
3494
3494
3494
3491
3488
3487
3486
3486
3485
3482
3481
3479
3479
3478
3477
3477
3477
3475
3475
3475
3472
3472
3471
3471
3471
3470
3467
3467
3467
3465
3463
3463
3463
3462
3461
3461
3459
3458
3457
3456
3452
3452
3451
3451
3450
3449
3449
3448
3448
3446
3444
3443
3442
3442
3441
3441
3439
3437
3435
3435
3431
3430
3429
3429
3429
3429
3429
3428
3427
3425
3424
3423
3422
3422
3422
3421
3420
3420
3419
3416
3413
3412
3412
3412
3411
3410
3409
3409
3409
3408
3408
3406
3406
3406
3405
3405
3405
3403
3403
3403
3402
3400
3400
3397
3395
3395
3394
3394
3391
3389
3388
3388
3387
3385
3384
3384
3383
3382
3382
3382
3382
3380
3379
3379
3375
3375
3374
3374
3371
3370
3369
3369
3368
3367
3367
3366
3366
3366
3365
3363
3362
3362
3361
3360
3359
3359
3359
3355
3355
3353
3353
3352
3351
3350
3348
3348
3348
3347
3345
3345
3344
3343
3342
3342
3341
3341
3340
3339
3337
3336
3335
3334
3334
3334
3331
3329
3327
3326
3326
3324
3324
3322
3321
3321
3321
3320
3320
3320
3320
3319
3318
3317
3315
3315
3314
3312
3311
3311
3310
3309
3308
3308
3308
3308
3308
3307
3305
3305
3305
3304
3304
3303
3301
3301
3299
3297
3297
3297
3296
3295
3295
3295
3294
3294
3290
3289
3289
3289
3288
3288
3287
3285
3284
3284
3283
3280
3278
3278
3276
3275
3275
3271
3270
3268
3268
3267
3266
3264
3263
3263
3263
3262
3261
3260
3259
3258
3257
3257
3257
3257
3256
3255
3252
3252
3252
3250
3250
3248
3247
3246
3246
3246
3243
3242
3239
3236
3232
3231
3231
3231
3231
3230
3229
3228
3227
3225
3223
3223
3221
3218
3217
3217
3217
3215
3213
3212
3212
3211
3209
3208
3208
3203
3202
3201
3200
3200
3200
3199
3198
3197
3196
3195
3195
3192
3190
3188
3186
3185
3184
3183
3182
3182
3181
3181
3179
3177
3175
3175
3174
3174
3173
3168
3167
3167
3166
3165
3165
3164
3162
3161
3161
3161
3161
3160
3159
3159
3159
3157
3156
3156
3155
3155
3154
3153
3153
3151
3149
3147
3146
3144
3142
3141
3141
3140
3139
3139
3137
3137
3137
3137
3136
3136
3132
3132
3132
3130
3130
3129
3127
3126
3126
3126
3125
3125
3123
3122
3122
3121
3121
3121
3120
3119
3119
3118
3118
3118
3116
3115
3114
3112
3110
3109
3108
3107
3106
3105
3105
3104
3102
3100
3099
3098
3097
3095
3094
3093
3093
3087
3087
3086
3086
3085
3084
3083
3082
3081
3080
3079
3079
3076
3076
3075
3074
3071
3068
3066
3065
3064
3062
3060
3059
3059
3057
3057
3056
3056
3056
3055
3054
3054
3054
3052
3051
3049
3049
3048
3047
3046
3045
3045
3043
3043
3041
3038
3037
3036
3036
3035
3034
3032
3032
3030
3030
3029
3027
3026
3026
3025
3023
3023
3021
3020
3019
3017
3017
3015
3015
3013
3012
3012
3011
3011
3010
3010
3010
3009
3007
3007
3005
3003
3003
3003
3002
3002
3001
3001
3001
3000
3000
2999
2998
2996
2996
2994
2993
2992
2991
2991
2990
2990
2989
2989
2988
2986
2986
2985
2985
2984
2980
2980
2977
2976
2976
2975
2974
2971
2971
2968
2967
2967
2966
2966
2966
2966
2966
2965
2965
2964
2963
2962
2959
2959
2957
2953
2952
2951
2951
2950
2947
2946
2944
2942
2941
2940
2940
2937
2936
2936
2936
2935
2935
2931
2930
2930
2929
2928
2926
2925
2925
2924
2924
2922
2921
2921
2920
2919
2919
2918
2918
2918
2917
2916
2916
2913
2913
2912
2912
2912
2912
2912
2911
2911
2911
2910
2908
2907
2906
2904
2904
2903
2903
2902
2898
2897
2897
2896
2895
2893
2892
2892
2891
2891
2891
2889
2889
2888
2888
2886
2883
2883
2882
2880
2879
2878
2877
2876
2876
2876
2875
2875
2873
2872
2872
2872
2872
2870
2868
2866
2865
2865
2865
2863
2862
2861
2861
2860
2858
2858
2858
2858
2854
2849
2849
2847
2847
2846
2844
2843
2842
2841
2841
2838
2835
2834
2834
2830
2829
2827
2827
2826
2824
2823
2823
2822
2820
2820
2819
2818
2817
2815
2814
2812
2810
2808
2808
2806
2806
2806
2805
2804
2803
2802
2801
2799
2798
2798
2796
2793
2792
2791
2789
2789
2789
2787
2784
2784
2784
2783
2783
2781
2780
2778
2774
2773
2767
2766
2766
2764
2764
2763
2763
2763
2762
2761
2761
2761
2760
2760
2757
2756
2756
2754
2754
2753
2751
2751
2751
2746
2746
2745
2745
2744
2743
2741
2740
2739
2738
2738
2737
2735
2735
2734
2734
2734
2729
2729
2728
2726
2724
2724
2724
2724
2723
2721
2721
2716
2715
2714
2712
2712
2712
2711
2711
2710
2710
2707
2705
2704
2703
2701
2701
2699
2698
2696
2696
2695
2695
2695
2694
2692
2690
2690
2690
2688
2688
2688
2687
2687
2687
2686
2686
2684
2682
2678
2678
2678
2677
2677
2674
2672
2671
2668
2667
2667
2666
2666
2665
2665
2663
2662
2662
2660
2658
2658
2657
2656
2655
2654
2654
2652
2651
2651
2650
2649
2649
2649
2648
2642
2641
2638
2638
2638
2637
2636
2635
2634
2634
2633
2632
2631
2631
2631
2630
2630
2628
2627
2627
2627
2626
2625
2625
2624
2623
2622
2622
2622
2618
2618
2617
2616
2616
2615
2615
2615
2615
2615
2615
2614
2613
2612
2611
2609
2608
2608
2606
2605
2605
2605
2605
2604
2599
2599
2598
2598
2597
2597
2596
2596
2595
2595
2594
2593
2593
2592
2590
2589
2588
2587
2585
2585
2583
2583
2583
2582
2582
2581
2578
2577
2576
2575
2574
2574
2573
2571
2571
2571
2570
2568
2567
2567
2564
2563
2563
2563
2561
2560
2558
2557
2555
2555
2555
2554
2553
2553
2553
2552
2552
2551
2551
2550
2550
2549
2549
2549
2546
2546
2545
2544
2544
2543
2542
2542
2538
2537
2537
2536
2536
2535
2534
2534
2533
2531
2531
2529
2528
2528
2527
2523
2522
2520
2520
2520
2519
2518
2518
2518
2516
2515
2514
2513
2511
2511
2510
2508
2507
2507
2506
2506
2506
2506
2504
2503
2502
2499
2497
2496
2496
2493
2490
2490
2488
2485
2482
2481
2481
2480
2479
2479
2478
2477
2476
2476
2476
2476
2475
2474
2473
2472
2470
2470
2469
2469
2468
2465
2464
2464
2464
2463
2462
2459
2459
2456
2454
2453
2452
2452
2452
2452
2451
2450
2449
2447
2445
2444
2444
2444
2444
2443
2443
2443
2442
2441
2440
2439
2436
2434
2433
2433
2432
2431
2431
2430
2429
2428
2427
2427
2426
2425
2425
2425
2423
2423
2421
2420
2419
2419
2419
2418
2418
2417
2416
2414
2414
2413
2412
2412
2412
2411
2410
2410
2410
2410
2409
2408
2407
2406
2406
2403
2402
2400
2400
2399
2399
2397
2396
2395
2394
2393
2392
2391
2391
2390
2389
2386
2385
2383
2383
2382
2379
2375
2371
2371
2369
2369
2368
2367
2365
2363
2363
2363
2361
2361
2361
2360
2359
2359
2357
2357
2357
2356
2356
2356
2352
2352
2350
2348
2343
2343
2342
2342
2341
2339
2338
2338
2337
2336
2335
2334
2333
2333
2332
2328
2325
2324
2324
2323
2322
2321
2321
2319
2319
2317
2317
2316
2315
2315
2312
2312
2310
2310
2308
2308
2308
2307
2307
2307
2306
2306
2303
2302
2300
2299
2299
2299
2298
2298
2298
2297
2297
2297
2296
2294
2293
2293
2292
2292
2291
2289
2288
2288
2286
2286
2286
2285
2284
2282
2282
2282
2281
2278
2278
2277
2274
2273
2272
2271
2271
2270
2269
2268
2267
2267
2267
2266
2266
2264
2262
2261
2261
2260
2258
2257
2257
2256
2249
2248
2247
2246
2244
2244
2241
2239
2238
2238
2237
2236
2236
2236
2235
2234
2232
2232
2232
2228
2228
2225
2225
2223
2223
2222
2221
2216
2216
2215
2214
2213
2213
2211
2210
2209
2209
2209
2208
2208
2208
2208
2206
2205
2204
2204
2203
2203
2201
2199
2198
2197
2196
2195
2195
2194
2190
2188
2184
2183
2183
2181
2181
2180
2180
2177
2177
2177
2177
2175
2175
2174
2173
2173
2173
2171
2169
2168
2168
2168
2162
2159
2159
2158
2158
2158
2156
2155
2154
2154
2154
2152
2149
2147
2147
2146
2146
2146
2145
2143
2143
2142
2141
2140
2138
2137
2136
2135
2133
2133
2133
2130
2130
2129
2129
2129
2128
2126
2121
2121
2120
2120
2119
2119
2118
2118
2117
2116
2115
2115
2114
2113
2109
2108
2106
2105
2104
2104
2104
2103
2103
2103
2103
2103
2098
2097
2097
2094
2094
2094
2093
2092
2091
2091
2091
2089
2088
2087
2087
2087
2085
2084
2084
2084
2082
2082
2080
2079
2078
2078
2077
2076
2071
2071
2071
2069
2069
2068
2066
2065
2065
2064
2064
2062
2061
2060
2058
2057
2056
2054
2054
2054
2053
2052
2051
2050
2050
2050
2050
2046
2046
2044
2042
2041
2036
2035
2035
2034
2034
2033
2032
2026
2025
2025
2022
2021
2019
2017
2016
2016
2016
2016
2016
2015
2015
2015
2013
2012
2012
2012
2012
2012
2009
2008
2008
2008
2007
2006
2005
2002
2000
1998
1997
1994
1993
1992
1991
1990
1990
1989
1988
1988
1986
1986
1983
1983
1981
1980
1979
1979
1976
1976
1975
1974
1974
1972
1971
1970
1968
1968
1965
1963
1963
1963
1963
1962
1961
1960
1960
1960
1957
1957
1955
1955
1953
1953
1953
1953
1951
1950
1949
1949
1948
1946
1946
1946
1946
1945
1945
1944
1944
1941
1939
1939
1937
1934
1931
1929
1925
1924
1924
1923
1922
1921
1918
1917
1917
1917
1916
1916
1915
1915
1915
1914
1912
1911
1911
1911
1910
1909
1909
1908
1908
1907
1907
1904
1904
1902
1901
1901
1901
1900
1900
1900
1900
1900
1898
1898
1897
1896
1893
1893
1892
1891
1889
1888
1888
1884
1882
1881
1879
1878
1876
1875
1875
1874
1872
1871
1871
1871
1869
1869
1868
1867
1867
1865
1862
1861
1861
1860
1859
1858
1858
1855
1854
1854
1853
1852
1851
1849
1849
1849
1848
1847
1847
1847
1845
1844
1844
1842
1842
1841
1841
1840
1840
1839
1839
1836
1835
1834
1834
1834
1833
1831
1830
1828
1827
1827
1827
1826
1825
1824
1824
1823
1823
1821
1821
1819
1819
1818
1818
1816
1816
1813
1812
1811
1811
1811
1808
1808
1808
1803
1797
1795
1795
1794
1793
1793
1792
1791
1790
1788
1785
1783
1781
1780
1780
1779
1778
1778
1777
1776
1775
1775
1773
1772
1771
1771
1770
1769
1768
1766
1764
1764
1763
1762
1761
1761
1759
1759
1757
1756
1754
1744
1744
1743
1741
1739
1738
1738
1737
1735
1732
1730
1729
1729
1728
1727
1727
1726
1726
1726
1725
1725
1724
1723
1721
1719
1719
1719
1718
1717
1717
1717
1713
1710
1710
1709
1709
1707
1706
1704
1703
1700
1700
1699
1697
1697
1697
1696
1696
1695
1695
1694
1694
1694
1693
1693
1693
1684
1683
1683
1683
1683
1680
1680
1678
1678
1677
1677
1676
1675
1674
1673
1673
1673
1670
1670
1669
1668
1666
1666
1663
1662
1662
1661
1661
1660
1660
1659
1658
1657
1655
1653
1653
1652
1652
1651
1651
1651
1650
1648
1647
1645
1644
1644
1643
1643
1642
1640
1639
1639
1637
1634
1633
1631
1630
1629
1628
1628
1627
1627
1627
1626
1625
1625
1624
1624
1624
1623
1622
1622
1615
1615
1614
1614
1614
1611
1611
1611
1611
1605
1603
1603
1603
1603
1602
1601
1601
1600
1600
1599
1599
1599
1599
1597
1595
1595
1593
1592
1592
1591
1591
1588
1587
1584
1583
1583
1583
1582
1581
1580
1580
1580
1579
1579
1578
1578
1578
1577
1576
1575
1574
1574
1574
1572
1571
1571
1571
1570
1567
1567
1567
1566
1564
1563
1563
1563
1561
1561
1559
1559
1558
1557
1557
1556
1556
1555
1554
1554
1553
1553
1552
1552
1552
1550
1550
1550
1547
1547
1545
1542
1539
1538
1538
1538
1535
1534
1534
1533
1532
1531
1531
1530
1528
1528
1528
1527
1524
1523
1520
1520
1519
1518
1518
1517
1513
1513
1512
1512
1509
1506
1505
1503
1502
1501
1501
1499
1499
1499
1496
1496
1495
1495
1494
1494
1493
1493
1493
1490
1489
1488
1487
1484
1483
1481
1481
1479
1477
1474
1474
1473
1469
1469
1466
1463
1463
1463
1462
1460
1459
1458
1457
1457
1456
1456
1456
1456
1455
1455
1455
1454
1453
1452
1452
1451
1450
1450
1450
1450
1449
1449
1449
1448
1448
1443
1443
1443
1442
1441
1441
1439
1437
1436
1436
1434
1433
1432
1431
1429
1429
1427
1427
1426
1424
1423
1422
1421
1421
1420
1419
1417
1417
1416
1416
1416
1415
1415
1414
1412
1412
1411
1410
1409
1409
1409
1409
1406
1403
1402
1401
1401
1400
1400
1399
1399
1397
1396
1395
1394
1392
1392
1391
1391
1390
1389
1388
1387
1386
1386
1385
1385
1384
1383
1383
1382
1382
1382
1381
1381
1380
1379
1378
1376
1375
1373
1368
1367
1367
1366
1365
1365
1364
1364
1360
1358
1358
1357
1356
1355
1355
1354
1352
1352
1351
1349
1349
1349
1345
1344
1343
1343
1342
1340
1340
1339
1339
1339
1337
1336
1335
1334
1334
1334
1333
1333
1332
1332
1332
1329
1329
1329
1329
1327
1326
1326
1323
1321
1320
1319
1319
1318
1316
1315
1311
1311
1308
1308
1307
1307
1307
1307
1307
1305
1304
1304
1303
1300
1300
1300
1298
1298
1298
1296
1296
1296
1295
1294
1293
1293
1292
1292
1292
1285
1284
1282
1281
1280
1279
1279
1279
1278
1278
1277
1276
1276
1275
1275
1275
1270
1270
1269
1268
1268
1267
1266
1264
1264
1263
1261
1261
1256
1256
1256
1255
1255
1253
1248
1246
1246
1244
1243
1242
1242
1241
1237
1236
1236
1234
1233
1231
1229
1229
1226
1225
1225
1225
1224
1224
1223
1222
1222
1222
1221
1220
1220
1219
1218
1218
1215
1214
1214
1213
1213
1212
1212
1211
1211
1209
1209
1208
1208
1207
1206
1204
1204
1203
1202
1202
1200
1200
1198
1198
1197
1196
1196
1193
1193
1193
1193
1193
1192
1191
1191
1187
1187
1186
1186
1184
1184
1183
1183
1183
1182
1182
1181
1179
1179
1179
1178
1177
1177
1176
1175
1174
1172
1172
1170
1170
1168
1168
1166
1161
1161
1159
1159
1158
1157
1156
1156
1156
1154
1153
1151
1150
1150
1148
1147
1146
1145
1143
1143
1142
1141
1141
1139
1139
1139
1138
1137
1136
1132
1129
1127
1127
1124
1123
1122
1122
1122
1122
1122
1121
1121
1118
1115
1115
1115
1112
1111
1110
1110
1108
1105
1105
1101
1101
1100
1099
1096
1096
1095
1092
1090
1089
1089
1088
1087
1086
1086
1086
1085
1084
1084
1084
1084
1083
1082
1080
1080
1077
1077
1077
1077
1077
1076
1075
1075
1072
1070
1068
1067
1067
1066
1066
1065
1064
1062
1061
1060
1060
1057
1057
1057
1053
1051
1051
1050
1048
1046
1045
1044
1041
1041
1038
1038
1037
1036
1031
1031
1030
1028
1028
1028
1026
1025
1024
1023
1023
1020
1020
1019
1015
1014
1012
1012
1011
1010
1008
1005
1004
1002
1001
1001
999
998
998
998
996
993
992
991
990
989
989
988
987
986
986
985
985
984
984
984
983
982
976
975
975
975
974
974
974
973
969
967
967
966
965
964
964
962
962
961
961
960
960
959
959
958
958
955
954
953
953
952
952
952
951
948
948
946
945
943
942
942
940
939
937
937
936
934
933
930
930
929
927
927
926
925
925
924
923
923
922
918
917
914
914
911
910
908
908
908
907
905
904
904
904
903
900
899
897
895
894
893
893
893
892
890
889
887
886
886
884
883
881
877
876
876
875
875
873
873
872
872
872
872
872
871
871
871
870
869
869
869
868
867
864
862
860
859
858
856
856
854
853
853
852
852
851
847
847
846
843
842
841
840
840
838
838
838
838
838
838
837
837
836
834
833
833
832
831
831
830
829
828
827
827
826
824
821
821
820
819
819
816
816
814
813
812
812
811
810
810
810
810
810
809
808
807
803
803
800
799
799
798
797
797
797
797
797
796
796
791
791
789
788
787
787
786
786
784
784
783
783
783
782
780
780
779
779
779
778
776
776
775
775
775
772
772
770
769
769
768
768
767
767
766
765
764
764
763
762
762
762
761
761
761
761
758
758
756
756
756
755
754
754
753
751
751
750
749
749
749
749
748
747
747
746
746
745
741
741
741
740
740
740
738
737
737
736
735
734
732
730
730
729
728
728
725
724
724
724
722
719
718
715
714
712
712
709
708
706
703
702
702
702
701
701
701
701
700
700
699
699
697
697
695
693
692
692
690
690
690
689
689
685
685
685
685
683
683
681
681
681
680
677
676
675
675
675
674
672
672
672
670
669
669
669
667
665
665
661
660
660
659
658
657
656
655
655
654
653
653
653
651
650
649
645
642
642
639
638
637
636
634
633
631
630
629
629
626
626
625
623
619
619
618
618
617
616
615
614
614
614
613
613
613
612
608
607
607
606
605
604
604
603
603
603
598
597
596
596
595
593
590
588
588
588
588
587
585
584
584
583
582
581
581
577
577
577
576
573
572
571
571
571
571
570
569
568
568
567
567
567
566
564
564
563
563
561
560
559
559
558
555
555
554
554
553
553
553
551
551
550
549
545
545
545
544
544
542
541
541
540
539
538
536
533
533
532
531
528
527
526
524
523
522
521
519
518
518
516
515
515
513
513
510
510
509
509
508
507
507
507
507
505
505
504
501
498
498
496
496
496
495
494
494
493
490
490
488
487
487
487
487
485
485
485
485
483
481
481
481
481
480
477
477
477
477
476
476
476
475
473
472
471
469
469
468
464
463
461
457
452
449
449
449
448
448
443
440
439
439
438
438
438
436
435
435
434
433
429
425
422
422
422
422
422
421
421
421
421
420
419
417
417
416
414
413
412
412
411
410
410
406
405
405
403
400
399
397
397
395
395
394
394
393
392
391
391
390
390
390
390
389
389
388
388
387
386
386
385
385
383
383
382
382
381
381
379
379
375
375
374
369
369
368
368
368
367
365
365
364
364
364
362
360
360
360
359
359
359
359
359
358
358
358
357
356
356
356
355
352
351
349
348
347
346
342
341
341
341
341
340
339
339
337
331
330
328
328
327
326
325
324
324
324
320
320
320
319
319
317
316
314
312
312
312
312
310
310
309
308
307
307
303
303
302
301
301
300
298
297
297
297
294
293
291
289
287
286
284
283
282
282
282
282
281
281
279
278
276
275
274
272
269
269
269
265
265
261
260
259
258
257
256
255
255
255
253
253
253
252
251
251
250
250
249
247
247
243
240
239
239
239
239
237
237
235
234
234
233
232
231
231
230
230
230
229
229
228
227
226
226
226
223
223
221
221
220
220
219
218
217
216
215
215
215
213
212
211
210
210
209
209
209
208
207
207
203
203
203
203
201
201
199
198
196
196
194
194
193
192
191
190
190
189
189
185
183
182
182
180
179
179
178
177
175
175
174
174
173
173
172
172
171
169
167
166
165
164
162
162
161
161
160
160
160
159
159
159
158
156
153
150
149
148
146
144
144
142
141
137
137
132
132
130
130
129
124
124
123
122
121
121
121
120
120
119
119
118
117
116
115
114
113
112
112
111
110
110
108
108
105
105
102
100
100
99
99
98
96
96
96
95
95
95
94
94
94
93
92
92
92
91
91
89
88
87
87
87
84
84
84
83
81
78
77
74
73
73
72
72
70
69
68
68
67
63
63
63
62
62
59
58
57
57
56
55
52
50
49
46
45
45
44
42
41
41
41
41
39
39
38
37
36
36
35
34
29
29
29
28
27
24
20
20
19
18
18
18
18
18
18
15
14
12
11
11
10
9
9
7
7
5
4
4
4
1
1
1
